txn_id,timestamp,from_account,to_account,amount,channel,label
T000001,2026-09-01T07:02:19,AC19229206,AC22374072,1159.82,IMPS,normal
T000002,2026-09-01T07:03:26,AC28377915,AC50638453,1382.64,UPI,normal
T000003,2026-09-01T07:09:24,AC42301241,AC99635023,2559.98,UPI,normal
T000004,2026-09-01T07:11:50,AC80881649,AC40026139,837.15,UPI,normal
T000005,2026-09-01T07:16:51,AC57030900,AC54492893,499.00,UPI,normal
T000006,2026-09-01T07:27:46,AC15262308,AC52751778,280.17,NEFT,normal
T000007,2026-09-01T07:35:08,AC82687908,AC40026139,467.95,UPI,normal
T000008,2026-09-01T07:36:06,AC35583179,AC84363365,3263.08,UPI,normal
T000009,2026-09-01T07:37:43,AC84903659,AC72458740,2334.00,UPI,normal
T000010,2026-09-01T07:41:10,AC66255890,AC99635023,398.78,UPI,normal
T000011,2026-09-01T07:41:45,AC39962626,AC55362865,622.38,IMPS,normal
T000012,2026-09-01T07:43:30,AC26843185,AC99635023,354.47,IMPS,normal
T000013,2026-09-01T07:46:21,AC34576324,AC84363365,1139.90,UPI,normal
T000014,2026-09-01T07:47:10,AC77264814,AC52751778,2018.07,NEFT,normal
T000015,2026-09-01T07:47:21,AC21535642,AC29190316,234.68,UPI,normal
T000016,2026-09-01T07:50:16,AC84688894,AC52751778,403.09,UPI,normal
T000017,2026-09-01T07:57:52,AC18302983,AC12614954,829.83,UPI,normal
T000018,2026-09-01T08:03:01,AC30106149,AC55515398,1502.32,UPI,normal
T000019,2026-09-01T08:05:12,AC95341298,AC22374072,491.44,UPI,normal
T000020,2026-09-01T08:05:18,AC38019720,AC57864027,3285.95,UPI,normal
T000021,2026-09-01T08:18:51,AC66978001,AC55515398,214.92,NEFT,normal
T000022,2026-09-01T08:22:20,AC63550032,AC72778440,596.97,IMPS,normal
T000023,2026-09-01T08:25:18,AC53703122,AC40026139,4307.97,UPI,normal
T000024,2026-09-01T08:26:10,AC56171824,AC55362865,1191.48,NEFT,normal
T000025,2026-09-01T08:28:26,AC89297484,AC59148289,485.11,UPI,normal
T000026,2026-09-01T08:34:10,AC85196458,AC39472579,391.05,UPI,normal
T000027,2026-09-01T08:36:27,AC91907998,AC19736972,1233.14,IMPS,normal
T000028,2026-09-01T08:37:29,AC39589952,AC59148289,737.09,UPI,normal
T000029,2026-09-01T08:39:22,AC76140059,AC98618129,661.68,UPI,normal
T000030,2026-09-01T08:40:33,AC63873226,AC40026139,300.41,UPI,normal
T000031,2026-09-01T08:49:35,AC31321298,AC56208603,656.00,UPI,normal
T000032,2026-09-01T08:57:01,AC19039243,AC50638453,2742.71,UPI,normal
T000033,2026-09-01T08:59:17,AC74353833,AC66542771,1507.92,IMPS,normal
T000034,2026-09-01T08:59:26,AC81380338,AC55330357,1486.00,UPI,normal
T000035,2026-09-01T09:00:20,AC28405872,AC83517017,90000.00,NEFT,normal
T000036,2026-09-01T09:00:30,AC70066221,AC92374421,119800.00,NEFT,normal
T000037,2026-09-01T09:00:33,AC65920079,AC82569631,125900.00,NEFT,normal
T000038,2026-09-01T09:00:40,AC26323822,AC53752583,46500.00,NEFT,normal
T000039,2026-09-01T09:00:43,AC26323822,AC40432459,104400.00,NEFT,normal
T000040,2026-09-01T09:00:51,AC38558820,AC66542771,164.91,NEFT,normal
T000041,2026-09-01T09:01:53,AC70066221,AC66238912,92900.00,NEFT,normal
T000042,2026-09-01T09:02:11,AC37190971,AC66455770,68800.00,NEFT,normal
T000043,2026-09-01T09:02:19,AC65920079,AC82687908,138000.00,NEFT,normal
T000044,2026-09-01T09:02:31,AC65920079,AC38558820,86600.00,NEFT,normal
T000045,2026-09-01T09:03:08,AC65920079,AC97908110,123900.00,NEFT,normal
T000046,2026-09-01T09:03:55,AC28405872,AC17933677,45100.00,NEFT,normal
T000047,2026-09-01T09:04:29,AC63404922,AC26421523,879.26,IMPS,normal
T000048,2026-09-01T09:04:45,AC28405872,AC70825377,145700.00,NEFT,normal
T000049,2026-09-01T09:05:05,AC70066221,AC91220385,143700.00,NEFT,normal
T000050,2026-09-01T09:05:05,AC70066221,AC71289682,38500.00,NEFT,normal
T000051,2026-09-01T09:05:13,AC85096671,AC40970943,120900.00,NEFT,normal
T000052,2026-09-01T09:05:30,AC70066221,AC72492024,91500.00,NEFT,normal
T000053,2026-09-01T09:05:38,AC65920079,AC83061791,95400.00,NEFT,normal
T000054,2026-09-01T09:05:55,AC26323822,AC92083983,50700.00,NEFT,normal
T000055,2026-09-01T09:05:59,AC70066221,AC31783965,91900.00,NEFT,normal
T000056,2026-09-01T09:06:38,AC65920079,AC43239798,91500.00,NEFT,normal
T000057,2026-09-01T09:06:43,AC26323822,AC12510524,45100.00,NEFT,normal
T000058,2026-09-01T09:06:48,AC65920079,AC61061966,71400.00,NEFT,normal
T000059,2026-09-01T09:06:53,AC65920079,AC81232885,148700.00,NEFT,normal
T000060,2026-09-01T09:06:57,AC85096671,AC99745048,75200.00,NEFT,normal
T000061,2026-09-01T09:07:17,AC15663839,AC69340085,1373.88,UPI,normal
T000062,2026-09-01T09:07:52,AC26323822,AC23741157,43100.00,NEFT,normal
T000063,2026-09-01T09:08:42,AC70066221,AC77264814,67900.00,NEFT,normal
T000064,2026-09-01T09:08:59,AC26323822,AC43352343,76000.00,NEFT,normal
T000065,2026-09-01T09:09:42,AC70066221,AC15262308,141500.00,NEFT,normal
T000066,2026-09-01T09:09:49,AC28405872,AC69812891,27000.00,NEFT,normal
T000067,2026-09-01T09:09:51,AC70066221,AC38019720,85400.00,NEFT,normal
T000068,2026-09-01T09:10:26,AC28405872,AC43857462,127400.00,NEFT,normal
T000069,2026-09-01T09:11:05,AC37190971,AC32817504,144000.00,NEFT,normal
T000070,2026-09-01T09:11:45,AC85096671,AC30926211,57500.00,NEFT,normal
T000071,2026-09-01T09:12:48,AC85096671,AC83744576,99000.00,NEFT,normal
T000072,2026-09-01T09:12:50,AC85096671,AC17056578,131600.00,NEFT,normal
T000073,2026-09-01T09:13:46,AC28405872,AC73632401,60100.00,NEFT,normal
T000074,2026-09-01T09:14:10,AC65920079,AC47167180,75100.00,NEFT,normal
T000075,2026-09-01T09:15:02,AC89976351,AC99855030,395.05,NEFT,normal
T000076,2026-09-01T09:15:55,AC37190971,AC61780050,63100.00,NEFT,normal
T000077,2026-09-01T09:16:05,AC65920079,AC47369042,109700.00,NEFT,normal
T000078,2026-09-01T09:16:23,AC26323822,AC57000147,138700.00,NEFT,normal
T000079,2026-09-01T09:16:25,AC70066221,AC13740078,107500.00,NEFT,normal
T000080,2026-09-01T09:16:27,AC28405872,AC23715389,144300.00,NEFT,normal
T000081,2026-09-01T09:16:40,AC39936146,AC29190316,820.85,UPI,normal
T000082,2026-09-01T09:17:27,AC85096671,AC34127884,101800.00,NEFT,normal
T000083,2026-09-01T09:17:27,AC85096671,AC97641229,40500.00,NEFT,normal
T000084,2026-09-01T09:17:49,AC65920079,AC39673100,125000.00,NEFT,normal
T000085,2026-09-01T09:18:07,AC70066221,AC83639904,28200.00,NEFT,normal
T000086,2026-09-01T09:18:17,AC28405872,AC63550032,137700.00,NEFT,normal
T000087,2026-09-01T09:19:19,AC92374421,AC40026139,986.39,NEFT,normal
T000088,2026-09-01T09:20:08,AC26323822,AC93082061,80200.00,NEFT,normal
T000089,2026-09-01T09:20:26,AC70066221,AC82903368,62700.00,NEFT,normal
T000090,2026-09-01T09:21:01,AC26323822,AC13749650,37600.00,NEFT,normal
T000091,2026-09-01T09:21:19,AC70066221,AC98915866,140800.00,NEFT,normal
T000092,2026-09-01T09:22:47,AC28405872,AC66599395,134100.00,NEFT,normal
T000093,2026-09-01T09:23:18,AC70066221,AC48646352,132700.00,NEFT,normal
T000094,2026-09-01T09:24:24,AC28405872,AC26093192,45700.00,NEFT,normal
T000095,2026-09-01T09:24:33,AC37190971,AC89774974,48800.00,NEFT,normal
T000096,2026-09-01T09:25:00,AC85096671,AC20815439,77500.00,NEFT,normal
T000097,2026-09-01T09:25:07,AC70066221,AC23618316,146500.00,NEFT,normal
T000098,2026-09-01T09:25:24,AC70066221,AC53753544,64200.00,NEFT,normal
T000099,2026-09-01T09:25:25,AC70066221,AC21527244,33800.00,NEFT,normal
T000100,2026-09-01T09:25:26,AC26323822,AC70025882,67500.00,NEFT,normal
T000101,2026-09-01T09:26:03,AC65920079,AC78144218,56600.00,NEFT,normal
T000102,2026-09-01T09:27:04,AC26323822,AC22175294,131200.00,NEFT,normal
T000103,2026-09-01T09:28:21,AC85096671,AC73667109,75200.00,NEFT,normal
T000104,2026-09-01T09:28:27,AC85096671,AC48578460,97700.00,NEFT,normal
T000105,2026-09-01T09:28:44,AC65920079,AC83849218,124900.00,NEFT,normal
T000106,2026-09-01T09:29:04,AC23715389,AC99855030,1214.25,UPI,normal
T000107,2026-09-01T09:29:29,AC26323822,AC79476293,77200.00,NEFT,normal
T000108,2026-09-01T09:29:38,AC85096671,AC98384612,74300.00,NEFT,normal
T000109,2026-09-01T09:29:44,AC70066221,AC75090595,45400.00,NEFT,normal
T000110,2026-09-01T09:30:00,AC46230636,AC43352343,3305.00,UPI,normal
T000111,2026-09-01T09:30:08,AC65920079,AC37430528,43400.00,NEFT,normal
T000112,2026-09-01T09:30:13,AC70066221,AC69072565,69900.00,NEFT,normal
T000113,2026-09-01T09:30:45,AC18288654,AC30729474,237.02,IMPS,normal
T000114,2026-09-01T09:30:50,AC65920079,AC16480894,53300.00,NEFT,normal
T000115,2026-09-01T09:31:01,AC28405872,AC30287103,35900.00,NEFT,normal
T000116,2026-09-01T09:31:29,AC28405872,AC78106871,140000.00,NEFT,normal
T000117,2026-09-01T09:32:00,AC26323822,AC26843185,114600.00,NEFT,normal
T000118,2026-09-01T09:33:05,AC65920079,AC88220482,79800.00,NEFT,normal
T000119,2026-09-01T09:34:25,AC28405872,AC52164119,25200.00,NEFT,normal
T000120,2026-09-01T09:34:45,AC85096671,AC93094361,81600.00,NEFT,normal
T000121,2026-09-01T09:35:25,AC37190971,AC13422671,118600.00,NEFT,normal
T000122,2026-09-01T09:35:30,AC26323822,AC95132904,36100.00,NEFT,normal
T000123,2026-09-01T09:35:52,AC65920079,AC86626738,34000.00,NEFT,normal
T000124,2026-09-01T09:35:57,AC63778945,AC59117315,351.03,UPI,normal
T000125,2026-09-01T09:36:03,AC70066221,AC70712824,146200.00,NEFT,normal
T000126,2026-09-01T09:36:46,AC85096671,AC35990584,144000.00,NEFT,normal
T000127,2026-09-01T09:36:58,AC85096671,AC85893910,26600.00,NEFT,normal
T000128,2026-09-01T09:37:19,AC70066221,AC77330181,26600.00,NEFT,normal
T000129,2026-09-01T09:38:21,AC37190971,AC85064182,87700.00,NEFT,normal
T000130,2026-09-01T09:38:29,AC26323822,AC15663839,35600.00,NEFT,normal
T000131,2026-09-01T09:38:32,AC26323822,AC86665755,147900.00,NEFT,normal
T000132,2026-09-01T09:39:25,AC30379134,AC79203339,874.69,IMPS,normal
T000133,2026-09-01T09:40:18,AC42130069,AC30729474,935.60,UPI,normal
T000134,2026-09-01T09:41:00,AC85096671,AC10031310,29000.00,NEFT,normal
T000135,2026-09-01T09:41:25,AC83849218,AC99635023,430.39,IMPS,normal
T000136,2026-09-01T09:41:34,AC37190971,AC21535642,148900.00,NEFT,normal
T000137,2026-09-01T09:42:10,AC28405872,AC42762079,56100.00,NEFT,normal
T000138,2026-09-01T09:42:37,AC26323822,AC76140059,84100.00,NEFT,normal
T000139,2026-09-01T09:42:55,AC26323822,AC78710461,107700.00,NEFT,normal
T000140,2026-09-01T09:42:58,AC36401454,AC40026139,2685.66,UPI,normal
T000141,2026-09-01T09:43:18,AC28405872,AC48870700,121900.00,NEFT,normal
T000142,2026-09-01T09:44:19,AC74160468,AC67917877,256.68,NEFT,normal
T000143,2026-09-01T09:44:46,AC37190971,AC66230047,61500.00,NEFT,normal
T000144,2026-09-01T09:46:48,AC70066221,AC79571586,141000.00,NEFT,normal
T000145,2026-09-01T09:47:14,AC26323822,AC30399018,92800.00,NEFT,normal
T000146,2026-09-01T09:47:32,AC26323822,AC62664205,28900.00,NEFT,normal
T000147,2026-09-01T09:47:48,AC28405872,AC29552354,83700.00,NEFT,normal
T000148,2026-09-01T09:48:56,AC37190971,AC58877189,127100.00,NEFT,normal
T000149,2026-09-01T09:49:35,AC37190971,AC32329304,125900.00,NEFT,normal
T000150,2026-09-01T09:49:38,AC70066221,AC66119495,37100.00,NEFT,normal
T000151,2026-09-01T09:50:30,AC26323822,AC96290869,133600.00,NEFT,normal
T000152,2026-09-01T09:50:54,AC65920079,AC35583179,110700.00,NEFT,normal
T000153,2026-09-01T09:50:59,AC28405872,AC77854192,41500.00,NEFT,normal
T000154,2026-09-01T09:51:35,AC37190971,AC44785794,30200.00,NEFT,normal
T000155,2026-09-01T09:51:46,AC70066221,AC73093067,126300.00,NEFT,normal
T000156,2026-09-01T09:51:55,AC26323822,AC63128543,116000.00,NEFT,normal
T000157,2026-09-01T09:52:06,AC37190971,AC21138017,135600.00,NEFT,normal
T000158,2026-09-01T09:52:42,AC70066221,AC30302435,46100.00,NEFT,normal
T000159,2026-09-01T09:53:28,AC37190971,AC59217612,78000.00,NEFT,normal
T000160,2026-09-01T09:53:32,AC70066221,AC72458740,80200.00,NEFT,normal
T000161,2026-09-01T09:54:16,AC65920079,AC55909953,26900.00,NEFT,normal
T000162,2026-09-01T09:54:20,AC85096671,AC57030900,69000.00,NEFT,normal
T000163,2026-09-01T09:54:25,AC28405872,AC99686414,135800.00,NEFT,normal
T000164,2026-09-01T09:54:46,AC65920079,AC67390467,67600.00,NEFT,normal
T000165,2026-09-01T09:55:48,AC85096671,AC17999533,125100.00,NEFT,normal
T000166,2026-09-01T09:56:08,AC26323822,AC23119148,140000.00,NEFT,normal
T000167,2026-09-01T09:59:03,AC28405872,AC19229206,90200.00,NEFT,normal
T000168,2026-09-01T09:59:12,AC37190971,AC69491792,55000.00,NEFT,normal
T000169,2026-09-01T09:59:30,AC26323822,AC27050801,43600.00,NEFT,normal
T000170,2026-09-01T09:59:33,AC85096671,AC72544046,124200.00,NEFT,normal
T000171,2026-09-01T09:59:47,AC28405872,AC80881649,100600.00,NEFT,normal
T000172,2026-09-01T09:59:47,AC70066221,AC29343122,49800.00,NEFT,normal
T000173,2026-09-01T10:00:00,AC37190971,AC24754327,38100.00,NEFT,normal
T000174,2026-09-01T10:01:01,AC85096671,AC30379134,33400.00,NEFT,normal
T000175,2026-09-01T10:01:13,AC85096671,AC21397668,148800.00,NEFT,normal
T000176,2026-09-01T10:01:18,AC70066221,AC39287351,145000.00,NEFT,normal
T000177,2026-09-01T10:01:18,AC28405872,AC10527808,95100.00,NEFT,normal
T000178,2026-09-01T10:03:07,AC28405872,AC36832537,98700.00,NEFT,normal
T000179,2026-09-01T10:04:22,AC70066221,AC86072408,112500.00,NEFT,normal
T000180,2026-09-01T10:05:02,AC28405872,AC89297484,59600.00,NEFT,normal
T000181,2026-09-01T10:05:25,AC28405872,AC93760773,121600.00,NEFT,normal
T000182,2026-09-01T10:05:37,AC55987803,AC22374072,763.85,UPI,normal
T000183,2026-09-01T10:06:31,AC26323822,AC83960310,51200.00,NEFT,normal
T000184,2026-09-01T10:06:37,AC26323822,AC95421789,86100.00,NEFT,normal
T000185,2026-09-01T10:06:37,AC26323822,AC55330357,27700.00,NEFT,normal
T000186,2026-09-01T10:07:29,AC85096671,AC44841887,93000.00,NEFT,normal
T000187,2026-09-01T10:07:33,AC37190971,AC10256129,103700.00,NEFT,normal
T000188,2026-09-01T10:07:43,AC26323822,AC74239549,85500.00,NEFT,normal
T000189,2026-09-01T10:08:12,AC85096671,AC57740731,31800.00,NEFT,normal
T000190,2026-09-01T10:08:47,AC70066221,AC91907998,30000.00,NEFT,normal
T000191,2026-09-01T10:09:54,AC37190971,AC20418044,55100.00,NEFT,normal
T000192,2026-09-01T10:10:34,AC65920079,AC10549434,39300.00,NEFT,normal
T000193,2026-09-01T10:11:46,AC28405872,AC18505221,123700.00,NEFT,normal
T000194,2026-09-01T10:12:01,AC96290869,AC29190316,629.27,UPI,normal
T000195,2026-09-01T10:12:06,AC65920079,AC74780629,58000.00,NEFT,normal
T000196,2026-09-01T10:12:09,AC70066221,AC27874421,29800.00,NEFT,normal
T000197,2026-09-01T10:12:12,AC37190971,AC81366283,59300.00,NEFT,normal
T000198,2026-09-01T10:12:29,AC70712824,AC40026139,4344.58,IMPS,normal
T000199,2026-09-01T10:12:35,AC39962626,AC22374072,300.79,UPI,normal
T000200,2026-09-01T10:12:39,AC85096671,AC39902737,137900.00,NEFT,normal
T000201,2026-09-01T10:12:44,AC26323822,AC33960779,107500.00,NEFT,normal
T000202,2026-09-01T10:12:55,AC26323822,AC94641177,67300.00,NEFT,normal
T000203,2026-09-01T10:13:00,AC37190971,AC32140838,96200.00,NEFT,normal
T000204,2026-09-01T10:13:45,AC77470852,AC12614954,812.57,UPI,normal
T000205,2026-09-01T10:13:52,AC85096671,AC95341298,46900.00,NEFT,normal
T000206,2026-09-01T10:14:18,AC37190971,AC88592782,78100.00,NEFT,normal
T000207,2026-09-01T10:14:58,AC70066221,AC42301241,139000.00,NEFT,normal
T000208,2026-09-01T10:15:10,AC65920079,AC60496650,107500.00,NEFT,normal
T000209,2026-09-01T10:15:15,AC65920079,AC59081935,45700.00,NEFT,normal
T000210,2026-09-01T10:15:27,AC70066221,AC62148384,103300.00,NEFT,normal
T000211,2026-09-01T10:15:36,AC85096671,AC43343251,114300.00,NEFT,normal
T000212,2026-09-01T10:16:04,AC37190971,AC49321318,94300.00,NEFT,normal
T000213,2026-09-01T10:16:15,AC28405872,AC87097845,99700.00,NEFT,normal
T000214,2026-09-01T10:16:27,AC70066221,AC59982352,43500.00,NEFT,normal
T000215,2026-09-01T10:16:41,AC76453392,AC69340085,4190.36,UPI,normal
T000216,2026-09-01T10:17:21,AC37190971,AC80490681,70200.00,NEFT,normal
T000217,2026-09-01T10:17:35,AC85096671,AC38325623,85100.00,NEFT,normal
T000218,2026-09-01T10:18:25,AC65920079,AC20986393,105100.00,NEFT,normal
T000219,2026-09-01T10:18:35,AC28405872,AC68202938,111400.00,NEFT,normal
T000220,2026-09-01T10:19:09,AC37190971,AC62992312,78000.00,NEFT,normal
T000221,2026-09-01T10:19:35,AC28405872,AC13028344,89000.00,NEFT,normal
T000222,2026-09-01T10:19:55,AC65920079,AC70241505,76100.00,NEFT,normal
T000223,2026-09-01T10:19:57,AC65920079,AC99141000,112900.00,NEFT,normal
T000224,2026-09-01T10:20:21,AC85096671,AC37910936,126800.00,NEFT,normal
T000225,2026-09-01T10:20:46,AC70066221,AC57722796,84000.00,NEFT,normal
T000226,2026-09-01T10:23:20,AC65920079,AC73639532,119400.00,NEFT,normal
T000227,2026-09-01T10:24:41,AC28405872,AC63241552,111500.00,NEFT,normal
T000228,2026-09-01T10:25:43,AC85096671,AC48197765,131300.00,NEFT,normal
T000229,2026-09-01T10:25:50,AC70066221,AC74160948,102400.00,NEFT,normal
T000230,2026-09-01T10:26:07,AC65920079,AC95149012,137400.00,NEFT,normal
T000231,2026-09-01T10:27:22,AC65920079,AC11619076,71200.00,NEFT,normal
T000232,2026-09-01T10:27:33,AC28405872,AC31321298,125100.00,NEFT,normal
T000233,2026-09-01T10:27:58,AC70066221,AC68240437,139400.00,NEFT,normal
T000234,2026-09-01T10:28:07,AC28405872,AC56208603,123900.00,NEFT,normal
T000235,2026-09-01T10:28:21,AC26323822,AC74758310,90100.00,NEFT,normal
T000236,2026-09-01T10:28:22,AC37190971,AC28999723,55200.00,NEFT,normal
T000237,2026-09-01T10:28:45,AC65920079,AC46230636,34300.00,NEFT,normal
T000238,2026-09-01T10:28:52,AC28405872,AC76662562,54900.00,NEFT,normal
T000239,2026-09-01T10:29:02,AC27580355,AC42297987,427.49,NEFT,normal
T000240,2026-09-01T10:29:12,AC37190971,AC47290936,132400.00,NEFT,normal
T000241,2026-09-01T10:29:38,AC28405872,AC63404922,132500.00,NEFT,normal
T000242,2026-09-01T10:31:15,AC28405872,AC58153450,92800.00,NEFT,normal
T000243,2026-09-01T10:31:39,AC28405872,AC70288912,80800.00,NEFT,normal
T000244,2026-09-01T10:32:01,AC65920079,AC25482486,92400.00,NEFT,normal
T000245,2026-09-01T10:32:16,AC70066221,AC81483341,54000.00,NEFT,normal
T000246,2026-09-01T10:32:23,AC65920079,AC70690025,61500.00,NEFT,normal
T000247,2026-09-01T10:32:50,AC85096671,AC26487605,72600.00,NEFT,normal
T000248,2026-09-01T10:33:32,AC85096671,AC91354422,104600.00,NEFT,normal
T000249,2026-09-01T10:33:52,AC70066221,AC50234045,106000.00,NEFT,normal
T000250,2026-09-01T10:34:42,AC28405872,AC18288654,34300.00,NEFT,normal
T000251,2026-09-01T10:35:14,AC65920079,AC53703122,68500.00,NEFT,normal
T000252,2026-09-01T10:35:33,AC70066221,AC98217056,118600.00,NEFT,normal
T000253,2026-09-01T10:36:15,AC26323822,AC55650450,36700.00,NEFT,normal
T000254,2026-09-01T10:37:02,AC26323822,AC63778945,69600.00,NEFT,normal
T000255,2026-09-01T10:37:22,AC26323822,AC79301246,106800.00,NEFT,normal
T000256,2026-09-01T10:37:51,AC26323822,AC71967692,102700.00,NEFT,normal
T000257,2026-09-01T10:37:59,AC65920079,AC47502921,113100.00,NEFT,normal
T000258,2026-09-01T10:38:01,AC70066221,AC36192056,149700.00,NEFT,normal
T000259,2026-09-01T10:38:14,AC28405872,AC30246633,52900.00,NEFT,normal
T000260,2026-09-01T10:38:33,AC26323822,AC34576324,45300.00,NEFT,normal
T000261,2026-09-01T10:38:40,AC26323822,AC23076910,25900.00,NEFT,normal
T000262,2026-09-01T10:38:46,AC37190971,AC20809644,59300.00,NEFT,normal
T000263,2026-09-01T10:38:51,AC70066221,AC74628898,90400.00,NEFT,normal
T000264,2026-09-01T10:38:58,AC85096671,AC22562241,35400.00,NEFT,normal
T000265,2026-09-01T10:39:09,AC65920079,AC26151306,49800.00,NEFT,normal
T000266,2026-09-01T10:39:17,AC70066221,AC63907779,137300.00,NEFT,normal
T000267,2026-09-01T10:39:37,AC65920079,AC80676511,138300.00,NEFT,normal
T000268,2026-09-01T10:40:32,AC26323822,AC87457446,96300.00,NEFT,normal
T000269,2026-09-01T10:40:53,AC70066221,AC57484087,51200.00,NEFT,normal
T000270,2026-09-01T10:40:54,AC85096671,AC97197858,138300.00,NEFT,normal
T000271,2026-09-01T10:41:30,AC85096671,AC36401454,136400.00,NEFT,normal
T000272,2026-09-01T10:42:17,AC85096671,AC54629703,87500.00,NEFT,normal
T000273,2026-09-01T10:42:37,AC28405872,AC41132723,126400.00,NEFT,normal
T000274,2026-09-01T10:42:50,AC66673996,AC59148289,658.49,UPI,normal
T000275,2026-09-01T10:43:11,AC65920079,AC27592411,100600.00,NEFT,normal
T000276,2026-09-01T10:43:52,AC28405872,AC72164355,64500.00,NEFT,normal
T000277,2026-09-01T10:44:28,AC85096671,AC88295746,58300.00,NEFT,normal
T000278,2026-09-01T10:44:32,AC70066221,AC71493326,119200.00,NEFT,normal
T000279,2026-09-01T10:44:40,AC85096671,AC88710264,145900.00,NEFT,normal
T000280,2026-09-01T10:45:16,AC65920079,AC19824854,125400.00,NEFT,normal
T000281,2026-09-01T10:45:45,AC26323822,AC29676659,104600.00,NEFT,normal
T000282,2026-09-01T10:46:03,AC37190971,AC63873226,124000.00,NEFT,normal
T000283,2026-09-01T10:46:26,AC65920079,AC78149300,77300.00,NEFT,normal
T000284,2026-09-01T10:46:39,AC37190971,AC34473646,115700.00,NEFT,normal
T000285,2026-09-01T10:46:50,AC50008920,AC52751778,6841.52,IMPS,normal
T000286,2026-09-01T10:47:37,AC28405872,AC13099855,28000.00,NEFT,normal
T000287,2026-09-01T10:47:43,AC37190971,AC81380338,109400.00,NEFT,normal
T000288,2026-09-01T10:48:00,AC26323822,AC13889649,54100.00,NEFT,normal
T000289,2026-09-01T10:48:15,AC28405872,AC39936146,133600.00,NEFT,normal
T000290,2026-09-01T10:48:37,AC77470852,AC59117315,177.55,UPI,normal
T000291,2026-09-01T10:48:52,AC26323822,AC78203564,63900.00,NEFT,normal
T000292,2026-09-01T10:49:04,AC26323822,AC75507385,131000.00,NEFT,normal
T000293,2026-09-01T10:49:05,AC37190971,AC51856109,135800.00,NEFT,normal
T000294,2026-09-01T10:49:11,AC37190971,AC35215622,36200.00,NEFT,normal
T000295,2026-09-01T10:49:28,AC28405872,AC90836544,142800.00,NEFT,normal
T000296,2026-09-01T10:49:29,AC85096671,AC81576359,40800.00,NEFT,normal
T000297,2026-09-01T10:50:15,AC85096671,AC23896513,128400.00,NEFT,normal
T000298,2026-09-01T10:50:39,AC70066221,AC22215229,88100.00,NEFT,normal
T000299,2026-09-01T10:50:51,AC70066221,AC81751584,66600.00,NEFT,normal
T000300,2026-09-01T10:51:30,AC37190971,AC73382988,83200.00,NEFT,normal
T000301,2026-09-01T10:52:04,AC85096671,AC19437596,125300.00,NEFT,normal
T000302,2026-09-01T10:52:06,AC70066221,AC86910239,54400.00,NEFT,normal
T000303,2026-09-01T10:52:08,AC85096671,AC55987803,137500.00,NEFT,normal
T000304,2026-09-01T10:52:33,AC85096671,AC69139937,64800.00,NEFT,normal
T000305,2026-09-01T10:52:58,AC26323822,AC42284650,147700.00,NEFT,normal
T000306,2026-09-01T10:53:05,AC85096671,AC62472380,36900.00,NEFT,normal
T000307,2026-09-01T10:53:06,AC70066221,AC15032582,94700.00,NEFT,normal
T000308,2026-09-01T10:53:14,AC28405872,AC76627625,45300.00,NEFT,normal
T000309,2026-09-01T10:53:35,AC26323822,AC95753514,109700.00,NEFT,normal
T000310,2026-09-01T10:53:36,AC37190971,AC58553593,52400.00,NEFT,normal
T000311,2026-09-01T10:53:43,AC37190971,AC26616417,28500.00,NEFT,normal
T000312,2026-09-01T10:53:50,AC86626738,AC30729474,622.72,NEFT,normal
T000313,2026-09-01T10:54:04,AC28405872,AC22633920,48800.00,NEFT,normal
T000314,2026-09-01T10:54:13,AC65920079,AC76453392,106100.00,NEFT,normal
T000315,2026-09-01T10:55:00,AC85096671,AC66978001,143200.00,NEFT,normal
T000316,2026-09-01T10:55:32,AC85096671,AC34256684,82100.00,NEFT,normal
T000317,2026-09-01T10:55:39,AC70066221,AC88590039,46100.00,NEFT,normal
T000318,2026-09-01T10:55:56,AC28405872,AC84688894,119300.00,NEFT,normal
T000319,2026-09-01T10:56:20,AC28405872,AC39962626,50500.00,NEFT,normal
T000320,2026-09-01T10:57:55,AC98384612,AC59148289,551.84,UPI,normal
T000321,2026-09-01T10:58:14,AC70066221,AC68224916,51500.00,NEFT,normal
T000322,2026-09-01T10:58:36,AC26323822,AC16252221,95800.00,NEFT,normal
T000323,2026-09-01T10:58:53,AC85096671,AC45265254,129600.00,NEFT,normal
T000324,2026-09-01T10:58:54,AC85096671,AC40446731,27100.00,NEFT,normal
T000325,2026-09-01T10:59:23,AC37190971,AC74353833,147100.00,NEFT,normal
T000326,2026-09-01T10:59:29,AC85096671,AC80901507,37700.00,NEFT,normal
T000327,2026-09-01T10:59:35,AC68202938,AC75399034,126.22,UPI,normal
T000328,2026-09-01T10:59:35,AC70066221,AC36752197,122900.00,NEFT,normal
T000329,2026-09-01T10:59:53,AC37190971,AC71230843,38800.00,NEFT,normal
T000330,2026-09-01T11:00:03,AC37190971,AC43234300,123800.00,NEFT,normal
T000331,2026-09-01T11:00:13,AC70066221,AC58940600,102000.00,NEFT,normal
T000332,2026-09-01T11:00:33,AC30106149,AC29190316,4368.92,IMPS,normal
T000333,2026-09-01T11:01:03,AC28405872,AC13629581,86400.00,NEFT,normal
T000334,2026-09-01T11:02:16,AC65920079,AC74939188,70100.00,NEFT,normal
T000335,2026-09-01T11:02:23,AC85096671,AC67783637,103000.00,NEFT,normal
T000336,2026-09-01T11:02:32,AC70066221,AC87570629,132200.00,NEFT,normal
T000337,2026-09-01T11:02:33,AC26323822,AC77470852,118700.00,NEFT,normal
T000338,2026-09-01T11:02:53,AC37190971,AC29361589,119600.00,NEFT,normal
T000339,2026-09-01T11:03:28,AC26616417,AC42297987,305.88,IMPS,normal
T000340,2026-09-01T11:03:39,AC26323822,AC85394042,40900.00,NEFT,normal
T000341,2026-09-01T11:04:10,AC70066221,AC19722233,145200.00,NEFT,normal
T000342,2026-09-01T11:04:58,AC26323822,AC89976351,121100.00,NEFT,normal
T000343,2026-09-01T11:05:21,AC26323822,AC13757254,90100.00,NEFT,normal
T000344,2026-09-01T11:05:22,AC37190971,AC45046288,88800.00,NEFT,normal
T000345,2026-09-01T11:05:41,AC85096671,AC88061052,51100.00,NEFT,normal
T000346,2026-09-01T11:05:46,AC70066221,AC17626596,112700.00,NEFT,normal
T000347,2026-09-01T11:06:22,AC26323822,AC92212100,45200.00,NEFT,normal
T000348,2026-09-01T11:06:33,AC65920079,AC56911734,106400.00,NEFT,normal
T000349,2026-09-01T11:06:40,AC85096671,AC23831903,28000.00,NEFT,normal
T000350,2026-09-01T11:07:07,AC70066221,AC32555071,146900.00,NEFT,normal
T000351,2026-09-01T11:08:14,AC26323822,AC92306098,42800.00,NEFT,normal
T000352,2026-09-01T11:08:31,AC28405872,AC82023741,113500.00,NEFT,normal
T000353,2026-09-01T11:08:49,AC26323822,AC17912728,42200.00,NEFT,normal
T000354,2026-09-01T11:09:35,AC37190971,AC80263864,89300.00,NEFT,normal
T000355,2026-09-01T11:10:10,AC28405872,AC27359750,77900.00,NEFT,normal
T000356,2026-09-01T11:10:52,AC28405872,AC27550747,37700.00,NEFT,normal
T000357,2026-09-01T11:11:29,AC26323822,AC54246886,59100.00,NEFT,normal
T000358,2026-09-01T11:12:41,AC70066221,AC66126116,121600.00,NEFT,normal
T000359,2026-09-01T11:14:17,AC65920079,AC55641228,41600.00,NEFT,normal
T000360,2026-09-01T11:15:55,AC70066221,AC56574257,143500.00,NEFT,normal
T000361,2026-09-01T11:16:02,AC37190971,AC25809806,38200.00,NEFT,normal
T000362,2026-09-01T11:16:05,AC35676674,AC42297987,368.39,NEFT,normal
T000363,2026-09-01T11:16:35,AC28405872,AC18302983,82100.00,NEFT,normal
T000364,2026-09-01T11:17:00,AC65920079,AC51554798,121600.00,NEFT,normal
T000365,2026-09-01T11:17:37,AC65920079,AC17784483,50100.00,NEFT,normal
T000366,2026-09-01T11:17:52,AC28405872,AC12871813,105700.00,NEFT,normal
T000367,2026-09-01T11:17:55,AC28405872,AC13697544,138400.00,NEFT,normal
T000368,2026-09-01T11:19:21,AC37190971,AC74477539,83800.00,NEFT,normal
T000369,2026-09-01T11:20:01,AC28405872,AC81924865,97000.00,NEFT,normal
T000370,2026-09-01T11:20:08,AC36763445,AC39472579,1664.08,NEFT,normal
T000371,2026-09-01T11:20:19,AC37190971,AC92418944,64200.00,NEFT,normal
T000372,2026-09-01T11:20:23,AC65920079,AC19375836,70500.00,NEFT,normal
T000373,2026-09-01T11:20:27,AC65920079,AC29619183,51800.00,NEFT,normal
T000374,2026-09-01T11:20:36,AC91847639,AC30729474,440.56,UPI,normal
T000375,2026-09-01T11:21:08,AC65920079,AC24241764,46000.00,NEFT,normal
T000376,2026-09-01T11:21:33,AC70066221,AC52110478,39500.00,NEFT,normal
T000377,2026-09-01T11:22:21,AC26323822,AC85748230,114600.00,NEFT,normal
T000378,2026-09-01T11:22:28,AC26323822,AC84903659,31300.00,NEFT,normal
T000379,2026-09-01T11:22:43,AC15032582,AC55362865,382.87,UPI,normal
T000380,2026-09-01T11:23:20,AC85096671,AC45535068,96700.00,NEFT,normal
T000381,2026-09-01T11:23:22,AC70066221,AC21643368,76800.00,NEFT,normal
T000382,2026-09-01T11:23:37,AC80263864,AC62148384,3359.00,UPI,normal
T000383,2026-09-01T11:24:12,AC34127884,AC30729474,485.81,UPI,normal
T000384,2026-09-01T11:25:10,AC70066221,AC63428001,51400.00,NEFT,normal
T000385,2026-09-01T11:25:24,AC26323822,AC42130069,149600.00,NEFT,normal
T000386,2026-09-01T11:26:02,AC39287351,AC99635023,334.10,IMPS,normal
T000387,2026-09-01T11:26:46,AC26323822,AC17246803,95600.00,NEFT,normal
T000388,2026-09-01T11:27:18,AC65920079,AC18142912,110900.00,NEFT,normal
T000389,2026-09-01T11:27:35,AC65920079,AC89070818,49800.00,NEFT,normal
T000390,2026-09-01T11:27:36,AC37190971,AC98027796,106100.00,NEFT,normal
T000391,2026-09-01T11:27:51,AC85096671,AC91678821,45000.00,NEFT,normal
T000392,2026-09-01T11:27:55,AC37190971,AC90628248,83200.00,NEFT,normal
T000393,2026-09-01T11:28:22,AC70066221,AC74160468,79900.00,NEFT,normal
T000394,2026-09-01T11:28:44,AC37190971,AC96319863,101200.00,NEFT,normal
T000395,2026-09-01T11:29:00,AC70066221,AC31667923,51000.00,NEFT,normal
T000396,2026-09-01T11:29:06,AC37190971,AC25716331,121300.00,NEFT,normal
T000397,2026-09-01T11:30:13,AC85096671,AC33131984,140700.00,NEFT,normal
T000398,2026-09-01T11:30:32,AC28405872,AC87832216,88700.00,NEFT,normal
T000399,2026-09-01T11:30:44,AC85096671,AC63746500,43900.00,NEFT,normal
T000400,2026-09-01T11:30:55,AC37190971,AC94212661,25900.00,NEFT,normal
T000401,2026-09-01T11:31:14,AC85096671,AC66255890,57900.00,NEFT,normal
T000402,2026-09-01T11:31:32,AC63404922,AC99635023,2006.80,UPI,normal
T000403,2026-09-01T11:31:56,AC85096671,AC56100526,47200.00,NEFT,normal
T000404,2026-09-01T11:32:33,AC65920079,AC78524460,144200.00,NEFT,normal
T000405,2026-09-01T11:32:38,AC70066221,AC78741149,39400.00,NEFT,normal
T000406,2026-09-01T11:33:54,AC85096671,AC50298754,33000.00,NEFT,normal
T000407,2026-09-01T11:34:10,AC70066221,AC44811353,40500.00,NEFT,normal
T000408,2026-09-01T11:34:16,AC85096671,AC18354761,49700.00,NEFT,normal
T000409,2026-09-01T11:34:28,AC65920079,AC18724149,88700.00,NEFT,normal
T000410,2026-09-01T11:34:44,AC65920079,AC80224010,122600.00,NEFT,normal
T000411,2026-09-01T11:35:11,AC28405872,AC98662305,56700.00,NEFT,normal
T000412,2026-09-01T11:35:17,AC85096671,AC21378775,147400.00,NEFT,normal
T000413,2026-09-01T11:35:58,AC25809806,AC42297987,680.49,IMPS,normal
T000414,2026-09-01T11:37:11,AC65920079,AC27580355,67900.00,NEFT,normal
T000415,2026-09-01T11:37:58,AC37190971,AC59560375,58200.00,NEFT,normal
T000416,2026-09-01T11:38:53,AC67783637,AC67490644,732.06,IMPS,normal
T000417,2026-09-01T11:39:16,AC70066221,AC23793831,56300.00,NEFT,normal
T000418,2026-09-01T11:39:26,AC70066221,AC84550146,60600.00,NEFT,normal
T000419,2026-09-01T11:39:37,AC28405872,AC30106149,115900.00,NEFT,normal
T000420,2026-09-01T11:40:01,AC60496650,AC29190316,341.38,NEFT,normal
T000421,2026-09-01T11:40:24,AC28405872,AC30256261,134900.00,NEFT,normal
T000422,2026-09-01T11:40:34,AC26323822,AC19039243,38300.00,NEFT,normal
T000423,2026-09-01T11:40:41,AC28405872,AC57709585,50200.00,NEFT,normal
T000424,2026-09-01T11:40:58,AC85096671,AC47203213,149500.00,NEFT,normal
T000425,2026-09-01T11:41:11,AC65920079,AC79188088,125200.00,NEFT,normal
T000426,2026-09-01T11:41:12,AC70066221,AC16655764,138600.00,NEFT,normal
T000427,2026-09-01T11:41:37,AC26323822,AC65740154,123200.00,NEFT,normal
T000428,2026-09-01T11:41:53,AC37190971,AC58530762,106200.00,NEFT,normal
T000429,2026-09-01T11:41:54,AC85096671,AC32420002,54200.00,NEFT,normal
T000430,2026-09-01T11:41:58,AC26323822,AC43800696,136200.00,NEFT,normal
T000431,2026-09-01T11:41:59,AC26323822,AC37543491,90500.00,NEFT,normal
T000432,2026-09-01T11:42:53,AC65920079,AC11911654,129800.00,NEFT,normal
T000433,2026-09-01T11:43:27,AC28405872,AC30306925,68100.00,NEFT,normal
T000434,2026-09-01T11:43:33,AC58153450,AC40026139,501.22,UPI,normal
T000435,2026-09-01T11:43:42,AC70066221,AC91733095,28800.00,NEFT,normal
T000436,2026-09-01T11:44:25,AC97366946,AC72778440,268.03,IMPS,normal
T000437,2026-09-01T11:46:21,AC26323822,AC23711300,73400.00,NEFT,normal
T000438,2026-09-01T11:47:07,AC26323822,AC33651543,83700.00,NEFT,normal
T000439,2026-09-01T11:48:01,AC28405872,AC86013032,42600.00,NEFT,normal
T000440,2026-09-01T11:48:28,AC70066221,AC73551145,78700.00,NEFT,normal
T000441,2026-09-01T11:48:37,AC65920079,AC37643310,130800.00,NEFT,normal
T000442,2026-09-01T11:48:50,AC70066221,AC18174466,113700.00,NEFT,normal
T000443,2026-09-01T11:49:03,AC26323822,AC62897893,41400.00,NEFT,normal
T000444,2026-09-01T11:49:04,AC85096671,AC25846520,130700.00,NEFT,normal
T000445,2026-09-01T11:49:17,AC85096671,AC52763335,118900.00,NEFT,normal
T000446,2026-09-01T11:49:17,AC28405872,AC29938108,96900.00,NEFT,normal
T000447,2026-09-01T11:49:50,AC65920079,AC96856164,43100.00,NEFT,normal
T000448,2026-09-01T11:49:54,AC65920079,AC92891895,48900.00,NEFT,normal
T000449,2026-09-01T11:50:49,AC70066221,AC88248519,37300.00,NEFT,normal
T000450,2026-09-01T11:51:22,AC26323822,AC75627516,71300.00,NEFT,normal
T000451,2026-09-01T11:52:00,AC28405872,AC76640001,33800.00,NEFT,normal
T000452,2026-09-01T11:52:18,AC37190971,AC85196458,113200.00,NEFT,normal
T000453,2026-09-01T11:52:19,AC70066221,AC56171824,39000.00,NEFT,normal
T000454,2026-09-01T11:52:24,AC70066221,AC41317839,104300.00,NEFT,normal
T000455,2026-09-01T11:52:53,AC26323822,AC56625835,102200.00,NEFT,normal
T000456,2026-09-01T11:53:01,AC28405872,AC35676674,56000.00,NEFT,normal
T000457,2026-09-01T11:53:07,AC85096671,AC39589952,104900.00,NEFT,normal
T000458,2026-09-01T11:53:09,AC65920079,AC18427393,139600.00,NEFT,normal
T000459,2026-09-01T11:53:18,AC28405872,AC91847639,41500.00,NEFT,normal
T000460,2026-09-01T11:54:19,AC26323822,AC47840101,53700.00,NEFT,normal
T000461,2026-09-01T11:54:44,AC70066221,AC76262352,100800.00,NEFT,normal
T000462,2026-09-01T11:55:04,AC37190971,AC85201674,107700.00,NEFT,normal
T000463,2026-09-01T11:55:06,AC85096671,AC84714297,55300.00,NEFT,normal
T000464,2026-09-01T11:55:07,AC85096671,AC36763445,25500.00,NEFT,normal
T000465,2026-09-01T11:55:18,AC85096671,AC58802897,84100.00,NEFT,normal
T000466,2026-09-01T11:55:28,AC85096671,AC79578048,43000.00,NEFT,normal
T000467,2026-09-01T11:56:00,AC37190971,AC38816302,32800.00,NEFT,normal
T000468,2026-09-01T11:56:05,AC28405872,AC97366946,98100.00,NEFT,normal
T000469,2026-09-01T11:56:22,AC70066221,AC91996233,47200.00,NEFT,normal
T000470,2026-09-01T11:56:41,AC36146343,AC30729474,757.67,UPI,normal
T000471,2026-09-01T11:56:43,AC65920079,AC28689916,103900.00,NEFT,normal
T000472,2026-09-01T11:57:14,AC28405872,AC28377915,144500.00,NEFT,normal
T000473,2026-09-01T11:57:23,AC65920079,AC83589642,100100.00,NEFT,normal
T000474,2026-09-01T11:57:39,AC28405872,AC53464097,52200.00,NEFT,normal
T000475,2026-09-01T11:58:15,AC85096671,AC51403729,87800.00,NEFT,normal
T000476,2026-09-01T11:58:37,AC85096671,AC36146343,110200.00,NEFT,normal
T000477,2026-09-01T11:59:12,AC28405872,AC50008920,47900.00,NEFT,normal
T000478,2026-09-01T11:59:48,AC70066221,AC79358465,136900.00,NEFT,normal
T000479,2026-09-01T12:06:02,AC30379134,AC96363470,701.92,NEFT,normal
T000480,2026-09-01T12:08:44,AC22562241,AC40026139,298.35,UPI,normal
T000481,2026-09-01T12:12:29,AC13757254,AC59148289,1157.89,UPI,normal
T000482,2026-09-01T12:19:27,AC25482486,AC54492893,499.00,UPI,normal
T000483,2026-09-01T12:22:06,AC40446731,AC91354422,1438.00,IMPS,normal
T000484,2026-09-01T12:24:02,AC70690025,AC54492893,499.00,UPI,normal
T000485,2026-09-01T12:25:39,AC27550747,AC63453132,275.93,IMPS,normal
T000486,2026-09-01T12:27:31,AC66599395,AC66542771,1564.60,IMPS,normal
T000487,2026-09-01T12:38:21,AC15663839,AC99635023,343.33,UPI,normal
T000488,2026-09-01T12:41:23,AC74353833,AC36272404,1056.88,UPI,normal
T000489,2026-09-01T12:42:56,AC16655764,AC39472579,867.65,NEFT,normal
T000490,2026-09-01T12:45:17,AC74628898,AC99635023,1159.28,NEFT,normal
T000491,2026-09-01T12:46:54,AC72458740,AC43971558,299.40,UPI,normal
T000492,2026-09-01T12:46:59,AC13028344,AC84363365,1756.92,IMPS,normal
T000493,2026-09-01T12:50:04,AC78203564,AC29190316,194.87,IMPS,normal
T000494,2026-09-01T12:50:19,AC79476293,AC36272404,1523.04,UPI,normal
T000495,2026-09-01T12:54:36,AC83960310,AC59148289,1321.02,NEFT,normal
T000496,2026-09-01T12:55:38,AC92891895,AC63453132,321.59,NEFT,normal
T000497,2026-09-01T12:58:34,AC58940600,AC40026139,685.95,UPI,normal
T000498,2026-09-01T13:02:03,AC32817504,AC28422000,295.38,IMPS,normal
T000499,2026-09-01T13:03:37,AC73639532,AC29190316,582.34,UPI,normal
T000500,2026-09-01T13:03:45,AC24241764,AC99635023,867.67,UPI,normal
T000501,2026-09-01T13:04:45,AC43614663,AC69340085,461.48,UPI,normal
T000502,2026-09-01T13:09:37,AC55330357,AC36401454,944.00,NEFT,normal
T000503,2026-09-01T13:13:45,AC10527808,AC40026139,1542.32,UPI,normal
T000504,2026-09-01T13:22:29,AC63128543,AC72778440,2745.15,UPI,normal
T000505,2026-09-01T13:23:22,AC78149300,AC38546741,409.77,UPI,normal
T000506,2026-09-01T13:26:00,AC49321318,AC40026139,1037.39,IMPS,normal
T000507,2026-09-01T13:27:35,AC20418044,AC99855030,705.23,IMPS,normal
T000508,2026-09-01T13:28:10,AC75090595,AC99635023,421.98,UPI,normal
T000509,2026-09-01T13:38:02,AC39287351,AC99855030,608.45,UPI,normal
T000510,2026-09-01T13:43:20,AC43857462,AC57864027,665.91,IMPS,normal
T000511,2026-09-01T13:49:07,AC66255890,AC23896513,1923.00,NEFT,normal
T000512,2026-09-01T13:51:26,AC84714297,AC67490644,550.27,NEFT,normal
T000513,2026-09-01T13:57:07,AC79578048,AC99635023,498.22,UPI,normal
T000514,2026-09-01T13:57:23,AC75507385,AC40026139,214.61,UPI,normal
T000515,2026-09-01T14:07:02,AC18354761,AC19736972,2246.66,NEFT,normal
T000516,2026-09-01T14:07:34,AC57709585,AC42297987,656.43,UPI,normal
T000517,2026-09-01T14:16:21,AC70002780,AC28422000,600.90,NEFT,normal
T000518,2026-09-01T14:17:27,AC19824854,AC31849997,258.16,UPI,normal
T000519,2026-09-01T14:23:55,AC58553593,AC98618129,1332.11,UPI,normal
T000520,2026-09-01T14:23:55,AC55330357,AC55515398,3677.94,UPI,normal
T000521,2026-09-01T14:24:56,AC33131984,AC66599395,2100.00,UPI,normal
T000522,2026-09-01T14:28:16,AC77854192,AC72778440,534.03,NEFT,normal
T000523,2026-09-01T14:31:37,AC98027796,AC54492893,499.00,UPI,normal
T000524,2026-09-01T14:37:34,AC18174466,AC19814103,3988.40,UPI,normal
T000525,2026-09-01T14:56:07,AC87097845,AC30729474,406.57,UPI,normal
T000526,2026-09-01T14:56:30,AC43239798,AC26421523,143.62,UPI,normal
T000527,2026-09-01T15:03:37,AC16480894,AC29190316,1102.87,UPI,normal
T000528,2026-09-01T15:03:44,AC97908110,AC30729474,133.01,UPI,normal
T000529,2026-09-01T15:05:11,AC57030900,AC84363365,1493.64,UPI,normal
T000530,2026-09-01T15:08:31,AC24063279,AC55515398,1011.25,NEFT,normal
T000531,2026-09-01T15:16:21,AC32817504,AC99635023,355.97,UPI,normal
T000532,2026-09-01T15:19:44,AC82687908,AC29190316,165.44,UPI,normal
T000533,2026-09-01T15:26:44,AC40970943,AC29190316,1531.80,UPI,normal
T000534,2026-09-01T15:27:19,AC71967692,AC40026139,1611.29,UPI,normal
T000535,2026-09-01T15:28:15,AC74239549,AC66542771,1173.66,NEFT,normal
T000536,2026-09-01T15:35:24,AC71967692,AC36272404,1062.53,UPI,normal
T000537,2026-09-01T15:36:08,AC30256261,AC19736972,202.23,UPI,normal
T000538,2026-09-01T15:40:47,AC55650450,AC29190316,238.19,UPI,normal
T000539,2026-09-01T15:41:00,AC58530762,AC84363365,482.87,NEFT,normal
T000540,2026-09-01T15:41:35,AC80490681,AC40026139,893.51,UPI,normal
T000541,2026-09-01T15:49:47,AC13422671,AC29190316,807.13,UPI,normal
T000542,2026-09-01T15:49:47,AC63428001,AC31783965,1010.00,UPI,normal
T000543,2026-09-01T15:49:50,AC63550032,AC42297987,178.22,NEFT,normal
T000544,2026-09-01T15:50:42,AC10031310,AC29190316,278.72,UPI,normal
T000545,2026-09-01T15:54:06,AC29938108,AC26421523,1753.50,NEFT,normal
T000546,2026-09-01T15:58:11,AC25716331,AC30729474,477.71,IMPS,normal
T000547,2026-09-01T15:58:36,AC79476293,AC20815439,3296.00,IMPS,normal
T000548,2026-09-01T16:00:27,AC98027796,AC99635023,871.79,IMPS,normal
T000549,2026-09-01T16:02:15,AC69491792,AC96363470,109.38,UPI,normal
T000550,2026-09-01T16:02:42,AC91847639,AC29190316,381.03,UPI,normal
T000551,2026-09-01T16:09:10,AC21138017,AC40026139,1403.19,NEFT,normal
T000552,2026-09-01T16:09:33,AC87097845,AC40026139,681.18,UPI,normal
T000553,2026-09-01T16:13:41,AC86013032,AC26421523,668.47,UPI,normal
T000554,2026-09-01T16:14:18,AC80263864,AC39472579,544.42,NEFT,normal
T000555,2026-09-01T16:15:21,AC12871813,AC39472579,85.61,UPI,normal
T000556,2026-09-01T16:16:53,AC81366283,AC98618129,421.58,NEFT,normal
T000557,2026-09-01T16:18:11,AC29361589,AC99635023,596.59,IMPS,normal
T000558,2026-09-01T16:23:44,AC51554798,AC99635023,4218.85,UPI,normal
T000559,2026-09-01T16:25:31,AC13749650,AC62662255,711.58,UPI,normal
T000560,2026-09-01T16:44:08,AC91678821,AC12614954,104.28,UPI,normal
T000561,2026-09-01T16:44:29,AC27592411,AC80901507,1132.00,IMPS,normal
T000562,2026-09-01T16:46:20,AC80881649,AC67490644,1174.88,NEFT,normal
T000563,2026-09-01T16:48:15,AC66230047,AC69340085,119.69,IMPS,normal
T000564,2026-09-01T17:00:06,AC56171824,AC52751778,5292.17,NEFT,normal
T000565,2026-09-01T17:02:50,AC79358465,AC39472579,546.94,IMPS,normal
T000566,2026-09-01T17:05:28,AC91678821,AC29190316,496.26,IMPS,normal
T000567,2026-09-01T17:06:46,AC81576359,AC12614954,96.73,NEFT,normal
T000568,2026-09-01T17:23:23,AC89976351,AC40026139,736.05,UPI,normal
T000569,2026-09-01T17:25:08,AC78149300,AC30729474,384.81,NEFT,normal
T000570,2026-09-01T17:31:21,AC52164119,AC76262352,3196.00,NEFT,normal
T000571,2026-09-01T17:33:12,AC88592782,AC99855030,296.69,UPI,normal
T000572,2026-09-01T17:34:20,AC32555071,AC40026139,2687.24,NEFT,normal
T000573,2026-09-01T17:39:20,AC27580355,AC36272404,491.91,UPI,normal
T000574,2026-09-01T17:42:31,AC93094361,AC40026139,649.16,UPI,normal
T000575,2026-09-01T17:44:26,AC28689916,AC63453132,1215.05,NEFT,normal
T000576,2026-09-01T17:55:17,AC61780050,AC12614954,1944.13,NEFT,normal
T000577,2026-09-01T17:55:24,AC74780629,AC52410090,508.54,UPI,normal
T000578,2026-09-01T17:59:06,AC54246886,AC99635023,353.25,NEFT,normal
T000579,2026-09-01T17:59:21,AC11619076,AC43971558,2685.65,IMPS,normal
T000580,2026-09-01T17:59:32,AC19824854,AC26421523,1888.25,IMPS,normal
T000581,2026-09-01T18:01:35,AC63746500,AC55515398,810.47,IMPS,normal
T000582,2026-09-01T18:01:37,AC17626596,AC42297987,224.21,UPI,normal
T000583,2026-09-01T18:03:22,AC52110478,AC29190316,186.16,UPI,normal
T000584,2026-09-01T18:04:39,AC13028344,AC30729474,1785.15,UPI,normal
T000585,2026-09-01T18:05:41,AC31321298,AC39472579,342.24,UPI,normal
T000586,2026-09-01T18:07:15,AC10031310,AC20418044,4772.00,UPI,normal
T000587,2026-09-01T18:12:10,AC36192056,AC47167180,3496.00,UPI,normal
T000588,2026-09-01T18:14:08,AC58940600,AC99635023,1558.42,UPI,normal
T000589,2026-09-01T18:14:36,AC48578460,AC84363365,2552.47,UPI,normal
T000590,2026-09-01T18:15:14,AC18174466,AC59117315,90.29,UPI,normal
T000591,2026-09-01T18:15:46,AC78710461,AC99635023,586.46,UPI,normal
T000592,2026-09-01T18:20:32,AC63873226,AC99635023,124.33,UPI,normal
T000593,2026-09-01T18:24:36,AC37910936,AC42297987,2540.32,IMPS,normal
T000594,2026-09-01T18:30:44,AC30246633,AC38546741,75.66,UPI,normal
T000595,2026-09-01T18:31:41,AC52110478,AC40026139,730.11,UPI,normal
T000596,2026-09-01T18:32:41,AC21643368,AC40026139,172.02,UPI,normal
T000597,2026-09-01T18:34:37,AC93760773,AC67490644,1556.03,NEFT,normal
T000598,2026-09-01T18:35:23,AC32817504,AC30729474,251.72,UPI,normal
T000599,2026-09-01T18:42:28,AC81924865,AC39472579,538.52,IMPS,normal
T000600,2026-09-01T18:45:47,AC17912728,AC57740731,2400.00,NEFT,normal
T000601,2026-09-01T18:51:38,AC80676511,AC38546741,201.83,UPI,normal
T000602,2026-09-01T18:59:39,AC69491792,AC30729474,1126.98,NEFT,normal
T000603,2026-09-01T18:59:48,AC13749650,AC55515398,1522.00,UPI,normal
T000604,2026-09-01T19:02:00,AC57722796,AC26421523,165.52,UPI,normal
T000605,2026-09-01T19:08:15,AC79358465,AC99635023,493.12,IMPS,normal
T000606,2026-09-01T19:14:16,AC13740078,AC26421523,736.71,NEFT,normal
T000607,2026-09-01T19:17:26,AC43239798,AC96363470,7816.88,UPI,normal
T000608,2026-09-01T19:21:54,AC76262352,AC22633303,1438.06,UPI,normal
T000609,2026-09-01T19:23:35,AC78710461,AC99635023,640.14,UPI,normal
T000610,2026-09-01T19:25:38,AC23793831,AC59148289,1888.17,NEFT,normal
T000611,2026-09-01T19:28:42,AC77470852,AC50638453,638.79,UPI,normal
T000612,2026-09-01T19:31:53,AC25482486,AC39472579,829.84,NEFT,normal
T000613,2026-09-01T19:43:03,AC30399018,AC40026139,2878.96,UPI,normal
T000614,2026-09-01T19:53:26,AC23831903,AC99635023,1085.28,UPI,normal
T000615,2026-09-01T19:56:14,AC61780050,AC79203339,178.40,IMPS,normal
T000616,2026-09-01T19:57:45,AC23711300,AC31849997,563.40,UPI,normal
T000617,2026-09-01T19:57:48,AC43343251,AC52751778,3576.22,UPI,normal
T000618,2026-09-01T20:04:10,AC13422671,AC99635023,441.83,IMPS,normal
T000619,2026-09-01T20:09:44,AC13749650,AC28422000,258.76,UPI,normal
T000620,2026-09-01T20:14:21,AC39287351,AC79578048,4766.00,UPI,normal
T000621,2026-09-01T20:15:41,AC40970943,AC52410090,228.11,NEFT,normal
T000622,2026-09-01T20:26:50,AC95753514,AC52751778,2617.21,NEFT,normal
T000623,2026-09-01T20:29:06,AC91220385,AC30729474,192.35,UPI,normal
T000624,2026-09-01T20:30:34,AC18427393,AC30729474,478.98,IMPS,normal
T000625,2026-09-01T20:30:41,AC57484087,AC40026139,1683.27,UPI,normal
T000626,2026-09-01T20:34:47,AC40446731,AC99635023,488.47,IMPS,normal
T000627,2026-09-01T20:35:47,AC57000147,AC30729474,127.39,UPI,normal
T000628,2026-09-01T20:35:47,AC79188088,AC19814103,331.53,NEFT,normal
T000629,2026-09-01T20:42:02,AC22175294,AC30729474,110.27,UPI,normal
T000630,2026-09-01T20:48:36,AC47203213,AC55515398,671.54,UPI,normal
T000631,2026-09-01T20:52:36,AC26487605,AC30729474,1093.70,IMPS,normal
T000632,2026-09-01T20:53:58,AC37543491,AC67490644,642.47,UPI,normal
T000633,2026-09-01T20:54:28,AC96290869,AC26421523,146.51,UPI,normal
T000634,2026-09-01T21:01:28,AC18288654,AC84363365,956.74,UPI,normal
T000635,2026-09-01T21:03:12,AC25846520,AC43971558,119.33,UPI,normal
T000636,2026-09-01T21:04:24,AC18724149,AC40026139,628.69,UPI,normal
T000637,2026-09-01T21:04:54,AC43343251,AC13629581,858.00,UPI,normal
T000638,2026-09-01T21:08:25,AC79301246,AC54492893,499.00,UPI,normal
T000639,2026-09-01T21:19:15,AC12437810,AC79203339,227.87,UPI,normal
T000640,2026-09-01T21:28:08,AC20815439,AC30729474,615.50,UPI,normal
T000641,2026-09-01T21:32:13,AC93094361,AC52751778,194.25,IMPS,normal
T000642,2026-09-01T21:33:03,AC20418044,AC54492893,499.00,UPI,normal
T000643,2026-09-01T21:34:32,AC29361589,AC57864027,401.69,IMPS,normal
T000644,2026-09-01T21:42:21,AC29676659,AC75399034,388.45,IMPS,normal
T000645,2026-09-01T21:44:57,AC25809806,AC59148289,486.29,NEFT,normal
T000646,2026-09-01T21:46:55,AC17784483,AC40026139,1622.15,IMPS,normal
T000647,2026-09-01T21:55:06,AC83744576,AC55515398,3445.10,UPI,normal
T000648,2026-09-01T21:55:32,AC26616417,AC29190316,298.84,UPI,normal
T000649,2026-09-01T21:59:01,AC85064182,AC63453132,390.75,UPI,normal
T000650,2026-09-01T22:02:52,AC30379134,AC30729474,1524.00,IMPS,normal
T000651,2026-09-01T22:04:06,AC52763335,AC99635023,452.56,UPI,normal
T000652,2026-09-01T22:06:22,AC21397668,AC55362865,2451.06,UPI,normal
T000653,2026-09-01T22:10:43,AC32140838,AC26421523,1132.78,UPI,normal
T000654,2026-09-01T22:21:47,AC68224916,AC96363470,164.72,NEFT,normal
T000655,2026-09-01T22:21:56,AC90836544,AC67917877,3426.96,UPI,normal
T000656,2026-09-01T22:22:02,AC59560375,AC63453132,285.16,UPI,normal
T000657,2026-09-01T22:47:25,AC22562241,AC96363470,1077.68,UPI,normal
T000658,2026-09-01T22:48:01,AC56100526,AC48578460,3635.00,NEFT,normal
T000659,2026-09-01T22:53:48,AC40432459,AC28422000,167.03,UPI,normal
T000660,2026-09-01T22:55:07,AC30306925,AC99635023,247.35,UPI,normal
T000661,2026-09-01T22:55:11,AC27050801,AC29190316,1286.75,NEFT,normal
T000662,2026-09-01T22:58:27,AC92212100,AC59148289,410.47,NEFT,normal
T000663,2026-09-02T07:01:39,AC79358465,AC22633303,76.50,UPI,normal
T000664,2026-09-02T07:06:14,AC13422671,AC61585853,1500.00,UPI,normal
T000665,2026-09-02T07:08:05,AC22215229,AC99635023,330.96,UPI,normal
T000666,2026-09-02T07:08:19,AC57484087,AC31671607,535.80,NEFT,normal
T000667,2026-09-02T07:09:07,AC61780050,AC26421523,844.25,UPI,normal
T000668,2026-09-02T07:10:47,AC28689916,AC52751778,2569.56,UPI,normal
T000669,2026-09-02T07:12:06,AC30287103,AC57864027,171.17,IMPS,normal
T000670,2026-09-02T07:14:47,AC69139937,AC29190316,149.63,UPI,normal
T000671,2026-09-02T07:18:08,AC72544046,AC40026139,230.49,IMPS,normal
T000672,2026-09-02T07:38:09,AC73382988,AC54492893,499.00,UPI,normal
T000673,2026-09-02T07:38:16,AC27580355,AC84363365,281.57,NEFT,normal
T000674,2026-09-02T07:49:55,AC45046288,AC59148289,704.22,UPI,normal
T000675,2026-09-02T08:01:48,AC83849218,AC63746500,265.00,NEFT,normal
T000676,2026-09-02T08:03:32,AC59081935,AC72778440,752.94,UPI,normal
T000677,2026-09-02T08:22:48,AC42301241,AC30729474,1414.46,UPI,normal
T000678,2026-09-02T08:24:13,AC16655764,AC42297987,273.72,UPI,normal
T000679,2026-09-02T08:28:23,AC93094361,AC59148289,643.38,IMPS,normal
T000680,2026-09-02T08:30:34,AC30379134,AC29190316,1995.99,UPI,normal
T000681,2026-09-02T08:32:27,AC18288654,AC29190316,2622.49,NEFT,normal
T000682,2026-09-02T08:34:59,AC94641177,AC31849997,1332.10,UPI,normal
T000683,2026-09-02T08:36:51,AC42301241,AC26421523,519.88,UPI,normal
T000684,2026-09-02T08:37:51,AC58940600,AC38546741,1555.13,UPI,normal
T000685,2026-09-02T08:38:19,AC26151306,AC64198427,588.33,UPI,normal
T000686,2026-09-02T08:41:56,AC26151306,AC99635023,1385.52,UPI,normal
T000687,2026-09-02T08:44:24,AC75090595,AC79203339,1273.36,NEFT,normal
T000688,2026-09-02T08:47:23,AC16480894,AC31849997,941.49,IMPS,normal
T000689,2026-09-02T08:54:37,AC84714297,AC26421523,1835.32,UPI,normal
T000690,2026-09-02T09:00:08,AC58553593,AC29190316,272.63,NEFT,normal
T000691,2026-09-02T09:00:09,AC66126116,AC39472579,906.10,NEFT,normal
T000692,2026-09-02T09:00:36,AC48870700,AC63453132,599.59,NEFT,normal
T000693,2026-09-02T09:01:50,AC88295746,AC62662255,2519.87,UPI,normal
T000694,2026-09-02T09:04:57,AC66255890,AC55515398,1529.14,NEFT,normal
T000695,2026-09-02T09:09:46,AC68224916,AC79203339,344.17,IMPS,normal
T000696,2026-09-02T09:17:21,AC62664205,AC30729474,537.09,IMPS,normal
T000697,2026-09-02T09:21:47,AC79188088,AC67917877,5322.33,UPI,normal
T000698,2026-09-02T09:27:21,AC39287351,AC67917877,1204.39,IMPS,normal
T000699,2026-09-02T09:32:59,AC18142912,AC69340085,132.64,UPI,normal
T000700,2026-09-02T09:42:47,AC34473646,AC29190316,440.68,UPI,normal
T000701,2026-09-02T09:44:37,AC74758310,AC61585853,1500.00,UPI,normal
T000702,2026-09-02T09:46:42,AC30399018,AC54492893,499.00,UPI,normal
T000703,2026-09-02T09:50:15,AC59217612,AC50008920,559.00,UPI,normal
T000704,2026-09-02T09:55:52,AC97641229,AC98618129,699.77,IMPS,normal
T000705,2026-09-02T09:56:08,AC67783637,AC50638453,1657.52,IMPS,normal
T000706,2026-09-02T09:58:39,AC18174466,AC12614954,1145.34,NEFT,normal
T000707,2026-09-02T10:01:58,AC66238912,AC84363365,1885.10,UPI,normal
T000708,2026-09-02T10:02:28,AC88295746,AC29190316,3072.15,UPI,normal
T000709,2026-09-02T10:03:27,AC19722233,AC39472579,1391.31,IMPS,normal
T000710,2026-09-02T10:09:32,AC23715389,AC75399034,341.64,UPI,normal
T000711,2026-09-02T10:10:31,AC81366283,AC96856164,2504.00,UPI,normal
T000712,2026-09-02T10:18:08,AC53464097,AC61585853,1500.00,UPI,normal
T000713,2026-09-02T10:18:52,AC17912728,AC59117315,467.11,UPI,normal
T000714,2026-09-02T10:21:24,AC35990584,AC69072565,4494.00,NEFT,normal
T000715,2026-09-02T10:26:29,AC97641229,AC36272404,698.24,UPI,normal
T000716,2026-09-02T10:30:58,AC33131984,AC99635023,148.07,IMPS,normal
T000717,2026-09-02T10:31:28,AC88061052,AC26421523,790.51,UPI,normal
T000718,2026-09-02T10:44:31,AC72492024,AC55515398,551.86,IMPS,normal
T000719,2026-09-02T10:44:59,AC80490681,AC22374072,182.31,UPI,normal
T000720,2026-09-02T10:46:15,AC47502921,AC12614954,1619.11,UPI,normal
T000721,2026-09-02T10:48:06,AC30926211,AC79203339,1207.23,NEFT,normal
T000722,2026-09-02T11:02:59,AC88710264,AC99635023,3181.02,UPI,normal
T000723,2026-09-02T11:09:39,AC80901507,AC31849997,542.16,UPI,normal
T000724,2026-09-02T11:12:33,AC86910239,AC52751778,1775.91,UPI,normal
T000725,2026-09-02T11:12:47,AC63128543,AC30729474,2076.45,IMPS,normal
T000726,2026-09-02T11:12:55,AC21535642,AC40026139,1459.92,UPI,normal
T000727,2026-09-02T11:14:42,AC13749650,AC39472579,1281.25,UPI,normal
T000728,2026-09-02T11:23:10,AC88220482,AC84363365,125.36,UPI,normal
T000729,2026-09-02T11:23:44,AC51554798,AC28422000,140.57,UPI,normal
T000730,2026-09-02T11:31:57,AC94641177,AC55362865,1123.34,IMPS,normal
T000731,2026-09-02T11:32:14,AC56574257,AC61585853,1500.00,UPI,normal
T000732,2026-09-02T11:33:58,AC39287351,AC40026139,986.51,NEFT,normal
T000733,2026-09-02T11:37:13,AC74628898,AC36146343,4588.00,UPI,normal
T000734,2026-09-02T11:37:15,AC94641177,AC54492893,499.00,UPI,normal
T000735,2026-09-02T11:38:56,AC55909953,AC29190316,626.86,UPI,normal
T000736,2026-09-02T11:39:18,AC43234300,AC61585853,1500.00,UPI,normal
T000737,2026-09-02T11:39:20,AC13697544,AC28422000,214.80,UPI,normal
T000738,2026-09-02T11:44:57,AC43239798,AC67917877,533.92,IMPS,normal
T000739,2026-09-02T11:45:04,AC95341298,AC26421523,473.46,IMPS,normal
T000740,2026-09-02T11:45:31,AC93082061,AC19814103,866.15,NEFT,normal
T000741,2026-09-02T11:46:08,AC43800696,AC97908110,2997.00,UPI,normal
T000742,2026-09-02T11:49:30,AC32140838,AC72778440,107.96,IMPS,normal
T000743,2026-09-02T11:49:54,AC88592782,AC55330357,47400.00,IMPS,normal
T000744,2026-09-02T11:50:09,AC66126116,AC99635023,316.70,NEFT,normal
T000745,2026-09-02T11:51:55,AC38816302,AC59117315,549.08,NEFT,normal
T000746,2026-09-02T11:53:42,AC50298754,AC20418044,2257.00,NEFT,normal
T000747,2026-09-02T11:55:07,AC27550747,AC52751778,253.56,IMPS,normal
T000748,2026-09-02T11:58:09,AC80490681,AC26421523,324.44,UPI,normal
T000749,2026-09-02T12:01:09,AC21138017,AC42297987,3564.96,NEFT,normal
T000750,2026-09-02T12:11:12,AC83517017,AC22633303,627.78,UPI,normal
T000751,2026-09-02T12:11:33,AC56171824,AC28422000,262.53,UPI,normal
T000752,2026-09-02T12:13:01,AC86665755,AC26421523,871.00,IMPS,normal
T000753,2026-09-02T12:17:08,AC35676674,AC22374072,895.00,IMPS,normal
T000754,2026-09-02T12:17:44,AC27050801,AC28422000,272.87,UPI,normal
T000755,2026-09-02T12:22:40,AC29619183,AC39472579,2055.41,UPI,normal
T000756,2026-09-02T12:28:14,AC25846520,AC38546741,331.85,UPI,normal
T000757,2026-09-02T12:37:36,AC81751584,AC88295746,4074.00,IMPS,normal
T000758,2026-09-02T12:39:30,AC30287103,AC66542771,1310.98,UPI,normal
T000759,2026-09-02T12:41:35,AC13028344,AC28422000,289.02,NEFT,normal
T000760,2026-09-02T12:43:18,AC18354761,AC40026139,4203.99,IMPS,normal
T000761,2026-09-02T12:52:44,AC60496650,AC40026139,248.76,NEFT,normal
T000762,2026-09-02T12:57:03,AC76662562,AC99141000,1327.00,IMPS,normal
T000763,2026-09-02T13:04:10,AC75090595,AC40026139,544.14,NEFT,normal
T000764,2026-09-02T13:06:06,AC47290936,AC84363365,2314.62,IMPS,normal
T000765,2026-09-02T13:11:41,AC18288654,AC30729474,473.02,UPI,normal
T000766,2026-09-02T13:18:04,AC48870700,AC40026139,359.21,UPI,normal
T000767,2026-09-02T13:18:33,AC44811353,AC26487605,682.00,UPI,normal
T000768,2026-09-02T13:18:57,AC85201674,AC55362865,1401.65,IMPS,normal
T000769,2026-09-02T13:36:13,AC91996233,AC50638453,2244.37,NEFT,normal
T000770,2026-09-02T13:39:56,AC73382988,AC26421523,438.89,UPI,normal
T000771,2026-09-02T13:41:09,AC80263864,AC99635023,483.60,UPI,normal
T000772,2026-09-02T13:42:03,AC91678821,AC35990584,2078.00,NEFT,normal
T000773,2026-09-02T13:42:19,AC91907998,AC39472579,472.92,IMPS,normal
T000774,2026-09-02T13:46:25,AC85064182,AC19814103,854.28,UPI,normal
T000775,2026-09-02T13:48:37,AC54246886,AC50638453,395.89,IMPS,normal
T000776,2026-09-02T13:56:20,AC78710461,AC89774974,1184.00,UPI,normal
T000777,2026-09-02T13:56:47,AC27874421,AC67490644,1259.14,UPI,normal
T000778,2026-09-02T13:58:32,AC44841887,AC30729474,530.39,UPI,normal
T000779,2026-09-02T14:04:50,AC48197765,AC66542771,81.70,UPI,normal
T000780,2026-09-02T14:07:15,AC21378775,AC30729474,736.54,NEFT,normal
T000781,2026-09-02T14:08:10,AC34576324,AC40026139,648.35,UPI,normal
T000782,2026-09-02T14:10:18,AC79301246,AC64198427,1863.52,NEFT,normal
T000783,2026-09-02T14:16:42,AC11619076,AC74160948,1537.00,UPI,normal
T000784,2026-09-02T14:17:11,AC17933677,AC52751778,852.85,IMPS,normal
T000785,2026-09-02T14:20:45,AC77854192,AC43971558,197.20,UPI,normal
T000786,2026-09-02T14:40:44,AC74160948,AC55515398,390.40,NEFT,normal
T000787,2026-09-02T14:42:55,AC37643310,AC59117315,1229.17,UPI,normal
T000788,2026-09-02T14:57:24,AC19229206,AC99635023,724.69,UPI,normal
T000789,2026-09-02T14:58:11,AC68224916,AC59117315,407.69,UPI,normal
T000790,2026-09-02T15:01:52,AC77330181,AC99635023,673.20,UPI,normal
T000791,2026-09-02T15:10:50,AC51554798,AC30729474,216.85,IMPS,normal
T000792,2026-09-02T15:11:06,AC71230843,AC67917877,1272.08,UPI,normal
T000793,2026-09-02T15:12:15,AC30287103,AC57864027,297.74,NEFT,normal
T000794,2026-09-02T15:12:32,AC41317839,AC52410090,604.77,UPI,normal
T000795,2026-09-02T15:20:57,AC66238912,AC30729474,165.56,UPI,normal
T000796,2026-09-02T15:24:07,AC83744576,AC61585853,1500.00,UPI,normal
T000797,2026-09-02T15:31:01,AC91678821,AC47369042,2975.00,NEFT,normal
T000798,2026-09-02T15:31:01,AC82569631,AC52410090,461.64,IMPS,normal
T000799,2026-09-02T15:34:30,AC26616417,AC29190316,1664.24,NEFT,normal
T000800,2026-09-02T15:38:48,AC47167180,AC38546741,504.49,UPI,normal
T000801,2026-09-02T15:49:26,AC68240437,AC84363365,155.92,UPI,normal
T000802,2026-09-02T16:02:01,AC30256261,AC63746500,1620.00,NEFT,normal
T000803,2026-09-02T16:08:50,AC48197765,AC99635023,713.07,UPI,normal
T000804,2026-09-02T16:10:11,AC10527808,AC40026139,395.49,UPI,normal
T000805,2026-09-02T16:15:05,AC79476293,AC39472579,357.22,UPI,normal
T000806,2026-09-02T16:16:29,AC13697544,AC99635023,2188.83,NEFT,normal
T000807,2026-09-02T16:20:01,AC82903368,AC29190316,369.83,UPI,normal
T000808,2026-09-02T16:23:56,AC83849218,AC84363365,2626.13,IMPS,normal
T000809,2026-09-02T16:26:52,AC31667923,AC39472579,420.68,UPI,normal
T000810,2026-09-02T16:27:58,AC99141000,AC40026139,1479.25,UPI,normal
T000811,2026-09-02T16:30:00,AC97366946,AC61585853,1500.00,UPI,normal
T000812,2026-09-02T16:34:43,AC76640001,AC75399034,448.77,UPI,normal
T000813,2026-09-02T16:35:09,AC31321298,AC26421523,232.29,UPI,normal
T000814,2026-09-02T16:37:52,AC27050801,AC59117315,199.16,UPI,normal
T000815,2026-09-02T16:40:16,AC20815439,AC99635023,226.19,UPI,normal
T000816,2026-09-02T16:41:04,AC23711300,AC59148289,565.09,UPI,normal
T000817,2026-09-02T16:43:35,AC46230636,AC64198427,280.62,UPI,normal
T000818,2026-09-02T16:45:03,AC58877189,AC31849997,371.46,UPI,normal
T000819,2026-09-02T16:48:38,AC78144218,AC61585853,1500.00,UPI,normal
T000820,2026-09-02T17:00:38,AC26487605,AC52410090,1856.23,UPI,normal
T000821,2026-09-02T17:04:04,AC35990584,AC67783637,2715.00,NEFT,normal
T000822,2026-09-02T17:06:43,AC41132723,AC55362865,1703.30,NEFT,normal
T000823,2026-09-02T17:12:11,AC88592782,AC54492893,499.00,UPI,normal
T000824,2026-09-02T17:12:17,AC71289682,AC61585853,1500.00,UPI,normal
T000825,2026-09-02T17:12:20,AC66255890,AC75399034,737.16,UPI,normal
T000826,2026-09-02T17:14:10,AC17912728,AC59148289,828.92,NEFT,normal
T000827,2026-09-02T17:18:08,AC44811353,AC53752583,4627.00,UPI,normal
T000828,2026-09-02T17:18:52,AC33131984,AC39472579,1197.60,UPI,normal
T000829,2026-09-02T17:24:32,AC13889649,AC59117315,920.14,UPI,normal
T000830,2026-09-02T17:25:19,AC39673100,AC19736972,1878.89,UPI,normal
T000831,2026-09-02T17:32:21,AC91678821,AC72778440,660.50,IMPS,normal
T000832,2026-09-02T17:33:30,AC62664205,AC40026139,558.01,IMPS,normal
T000833,2026-09-02T17:37:56,AC20418044,AC72778440,717.03,UPI,normal
T000834,2026-09-02T17:42:21,AC99141000,AC59117315,593.10,IMPS,normal
T000835,2026-09-02T17:45:47,AC89774974,AC31849997,551.26,UPI,normal
T000836,2026-09-02T17:53:46,AC13629581,AC40026139,749.07,UPI,normal
T000837,2026-09-02T17:57:06,AC58530762,AC54492893,499.00,UPI,normal
T000838,2026-09-02T17:59:00,AC59560375,AC40026139,614.73,UPI,normal
T000839,2026-09-02T18:00:30,AC13740078,AC99635023,1078.28,IMPS,normal
T000840,2026-09-02T18:02:42,AC71230843,AC39472579,2069.12,UPI,normal
T000841,2026-09-02T18:07:31,AC87097845,AC30729474,1511.40,NEFT,normal
T000842,2026-09-02T18:14:45,AC30926211,AC40026139,3060.14,UPI,normal
T000843,2026-09-02T18:22:27,AC69491792,AC39472579,2844.67,UPI,normal
T000844,2026-09-02T18:29:42,AC32817504,AC66238912,1240.00,UPI,normal
T000845,2026-09-02T18:30:01,AC69139937,AC55362865,137.50,UPI,normal
T000846,2026-09-02T18:31:15,AC37430528,AC61585853,1500.00,UPI,normal
T000847,2026-09-02T18:33:26,AC56100526,AC75399034,305.91,UPI,normal
T000848,2026-09-02T18:41:33,AC17626596,AC19814103,678.60,UPI,normal
T000849,2026-09-02T18:44:18,AC16252221,AC85394042,3056.00,UPI,normal
T000850,2026-09-02T18:47:14,AC51403729,AC54492893,499.00,UPI,normal
T000851,2026-09-02T18:50:55,AC29361589,AC67490644,786.01,UPI,normal
T000852,2026-09-02T18:58:45,AC40432459,AC75399034,3268.47,NEFT,normal
T000853,2026-09-02T19:00:21,AC30256261,AC98618129,1949.65,UPI,normal
T000854,2026-09-02T19:00:41,AC48646352,AC31849997,66.03,IMPS,normal
T000855,2026-09-02T19:01:24,AC55641228,AC99635023,514.29,NEFT,normal
T000856,2026-09-02T19:02:13,AC56574257,AC39472579,1223.99,UPI,normal
T000857,2026-09-02T19:04:57,AC12510524,AC29190316,245.70,NEFT,normal
T000858,2026-09-02T19:05:21,AC17999533,AC58940600,547.00,UPI,normal
T000859,2026-09-02T19:08:03,AC48578460,AC29190316,781.40,UPI,normal
T000860,2026-09-02T19:09:40,AC31783965,AC30729474,1236.16,UPI,normal
T000861,2026-09-02T19:11:42,AC81366283,AC19736972,320.60,NEFT,normal
T000862,2026-09-02T19:25:52,AC74353833,AC54492893,499.00,UPI,normal
T000863,2026-09-02T19:29:36,AC88248519,AC12614954,380.57,UPI,normal
T000864,2026-09-02T19:31:01,AC92083983,AC55362865,250.14,UPI,normal
T000865,2026-09-02T19:33:04,AC48646352,AC61585853,1500.00,UPI,normal
T000866,2026-09-02T19:51:35,AC36832537,AC29190316,300.54,UPI,normal
T000867,2026-09-02T19:52:30,AC13889649,AC67917877,374.22,IMPS,normal
T000868,2026-09-02T19:55:03,AC40432459,AC99855030,463.79,NEFT,normal
T000869,2026-09-02T19:59:23,AC55330357,AC30729474,834.38,IMPS,normal
T000870,2026-09-02T20:05:42,AC39287351,AC39472579,718.79,UPI,normal
T000871,2026-09-02T20:07:26,AC57709585,AC52410090,1117.91,NEFT,normal
T000872,2026-09-02T20:07:58,AC13889649,AC40026139,1323.21,NEFT,normal
T000873,2026-09-02T20:14:39,AC75627516,AC43971558,1863.48,UPI,normal
T000874,2026-09-02T20:16:48,AC18288654,AC54492893,499.00,UPI,normal
T000875,2026-09-02T20:26:15,AC11619076,AC40026139,701.21,UPI,normal
T000876,2026-09-02T20:31:14,AC79188088,AC40026139,224.25,IMPS,normal
T000877,2026-09-02T20:31:38,AC90628248,AC29190316,607.61,UPI,normal
T000878,2026-09-02T20:32:24,AC61780050,AC74477539,4768.00,UPI,normal
T000879,2026-09-02T20:32:26,AC74160948,AC48578460,3276.00,NEFT,normal
T000880,2026-09-02T20:34:57,AC22562241,AC61585853,1500.00,UPI,normal
T000881,2026-09-02T20:42:31,AC50234045,AC59148289,777.85,NEFT,normal
T000882,2026-09-02T20:42:35,AC91847639,AC40026139,510.52,UPI,normal
T000883,2026-09-02T20:44:01,AC25716331,AC54492893,499.00,UPI,normal
T000884,2026-09-02T20:48:46,AC15262308,AC59148289,7265.43,UPI,normal
T000885,2026-09-02T20:49:55,AC51554798,AC96363470,328.34,UPI,normal
T000886,2026-09-02T20:52:05,AC47203213,AC50638453,1048.37,NEFT,normal
T000887,2026-09-02T20:54:30,AC55330357,AC98027796,45600.00,NEFT,normal
T000888,2026-09-02T20:55:15,AC91678821,AC40026139,1508.33,UPI,normal
T000889,2026-09-02T20:57:09,AC48578460,AC36272404,966.03,UPI,normal
T000890,2026-09-02T20:59:54,AC81380338,AC36272404,2696.30,UPI,normal
T000891,2026-09-02T21:00:38,AC11619076,AC87570629,4231.00,NEFT,normal
T000892,2026-09-02T21:07:41,AC56574257,AC99635023,576.23,NEFT,normal
T000893,2026-09-02T21:09:32,AC29552354,AC55515398,405.70,UPI,normal
T000894,2026-09-02T21:19:13,AC66119495,AC84363365,1340.95,IMPS,normal
T000895,2026-09-02T21:19:48,AC47203213,AC40026139,530.46,IMPS,normal
T000896,2026-09-02T21:20:41,AC66255890,AC61585853,1500.00,UPI,normal
T000897,2026-09-02T21:21:42,AC76640001,AC61585853,1500.00,UPI,normal
T000898,2026-09-02T21:25:04,AC26151306,AC59148289,457.56,IMPS,normal
T000899,2026-09-02T21:30:28,AC98384612,AC59117315,2056.33,UPI,normal
T000900,2026-09-02T21:31:58,AC30926211,AC40026139,1097.26,UPI,normal
T000901,2026-09-02T21:36:52,AC13749650,AC19814103,206.63,UPI,normal
T000902,2026-09-02T21:42:07,AC62664205,AC63453132,2021.62,UPI,normal
T000903,2026-09-02T21:43:12,AC42130069,AC61585853,1500.00,UPI,normal
T000904,2026-09-02T21:44:53,AC74239549,AC64198427,277.75,UPI,normal
T000905,2026-09-02T21:48:13,AC57722796,AC61585853,1500.00,UPI,normal
T000906,2026-09-02T21:50:11,AC89297484,AC30729474,255.78,UPI,normal
T000907,2026-09-02T21:53:51,AC85196458,AC42297987,412.10,UPI,normal
T000908,2026-09-02T21:58:03,AC30246633,AC39472579,729.27,UPI,normal
T000909,2026-09-02T22:07:50,AC92891895,AC28422000,520.08,UPI,normal
T000910,2026-09-02T22:14:06,AC91996233,AC84363365,1143.05,IMPS,normal
T000911,2026-09-02T22:15:27,AC36763445,AC99635023,291.90,NEFT,normal
T000912,2026-09-02T22:16:53,AC36401454,AC59148289,425.60,UPI,normal
T000913,2026-09-02T22:17:09,AC95341298,AC29190316,213.18,IMPS,normal
T000914,2026-09-02T22:18:01,AC19039243,AC22633303,256.08,UPI,normal
T000915,2026-09-02T22:22:17,AC19719255,AC75399034,1047.14,NEFT,normal
T000916,2026-09-02T22:23:11,AC33651543,AC22374072,211.32,NEFT,normal
T000917,2026-09-02T22:26:08,AC71967692,AC63453132,2484.47,UPI,normal
T000918,2026-09-02T22:27:44,AC81576359,AC77470852,4657.00,UPI,normal
T000919,2026-09-02T22:35:56,AC98915866,AC58530762,561.00,IMPS,normal
T000920,2026-09-02T22:36:09,AC10527808,AC99635023,778.48,IMPS,normal
T000921,2026-09-02T22:39:39,AC43857462,AC17246803,3524.00,UPI,normal
T000922,2026-09-02T22:40:05,AC91220385,AC42297987,449.58,NEFT,normal
T000923,2026-09-02T22:41:36,AC26843185,AC99635023,1461.24,UPI,normal
T000924,2026-09-02T22:46:35,AC25809806,AC31671607,514.14,UPI,normal
T000925,2026-09-02T22:47:53,AC79301246,AC62662255,945.23,NEFT,normal
T000926,2026-09-02T22:51:04,AC85394042,AC22633303,683.86,NEFT,normal
T000927,2026-09-02T22:52:46,AC63778945,AC55515398,953.10,IMPS,normal
T000928,2026-09-02T22:52:58,AC81366283,AC29190316,844.85,IMPS,normal
T000929,2026-09-02T22:53:52,AC76262352,AC99635023,1118.49,NEFT,normal
T000930,2026-09-02T22:54:54,AC92083983,AC19814103,192.68,NEFT,normal
T000931,2026-09-03T07:01:27,AC30106149,AC99635023,1312.33,UPI,normal
T000932,2026-09-03T07:08:34,AC72164355,AC99635023,856.18,IMPS,normal
T000933,2026-09-03T07:13:12,AC27592411,AC22374072,1049.42,NEFT,normal
T000934,2026-09-03T07:21:55,AC31667923,AC29190316,378.59,NEFT,normal
T000935,2026-09-03T07:38:58,AC66599395,AC50638453,766.00,IMPS,normal
T000936,2026-09-03T07:39:08,AC53753544,AC52751778,570.15,UPI,normal
T000937,2026-09-03T07:42:22,AC21138017,AC39472579,616.51,UPI,normal
T000938,2026-09-03T07:51:42,AC31783965,AC19814103,549.33,UPI,normal
T000939,2026-09-03T07:57:20,AC77854192,AC99635023,628.38,NEFT,normal
T000940,2026-09-03T08:05:01,AC77330181,AC64198427,627.09,UPI,normal
T000941,2026-09-03T08:09:44,AC96319863,AC22374072,120.42,IMPS,normal
T000942,2026-09-03T08:12:48,AC83960310,AC29190316,1288.02,UPI,normal
T000943,2026-09-03T08:13:01,AC74353833,AC19736972,727.69,UPI,normal
T000944,2026-09-03T08:13:48,AC85201674,AC29190316,676.16,UPI,normal
T000945,2026-09-03T08:20:14,AC31783965,AC40026139,556.58,UPI,normal
T000946,2026-09-03T08:21:16,AC91847639,AC39472579,2137.87,IMPS,normal
T000947,2026-09-03T08:22:32,AC32420002,AC40026139,1522.60,UPI,normal
T000948,2026-09-03T08:23:24,AC78144218,AC28422000,882.44,UPI,normal
T000949,2026-09-03T08:23:59,AC44811353,AC30729474,4658.67,UPI,normal
T000950,2026-09-03T08:25:53,AC63907779,AC55362865,619.93,UPI,normal
T000951,2026-09-03T08:32:18,AC41317839,AC29190316,793.74,IMPS,normal
T000952,2026-09-03T08:35:00,AC37910936,AC40026139,1994.97,IMPS,normal
T000953,2026-09-03T08:43:31,AC73551145,AC30729474,373.61,UPI,normal
T000954,2026-09-03T08:44:43,AC23119148,AC69340085,881.23,IMPS,normal
T000955,2026-09-03T08:49:01,AC69491792,AC84363365,482.95,NEFT,normal
T000956,2026-09-03T08:50:38,AC17784483,AC22633303,1672.40,UPI,normal
T000957,2026-09-03T08:55:48,AC30306925,AC19814103,174.08,UPI,normal
T000958,2026-09-03T09:00:34,AC29676659,AC61585853,1500.00,UPI,normal
T000959,2026-09-03T09:02:33,AC75507385,AC59148289,314.00,UPI,normal
T000960,2026-09-03T09:02:41,AC95149012,AC40026139,540.36,UPI,normal
T000961,2026-09-03T09:03:44,AC96856164,AC42297987,972.38,IMPS,normal
T000962,2026-09-03T09:05:25,AC81576359,AC72778440,1072.66,NEFT,normal
T000963,2026-09-03T09:06:35,AC82687908,AC66542771,1638.71,UPI,normal
T000964,2026-09-03T09:08:40,AC18302983,AC28422000,2411.15,IMPS,normal
T000965,2026-09-03T09:11:34,AC73551145,AC29190316,513.53,IMPS,normal
T000966,2026-09-03T09:13:31,AC48578460,AC29190316,766.37,UPI,normal
T000967,2026-09-03T09:16:34,AC81751584,AC61585853,1500.00,UPI,normal
T000968,2026-09-03T09:21:27,AC98915866,AC99635023,572.56,UPI,normal
T000969,2026-09-03T09:22:23,AC57000147,AC95149012,2341.00,UPI,normal
T000970,2026-09-03T09:23:00,AC22175294,AC39472579,842.19,UPI,normal
T000971,2026-09-03T09:38:46,AC71967692,AC39472579,998.56,UPI,normal
T000972,2026-09-03T09:38:58,AC23715389,AC99635023,471.75,NEFT,normal
T000973,2026-09-03T09:43:52,AC20815439,AC61585853,1500.00,UPI,normal
T000974,2026-09-03T09:49:52,AC80676511,AC63453132,413.90,UPI,normal
T000975,2026-09-03T09:52:48,AC35215622,AC40026139,498.60,UPI,normal
T000976,2026-09-03T09:55:33,AC97641229,AC22374072,865.21,UPI,normal
T000977,2026-09-03T09:56:21,AC37430528,AC62662255,157.48,UPI,normal
T000978,2026-09-03T09:57:19,AC58530762,AC61585853,1500.00,UPI,normal
T000979,2026-09-03T10:05:44,AC91996233,AC31671607,1777.54,UPI,normal
T000980,2026-09-03T10:09:50,AC38816302,AC61585853,1500.00,UPI,normal
T000981,2026-09-03T10:15:41,AC88061052,AC61585853,1500.00,UPI,normal
T000982,2026-09-03T10:16:25,AC91847639,AC19814103,1072.41,UPI,normal
T000983,2026-09-03T10:21:35,AC29552354,AC62662255,696.55,UPI,normal
T000984,2026-09-03T10:26:13,AC82023741,AC39472579,656.62,UPI,normal
T000985,2026-09-03T10:36:54,AC21378775,AC99855030,243.04,IMPS,normal
T000986,2026-09-03T10:38:26,AC77330181,AC30729474,822.00,UPI,normal
T000987,2026-09-03T10:38:35,AC73551145,AC30729474,272.66,UPI,normal
T000988,2026-09-03T10:39:15,AC30399018,AC29190316,1960.32,UPI,normal
T000989,2026-09-03T10:41:24,AC12437810,AC79203339,752.63,UPI,normal
T000990,2026-09-03T10:42:42,AC81924865,AC42297987,1418.73,UPI,normal
T000991,2026-09-03T10:43:26,AC41132723,AC34256684,374.00,UPI,normal
T000992,2026-09-03T10:45:18,AC33131984,AC19814103,840.83,NEFT,normal
T000993,2026-09-03T10:48:11,AC42762079,AC99635023,371.81,UPI,normal
T000994,2026-09-03T10:54:32,AC26616417,AC22374072,957.73,UPI,normal
T000995,2026-09-03T10:57:33,AC23793831,AC59148289,872.27,UPI,normal
T000996,2026-09-03T11:03:57,AC63128543,AC75507385,4819.00,UPI,normal
T000997,2026-09-03T11:06:23,AC21378775,AC61585853,1500.00,UPI,normal
T000998,2026-09-03T11:09:16,AC57000147,AC99635023,772.78,UPI,normal
T000999,2026-09-03T11:11:57,AC66255890,AC66542771,536.87,UPI,normal
T001000,2026-09-03T11:13:47,AC39902737,AC57864027,2581.12,IMPS,normal
T001001,2026-09-03T11:14:59,AC27592411,AC61585853,1500.00,UPI,normal
T001002,2026-09-03T11:20:56,AC15262308,AC40026139,758.74,UPI,normal
T001003,2026-09-03T11:21:35,AC37910936,AC63453132,356.13,UPI,normal
T001004,2026-09-03T11:33:23,AC81483341,AC99635023,403.45,UPI,normal
T001005,2026-09-03T11:35:06,AC34576324,AC38546741,157.61,NEFT,normal
T001006,2026-09-03T11:35:06,AC59560375,AC66542771,255.19,IMPS,normal
T001007,2026-09-03T11:35:40,AC89297484,AC63453132,327.68,UPI,normal
T001008,2026-09-03T11:38:02,AC16480894,AC55515398,817.20,IMPS,normal
T001009,2026-09-03T11:38:21,AC21397668,AC39472579,399.42,UPI,normal
T001010,2026-09-03T11:42:44,AC20418044,AC10031310,4768.00,IMPS,normal
T001011,2026-09-03T11:43:02,AC75507385,AC99635023,707.92,UPI,normal
T001012,2026-09-03T11:44:59,AC22562241,AC26421523,1043.96,IMPS,normal
T001013,2026-09-03T11:48:32,AC11619076,AC40026139,427.53,UPI,normal
T001014,2026-09-03T11:52:11,AC63873226,AC55362865,673.95,IMPS,normal
T001015,2026-09-03T11:53:14,AC38019720,AC42297987,482.71,NEFT,normal
T001016,2026-09-03T11:58:52,AC66126116,AC28422000,744.02,UPI,normal
T001017,2026-09-03T12:02:07,AC51554798,AC31671607,280.97,UPI,normal
T001018,2026-09-03T12:07:07,AC93094361,AC40026139,366.64,NEFT,normal
T001019,2026-09-03T12:11:39,AC23618316,AC99635023,708.90,UPI,normal
T001020,2026-09-03T12:17:43,AC29938108,AC55515398,885.81,IMPS,normal
T001021,2026-09-03T12:21:02,AC88295746,AC64198427,609.69,IMPS,normal
T001022,2026-09-03T12:26:41,AC40970943,AC19736972,1239.11,UPI,normal
T001023,2026-09-03T12:29:59,AC50008920,AC30729474,1594.55,UPI,normal
T001024,2026-09-03T12:32:46,AC55641228,AC50638453,236.73,UPI,normal
T001025,2026-09-03T12:33:48,AC84550146,AC55515398,3211.32,UPI,normal
T001026,2026-09-03T12:42:28,AC56625835,AC42297987,751.09,NEFT,normal
T001027,2026-09-03T12:43:02,AC21378775,AC40026139,325.33,UPI,normal
T001028,2026-09-03T12:43:23,AC79476293,AC84363365,1605.12,IMPS,normal
T001029,2026-09-03T12:43:58,AC23711300,AC17056578,4884.00,UPI,normal
T001030,2026-09-03T12:47:30,AC57000147,AC59148289,748.39,NEFT,normal
T001031,2026-09-03T12:50:45,AC91996233,AC55515398,529.78,UPI,normal
T001032,2026-09-03T12:53:27,AC41132723,AC40026139,2183.27,UPI,normal
T001033,2026-09-03T13:00:25,AC91907998,AC59148289,585.06,IMPS,normal
T001034,2026-09-03T13:00:46,AC40446731,AC31849997,468.15,UPI,normal
T001035,2026-09-03T13:02:28,AC43857462,AC52410090,1286.03,IMPS,normal
T001036,2026-09-03T13:06:30,AC47290936,AC42297987,1965.63,UPI,normal
T001037,2026-09-03T13:08:19,AC59217612,AC72778440,520.96,UPI,normal
T001038,2026-09-03T13:08:21,AC99745048,AC59148289,1738.44,IMPS,normal
T001039,2026-09-03T13:11:11,AC82687908,AC29190316,1897.61,UPI,normal
T001040,2026-09-03T13:11:32,AC70241505,AC30729474,941.68,UPI,normal
T001041,2026-09-03T13:16:41,AC22633920,AC99635023,914.78,UPI,normal
T001042,2026-09-03T13:23:03,AC13757254,AC99635023,841.28,IMPS,normal
T001043,2026-09-03T13:23:26,AC43343251,AC67490644,553.31,UPI,normal
T001044,2026-09-03T13:35:39,AC27359750,AC84363365,401.03,UPI,normal
T001045,2026-09-03T13:37:55,AC61061966,AC52751778,495.64,UPI,normal
T001046,2026-09-03T13:39:57,AC56100526,AC28422000,328.06,NEFT,normal
T001047,2026-09-03T13:40:20,AC30302435,AC59148289,288.83,IMPS,normal
T001048,2026-09-03T13:42:10,AC94212661,AC99635023,1006.86,UPI,normal
T001049,2026-09-03T13:55:14,AC20809644,AC99635023,369.89,UPI,normal
T001050,2026-09-03T13:55:57,AC70288912,AC39472579,1724.55,UPI,normal
T001051,2026-09-03T14:02:26,AC21378775,AC38546741,350.58,UPI,normal
T001052,2026-09-03T14:04:37,AC89297484,AC99635023,1899.46,UPI,normal
T001053,2026-09-03T14:06:28,AC43234300,AC40026139,328.96,UPI,normal
T001054,2026-09-03T14:14:09,AC98384612,AC62662255,244.01,UPI,normal
T001055,2026-09-03T14:16:12,AC96856164,AC40026139,190.82,NEFT,normal
T001056,2026-09-03T14:19:14,AC71230843,AC67917877,409.98,UPI,normal
T001057,2026-09-03T14:22:46,AC27550747,AC36272404,937.67,NEFT,normal
T001058,2026-09-03T14:23:22,AC81483341,AC72778440,2313.67,IMPS,normal
T001059,2026-09-03T14:23:27,AC55909953,AC59148289,2215.84,IMPS,normal
T001060,2026-09-03T14:26:27,AC25716331,AC42297987,260.09,NEFT,normal
T001061,2026-09-03T14:32:17,AC85893910,AC50638453,269.40,UPI,normal
T001062,2026-09-03T14:32:18,AC47167180,AC67917877,482.40,UPI,normal
T001063,2026-09-03T14:33:17,AC85064182,AC67490644,546.97,UPI,normal
T001064,2026-09-03T14:40:35,AC76262352,AC67490644,967.08,UPI,normal
T001065,2026-09-03T14:45:00,AC23076910,AC26421523,592.20,NEFT,normal
T001066,2026-09-03T14:50:56,AC54246886,AC19814103,418.17,IMPS,normal
T001067,2026-09-03T14:55:38,AC54246886,AC29190316,531.01,UPI,normal
T001068,2026-09-03T14:57:08,AC18174466,AC55515398,173.38,IMPS,normal
T001069,2026-09-03T15:02:00,AC89774974,AC55515398,1142.69,NEFT,normal
T001070,2026-09-03T15:05:20,AC39673100,AC69340085,263.16,UPI,normal
T001071,2026-09-03T15:07:55,AC99745048,AC72778440,1272.20,UPI,normal
T001072,2026-09-03T15:10:56,AC18302983,AC61585853,1500.00,UPI,normal
T001073,2026-09-03T15:12:56,AC43800696,AC61585853,1500.00,UPI,normal
T001074,2026-09-03T15:32:12,AC68202938,AC61585853,1500.00,UPI,normal
T001075,2026-09-03T15:32:31,AC63746500,AC19814103,202.46,UPI,normal
T001076,2026-09-03T15:33:00,AC76627625,AC26616417,3137.00,UPI,normal
T001077,2026-09-03T15:33:25,AC37643310,AC38546741,530.83,UPI,normal
T001078,2026-09-03T15:37:40,AC17933677,AC31849997,517.61,NEFT,normal
T001079,2026-09-03T15:39:44,AC17999533,AC39472579,444.83,NEFT,normal
T001080,2026-09-03T15:39:52,AC36763445,AC64198427,422.86,UPI,normal
T001081,2026-09-03T15:42:22,AC39673100,AC79203339,394.35,UPI,normal
T001082,2026-09-03T15:45:32,AC85196458,AC61585853,1500.00,UPI,normal
T001083,2026-09-03T15:48:17,AC83589642,AC59148289,616.02,UPI,normal
T001084,2026-09-03T15:48:57,AC38558820,AC61585853,1500.00,UPI,normal
T001085,2026-09-03T15:59:24,AC18505221,AC99635023,1338.83,UPI,normal
T001086,2026-09-03T16:01:52,AC83061791,AC99855030,798.26,UPI,normal
T001087,2026-09-03T16:06:34,AC15663839,AC36272404,1068.68,UPI,normal
T001088,2026-09-03T16:14:33,AC47369042,AC30729474,1783.82,NEFT,normal
T001089,2026-09-03T16:17:08,AC21378775,AC59148289,2041.55,UPI,normal
T001090,2026-09-03T16:19:33,AC53753544,AC72778440,520.92,NEFT,normal
T001091,2026-09-03T16:23:36,AC91220385,AC72778440,532.91,UPI,normal
T001092,2026-09-03T16:31:17,AC77470852,AC99635023,1834.04,UPI,normal
T001093,2026-09-03T16:37:34,AC56171824,AC36272404,323.57,UPI,normal
T001094,2026-09-03T16:42:41,AC32817504,AC22374072,1078.65,UPI,normal
T001095,2026-09-03T16:43:33,AC59982352,AC30729474,1051.43,UPI,normal
T001096,2026-09-03T16:47:34,AC10527808,AC30729474,1425.33,IMPS,normal
T001097,2026-09-03T16:48:03,AC33960779,AC28422000,3387.54,NEFT,normal
T001098,2026-09-03T16:50:07,AC71967692,AC86665755,3367.00,NEFT,normal
T001099,2026-09-03T16:50:33,AC10549434,AC55362865,146.66,UPI,normal
T001100,2026-09-03T16:57:33,AC58940600,AC99635023,522.79,NEFT,normal
T001101,2026-09-03T17:05:32,AC75090595,AC22374072,819.76,UPI,normal
T001102,2026-09-03T17:11:02,AC85196458,AC67490644,664.39,IMPS,normal
T001103,2026-09-03T17:14:36,AC33651543,AC40026139,284.79,UPI,normal
T001104,2026-09-03T17:16:02,AC63428001,AC26421523,1912.73,NEFT,normal
T001105,2026-09-03T17:16:23,AC66119495,AC29190316,454.80,IMPS,normal
T001106,2026-09-03T17:16:36,AC18288654,AC64198427,256.17,UPI,normal
T001107,2026-09-03T17:20:26,AC40432459,AC99635023,522.27,NEFT,normal
T001108,2026-09-03T17:28:38,AC91996233,AC50638453,416.42,NEFT,normal
T001109,2026-09-03T17:31:54,AC81366283,AC26421523,833.19,UPI,normal
T001110,2026-09-03T17:32:42,AC72544046,AC38546741,2066.84,IMPS,normal
T001111,2026-09-03T17:38:51,AC54629703,AC84363365,361.68,IMPS,normal
T001112,2026-09-03T17:42:51,AC92306098,AC17056578,1817.00,UPI,normal
T001113,2026-09-03T17:43:51,AC13629581,AC84363365,208.60,IMPS,normal
T001114,2026-09-03T17:50:37,AC86910239,AC42297987,323.13,NEFT,normal
T001115,2026-09-03T17:51:17,AC11911654,AC98618129,2423.06,IMPS,normal
T001116,2026-09-03T17:55:16,AC28689916,AC63453132,862.17,UPI,normal
T001117,2026-09-03T17:59:44,AC11911654,AC98618129,1109.77,NEFT,normal
T001118,2026-09-03T18:05:09,AC55330357,AC99635023,135.13,IMPS,normal
T001119,2026-09-03T18:09:32,AC42301241,AC79203339,2975.07,NEFT,normal
T001120,2026-09-03T18:15:55,AC22175294,AC31849997,2504.24,UPI,normal
T001121,2026-09-03T18:19:40,AC91907998,AC55362865,1022.81,UPI,normal
T001122,2026-09-03T18:21:28,AC96856164,AC39472579,353.26,UPI,normal
T001123,2026-09-03T18:22:19,AC72164355,AC31849997,319.60,UPI,normal
T001124,2026-09-03T18:28:56,AC66455770,AC59117315,450.34,NEFT,normal
T001125,2026-09-03T18:37:42,AC81366283,AC30729474,972.54,NEFT,normal
T001126,2026-09-03T18:45:16,AC19039243,AC12614954,656.75,UPI,normal
T001127,2026-09-03T18:45:18,AC28689916,AC52751778,307.98,IMPS,normal
T001128,2026-09-03T18:57:19,AC69072565,AC59148289,638.85,NEFT,normal
T001129,2026-09-03T18:59:55,AC91907998,AC40026139,901.72,UPI,normal
T001130,2026-09-03T19:00:16,AC23793831,AC59117315,2111.31,UPI,normal
T001131,2026-09-03T19:01:12,AC98217056,AC26421523,1568.09,IMPS,normal
T001132,2026-09-03T19:04:41,AC89070818,AC63453132,612.17,UPI,normal
T001133,2026-09-03T19:12:26,AC80263864,AC98618129,224.89,NEFT,normal
T001134,2026-09-03T19:34:46,AC19375836,AC72778440,556.15,IMPS,normal
T001135,2026-09-03T19:38:46,AC30379134,AC22633303,560.65,UPI,normal
T001136,2026-09-03T19:38:58,AC61780050,AC99635023,804.48,IMPS,normal
T001137,2026-09-03T19:43:27,AC75090595,AC43971558,653.22,UPI,normal
T001138,2026-09-03T19:47:33,AC19039243,AC55362865,565.45,UPI,normal
T001139,2026-09-03T19:49:40,AC98662305,AC99635023,5020.40,IMPS,normal
T001140,2026-09-03T19:50:49,AC18174466,AC61585853,1500.00,UPI,normal
T001141,2026-09-03T19:58:09,AC58530762,AC29190316,459.83,UPI,normal
T001142,2026-09-03T20:01:14,AC30399018,AC79203339,343.24,UPI,normal
T001143,2026-09-03T20:05:21,AC63428001,AC55362865,499.91,NEFT,normal
T001144,2026-09-03T20:06:06,AC32420002,AC96363470,1759.97,UPI,normal
T001145,2026-09-03T20:08:35,AC36752197,AC66542771,360.03,UPI,normal
T001146,2026-09-03T20:12:55,AC32329304,AC55515398,384.16,UPI,normal
T001147,2026-09-03T20:13:01,AC30246633,AC69340085,843.64,IMPS,normal
T001148,2026-09-03T20:14:15,AC84714297,AC99635023,2408.27,NEFT,normal
T001149,2026-09-03T20:23:32,AC63550032,AC72778440,853.05,NEFT,normal
T001150,2026-09-03T20:23:56,AC82903368,AC30729474,1418.40,UPI,normal
T001151,2026-09-03T20:27:10,AC37643310,AC30729474,131.70,UPI,normal
T001152,2026-09-03T20:27:25,AC13740078,AC40026139,948.04,UPI,normal
T001153,2026-09-03T20:28:03,AC13028344,AC61585853,1500.00,UPI,normal
T001154,2026-09-03T20:28:30,AC17933677,AC52410090,163.44,UPI,normal
T001155,2026-09-03T20:30:07,AC94212661,AC59117315,1248.27,UPI,normal
T001156,2026-09-03T20:43:48,AC88592782,AC26421523,1794.06,UPI,normal
T001157,2026-09-03T20:45:20,AC93082061,AC39472579,1530.61,IMPS,normal
T001158,2026-09-03T20:49:19,AC89070818,AC78106871,3230.00,NEFT,normal
T001159,2026-09-03T20:52:24,AC30302435,AC31849997,1693.92,UPI,normal
T001160,2026-09-03T20:52:36,AC27550747,AC55515398,759.41,UPI,normal
T001161,2026-09-03T20:56:49,AC87570629,AC61585853,1500.00,UPI,normal
T001162,2026-09-03T20:59:57,AC34576324,AC40026139,2678.50,UPI,normal
T001163,2026-09-03T21:03:09,AC81380338,AC30729474,637.95,UPI,normal
T001164,2026-09-03T21:04:30,AC61780050,AC15032582,4515.00,IMPS,normal
T001165,2026-09-03T21:14:32,AC37910936,AC43800696,2837.00,UPI,normal
T001166,2026-09-03T21:17:53,AC42284650,AC29190316,1392.33,UPI,normal
T001167,2026-09-03T21:29:37,AC80676511,AC26421523,81.43,UPI,normal
T001168,2026-09-03T21:32:42,AC22562241,AC39472579,1078.87,NEFT,normal
T001169,2026-09-03T21:39:00,AC26616417,AC30729474,592.68,UPI,normal
T001170,2026-09-03T21:39:19,AC45535068,AC18142912,4863.00,UPI,normal
T001171,2026-09-03T21:41:01,AC18505221,AC42297987,3706.07,UPI,normal
T001172,2026-09-03T21:42:38,AC17999533,AC29190316,745.01,NEFT,normal
T001173,2026-09-03T21:43:18,AC21535642,AC30729474,1678.97,UPI,normal
T001174,2026-09-03T21:47:33,AC88220482,AC29190316,679.93,IMPS,normal
T001175,2026-09-03T21:50:53,AC43352343,AC72778440,1270.20,UPI,normal
T001176,2026-09-03T21:53:48,AC24754327,AC22374072,3550.72,NEFT,normal
T001177,2026-09-03T22:04:42,AC80881649,AC43971558,1003.07,UPI,normal
T001178,2026-09-03T22:05:03,AC68224916,AC98618129,774.74,UPI,normal
T001179,2026-09-03T22:09:40,AC67783637,AC12614954,1219.29,UPI,normal
T001180,2026-09-03T22:17:05,AC24241764,AC66119495,571.00,UPI,normal
T001181,2026-09-03T22:29:56,AC21378775,AC39472579,637.59,IMPS,normal
T001182,2026-09-03T22:30:36,AC26843185,AC62662255,2582.21,UPI,normal
T001183,2026-09-03T22:31:27,AC92374421,AC38546741,1511.96,IMPS,normal
T001184,2026-09-03T22:32:00,AC62992312,AC40026139,140.50,IMPS,normal
T001185,2026-09-03T22:33:30,AC15262308,AC39472579,966.73,UPI,normal
T001186,2026-09-03T22:36:22,AC52110478,AC29190316,6421.54,UPI,normal
T001187,2026-09-03T22:40:30,AC41132723,AC84363365,1189.84,UPI,normal
T001188,2026-09-03T22:44:53,AC23715389,AC52410090,292.71,UPI,normal
T001189,2026-09-03T22:47:38,AC81483341,AC29190316,403.69,NEFT,normal
T001190,2026-09-03T22:52:16,AC26151306,AC29190316,1663.53,IMPS,normal
T001191,2026-09-03T22:52:52,AC66126116,AC40026139,846.82,UPI,normal
T001192,2026-09-03T22:55:22,AC91220385,AC63453132,265.06,NEFT,normal
T001193,2026-09-04T07:00:34,AC31667923,AC75399034,628.52,UPI,normal
T001194,2026-09-04T07:03:33,AC36832537,AC98618129,264.47,UPI,normal
T001195,2026-09-04T07:07:11,AC50298754,AC99635023,2297.70,IMPS,normal
T001196,2026-09-04T07:09:47,AC23793831,AC79203339,1111.89,UPI,normal
T001197,2026-09-04T07:14:40,AC30306925,AC59148289,1623.61,UPI,normal
T001198,2026-09-04T07:20:56,AC37430528,AC55362865,364.66,UPI,normal
T001199,2026-09-04T07:28:24,AC92083983,AC67490644,487.54,NEFT,normal
T001200,2026-09-04T07:31:27,AC24754327,AC29190316,216.14,NEFT,normal
T001201,2026-09-04T07:32:24,AC87832216,AC19814103,230.13,UPI,normal
T001202,2026-09-04T07:33:11,AC91678821,AC26421523,1004.90,IMPS,normal
T001203,2026-09-04T07:33:30,AC23715389,AC29190316,1395.33,IMPS,normal
T001204,2026-09-04T07:34:42,AC99745048,AC40026139,1266.03,UPI,normal
T001205,2026-09-04T07:40:31,AC34576324,AC40026139,272.68,UPI,normal
T001206,2026-09-04T07:46:24,AC17246803,AC12426922,3516.24,UPI,normal
T001207,2026-09-04T07:50:17,AC42301241,AC66542771,930.64,UPI,normal
T001208,2026-09-04T07:54:52,AC75090595,AC57000147,4352.00,IMPS,normal
T001209,2026-09-04T07:57:46,AC23119148,AC83589642,4001.00,NEFT,normal
T001210,2026-09-04T07:58:44,AC21527244,AC12426922,2931.43,UPI,normal
T001211,2026-09-04T08:10:00,AC27050801,AC29190316,1012.32,UPI,normal
T001212,2026-09-04T08:10:33,AC85893910,AC22374072,1074.20,UPI,normal
T001213,2026-09-04T08:12:53,AC68240437,AC12426922,2931.45,UPI,normal
T001214,2026-09-04T08:15:39,AC59081935,AC38546741,414.39,UPI,normal
T001215,2026-09-04T08:29:15,AC27874421,AC62662255,1708.13,UPI,normal
T001216,2026-09-04T08:30:12,AC83061791,AC42297987,1915.12,UPI,normal
T001217,2026-09-04T08:34:02,AC81924865,AC55362865,664.47,UPI,normal
T001218,2026-09-04T08:39:27,AC36192056,AC71561748,1225.41,UPI,normal
T001219,2026-09-04T08:40:14,AC47203213,AC59148289,272.69,UPI,normal
T001220,2026-09-04T08:41:31,AC72164355,AC40026139,410.65,UPI,normal
T001221,2026-09-04T08:59:06,AC81576359,AC71561748,2686.33,UPI,normal
T001222,2026-09-04T08:59:48,AC43234300,AC59117315,442.86,UPI,normal
T001223,2026-09-04T09:04:57,AC29552354,AC61585853,1500.00,UPI,normal
T001224,2026-09-04T09:07:30,AC46230636,AC84363365,381.81,UPI,normal
T001225,2026-09-04T09:15:32,AC76140059,AC38546741,990.41,UPI,normal
T001226,2026-09-04T09:16:57,AC47369042,AC12614954,844.74,UPI,normal
T001227,2026-09-04T09:21:29,AC57709585,AC96363470,329.48,IMPS,normal
T001228,2026-09-04T09:21:59,AC82021083,AC22374072,1063.61,IMPS,normal
T001229,2026-09-04T09:22:11,AC56574257,AC84363365,689.66,UPI,normal
T001230,2026-09-04T09:22:24,AC84714297,AC39472579,757.60,UPI,normal
T001231,2026-09-04T09:24:09,AC21643368,AC59117315,345.11,NEFT,normal
T001232,2026-09-04T09:26:41,AC39287351,AC75399034,672.00,UPI,normal
T001233,2026-09-04T09:27:31,AC27359750,AC58153450,3313.00,UPI,normal
T001234,2026-09-04T09:34:03,AC27359750,AC22374072,2607.41,UPI,normal
T001235,2026-09-04T09:38:52,AC80263864,AC40026139,215.11,IMPS,normal
T001236,2026-09-04T09:41:20,AC21397668,AC22374072,1505.20,NEFT,normal
T001237,2026-09-04T09:44:32,AC26487605,AC26421523,243.38,IMPS,normal
T001238,2026-09-04T09:44:45,AC10256129,AC32420002,734.00,UPI,normal
T001239,2026-09-04T09:49:17,AC80490681,AC72778440,4082.47,IMPS,normal
T001240,2026-09-04T09:51:18,AC86910239,AC29190316,3692.29,UPI,normal
T001241,2026-09-04T09:54:12,AC67783637,AC40026139,549.37,UPI,normal
T001242,2026-09-04T09:57:33,AC92418944,AC96363470,172.76,UPI,normal
T001243,2026-09-04T10:02:47,AC72492024,AC47369042,1696.00,NEFT,normal
T001244,2026-09-04T10:02:52,AC31321298,AC31849997,1343.26,UPI,normal
T001245,2026-09-04T10:06:26,AC30256261,AC71561748,3074.65,NEFT,normal
T001246,2026-09-04T10:21:25,AC78203564,AC71561748,3623.68,UPI,normal
T001247,2026-09-04T10:23:27,AC15262308,AC71561748,3609.74,IMPS,normal
T001248,2026-09-04T10:25:42,AC39673100,AC67490644,155.33,NEFT,normal
T001249,2026-09-04T10:27:08,AC15663839,AC26421523,4190.22,IMPS,normal
T001250,2026-09-04T10:34:23,AC30256261,AC67490644,226.16,UPI,normal
T001251,2026-09-04T10:40:30,AC81483341,AC26421523,1526.40,NEFT,normal
T001252,2026-09-04T10:41:16,AC43800696,AC52410090,2898.51,UPI,normal
T001253,2026-09-04T10:49:45,AC13422671,AC29190316,292.28,IMPS,normal
T001254,2026-09-04T10:50:25,AC55641228,AC43971558,470.82,UPI,normal
T001255,2026-09-04T10:51:00,AC70288912,AC71561748,2851.85,NEFT,normal
T001256,2026-09-04T10:53:07,AC92083983,AC52410090,754.98,UPI,normal
T001257,2026-09-04T10:53:53,AC97197858,AC61585853,1500.00,UPI,normal
T001258,2026-09-04T10:59:13,AC15032582,AC26421523,2652.81,UPI,normal
T001259,2026-09-04T11:06:08,AC30256261,AC67917877,490.02,UPI,normal
T001260,2026-09-04T11:09:35,AC53464097,AC31849997,278.95,IMPS,normal
T001261,2026-09-04T11:09:38,AC70712824,AC29190316,1632.93,UPI,normal
T001262,2026-09-04T11:13:58,AC26151306,AC12426922,3925.78,IMPS,normal
T001263,2026-09-04T11:14:51,AC13757254,AC36272404,2877.82,UPI,normal
T001264,2026-09-04T11:15:11,AC61061966,AC40026139,508.21,NEFT,normal
T001265,2026-09-04T11:16:25,AC74239549,AC22374072,177.15,UPI,normal
T001266,2026-09-04T11:16:27,AC32140838,AC30729474,2924.15,UPI,normal
T001267,2026-09-04T11:19:37,AC53752583,AC40026139,1116.56,UPI,normal
T001268,2026-09-04T11:24:45,AC68224916,AC61585853,1500.00,UPI,normal
T001269,2026-09-04T11:30:18,AC95149012,AC61585853,1500.00,UPI,normal
T001270,2026-09-04T11:38:35,AC98027796,AC69117285,1146.53,IMPS,normal
T001271,2026-09-04T11:41:24,AC87097845,AC71561748,1628.75,NEFT,normal
T001272,2026-09-04T11:48:52,AC70690025,AC59117315,2860.76,UPI,normal
T001273,2026-09-04T11:51:22,AC10031310,AC67917877,2933.79,UPI,normal
T001274,2026-09-04T11:53:10,AC53752583,AC29190316,1103.07,UPI,normal
T001275,2026-09-04T11:58:28,AC56208603,AC22633303,154.80,UPI,normal
T001276,2026-09-04T12:00:44,AC89976351,AC71561748,2477.35,UPI,normal
T001277,2026-09-04T12:00:46,AC69491792,AC63453132,521.01,UPI,normal
T001278,2026-09-04T12:03:08,AC25846520,AC31849997,689.95,UPI,normal
T001279,2026-09-04T12:06:34,AC66126116,AC38546741,667.63,NEFT,normal
T001280,2026-09-04T12:13:38,AC71289682,AC38546741,277.48,UPI,normal
T001281,2026-09-04T12:14:56,AC39962626,AC71561748,1613.82,UPI,normal
T001282,2026-09-04T12:19:08,AC56625835,AC99855030,1225.56,IMPS,normal
T001283,2026-09-04T12:19:31,AC36752197,AC74628898,3907.00,UPI,normal
T001284,2026-09-04T12:21:03,AC59081935,AC26421523,764.16,UPI,normal
T001285,2026-09-04T12:24:45,AC20815439,AC29190316,121.96,NEFT,normal
T001286,2026-09-04T12:25:06,AC33651543,AC40026139,378.09,UPI,normal
T001287,2026-09-04T12:28:26,AC92083983,AC31849997,1506.17,UPI,normal
T001288,2026-09-04T12:32:58,AC34256684,AC72164355,421.00,UPI,normal
T001289,2026-09-04T12:33:32,AC38816302,AC42297987,1127.31,UPI,normal
T001290,2026-09-04T12:46:51,AC17933677,AC61585853,1500.00,UPI,normal
T001291,2026-09-04T12:50:39,AC39673100,AC59148289,1119.76,UPI,normal
T001292,2026-09-04T12:56:41,AC51309941,AC64198427,214.23,IMPS,normal
T001293,2026-09-04T12:57:27,AC57722796,AC69117285,978.43,NEFT,normal
T001294,2026-09-04T13:01:44,AC46230636,AC57864027,980.44,UPI,normal
T001295,2026-09-04T13:04:39,AC53752583,AC22374072,2846.08,UPI,normal
T001296,2026-09-04T13:11:49,AC36763445,AC40026139,401.62,NEFT,normal
T001297,2026-09-04T13:19:39,AC29619183,AC69117285,3487.22,UPI,normal
T001298,2026-09-04T13:19:46,AC82023741,AC40026139,907.55,IMPS,normal
T001299,2026-09-04T13:19:58,AC18288654,AC40026139,632.87,IMPS,normal
T001300,2026-09-04T13:20:35,AC93760773,AC66542771,3973.27,UPI,normal
T001301,2026-09-04T13:21:37,AC98915866,AC30287103,20600.00,IMPS,normal
T001302,2026-09-04T13:22:29,AC13749650,AC12426922,3920.04,IMPS,normal
T001303,2026-09-04T13:23:26,AC23715389,AC40026139,1035.28,IMPS,normal
T001304,2026-09-04T13:26:59,AC70690025,AC99635023,500.66,NEFT,normal
T001305,2026-09-04T13:27:26,AC36401454,AC84363365,323.86,IMPS,normal
T001306,2026-09-04T13:28:13,AC67390467,AC59117315,566.99,UPI,normal
T001307,2026-09-04T13:28:14,AC47290936,AC61585853,1500.00,UPI,normal
T001308,2026-09-04T13:28:57,AC73667109,AC40026139,893.30,NEFT,normal
T001309,2026-09-04T13:30:33,AC86072408,AC12426922,2495.20,UPI,normal
T001310,2026-09-04T13:30:57,AC63404922,AC69340085,975.61,NEFT,normal
T001311,2026-09-04T13:32:37,AC32555071,AC39472579,302.45,UPI,normal
T001312,2026-09-04T13:33:10,AC37430528,AC50638453,411.90,NEFT,normal
T001313,2026-09-04T13:34:05,AC34473646,AC98618129,730.86,IMPS,normal
T001314,2026-09-04T13:39:27,AC60496650,AC61585853,1500.00,UPI,normal
T001315,2026-09-04T13:39:45,AC66126116,AC98618129,303.16,UPI,normal
T001316,2026-09-04T13:40:29,AC27874421,AC19736972,1376.04,UPI,normal
T001317,2026-09-04T13:42:02,AC52164119,AC99635023,2413.50,UPI,normal
T001318,2026-09-04T13:45:23,AC59217612,AC52751778,1094.10,NEFT,normal
T001319,2026-09-04T13:50:09,AC92083983,AC99635023,3717.40,UPI,normal
T001320,2026-09-04T13:57:51,AC79476293,AC69117285,1206.77,UPI,normal
T001321,2026-09-04T13:59:16,AC22633920,AC42297987,556.95,IMPS,normal
T001322,2026-09-04T13:59:42,AC69072565,AC69117285,2697.03,UPI,normal
T001323,2026-09-04T14:05:10,AC17912728,AC39472579,1763.67,UPI,normal
T001324,2026-09-04T14:05:50,AC83744576,AC69117285,1046.44,NEFT,normal
T001325,2026-09-04T14:07:21,AC83061791,AC40026139,616.17,UPI,normal
T001326,2026-09-04T14:13:14,AC45046288,AC12426922,2850.03,IMPS,normal
T001327,2026-09-04T14:13:33,AC20809644,AC12426922,3591.75,UPI,normal
T001328,2026-09-04T14:14:31,AC56171824,AC67917877,906.27,UPI,normal
T001329,2026-09-04T14:20:40,AC33131984,AC40026139,153.72,IMPS,normal
T001330,2026-09-04T14:24:35,AC79188088,AC75399034,291.76,UPI,normal
T001331,2026-09-04T14:31:14,AC50008920,AC99635023,195.99,UPI,normal
T001332,2026-09-04T14:31:18,AC93082061,AC40026139,1293.72,UPI,normal
T001333,2026-09-04T14:32:21,AC67390467,AC84363365,905.74,UPI,normal
T001334,2026-09-04T14:32:49,AC58802897,AC63453132,898.93,UPI,normal
T001335,2026-09-04T14:42:06,AC31321298,AC71561748,3742.24,UPI,normal
T001336,2026-09-04T14:44:40,AC13422671,AC40026139,339.47,UPI,normal
T001337,2026-09-04T14:48:05,AC35583179,AC52410090,776.51,UPI,normal
T001338,2026-09-04T14:48:34,AC44811353,AC22374072,884.94,NEFT,normal
T001339,2026-09-04T14:49:23,AC18142912,AC75399034,2024.22,NEFT,normal
T001340,2026-09-04T14:51:38,AC73093067,AC59148289,752.46,UPI,normal
T001341,2026-09-04T14:54:16,AC52164119,AC75399034,245.74,UPI,normal
T001342,2026-09-04T14:55:41,AC77854192,AC84363365,570.00,IMPS,normal
T001343,2026-09-04T14:57:53,AC28999723,AC69340085,614.86,UPI,normal
T001344,2026-09-04T14:58:04,AC17246803,AC84363365,1077.20,NEFT,normal
T001345,2026-09-04T14:59:04,AC93760773,AC28422000,2410.47,UPI,normal
T001346,2026-09-04T15:01:55,AC95132904,AC59117315,1135.66,UPI,normal
T001347,2026-09-04T15:05:13,AC27874421,AC66542771,355.18,NEFT,normal
T001348,2026-09-04T15:07:12,AC85748230,AC99855030,463.45,UPI,normal
T001349,2026-09-04T15:08:34,AC21527244,AC30729474,1576.59,NEFT,normal
T001350,2026-09-04T15:17:34,AC83849218,AC12426922,3133.97,UPI,normal
T001351,2026-09-04T15:18:06,AC36401454,AC39472579,184.22,UPI,normal
T001352,2026-09-04T15:20:59,AC92891895,AC61585853,1500.00,UPI,normal
T001353,2026-09-04T15:21:51,AC97366946,AC43971558,667.47,UPI,normal
T001354,2026-09-04T15:23:45,AC34256684,AC52751778,583.87,UPI,normal
T001355,2026-09-04T15:24:15,AC79476293,AC59117315,805.53,UPI,normal
T001356,2026-09-04T15:29:01,AC16655764,AC22374072,4370.67,NEFT,normal
T001357,2026-09-04T15:38:52,AC24754327,AC69117285,1224.87,UPI,normal
T001358,2026-09-04T15:43:50,AC33651543,AC72778440,109.42,UPI,normal
T001359,2026-09-04T15:49:16,AC40446731,AC40026139,145.09,UPI,normal
T001360,2026-09-04T15:50:43,AC99141000,AC99635023,453.42,UPI,normal
T001361,2026-09-04T15:55:09,AC74758310,AC98618129,300.56,UPI,normal
T001362,2026-09-04T15:57:30,AC79476293,AC99635023,1138.55,UPI,normal
T001363,2026-09-04T16:02:22,AC36146343,AC99635023,526.69,UPI,normal
T001364,2026-09-04T16:09:08,AC97197858,AC99635023,215.23,UPI,normal
T001365,2026-09-04T16:09:53,AC92083983,AC39472579,366.08,NEFT,normal
T001366,2026-09-04T16:13:26,AC83270296,AC30729474,1123.39,UPI,normal
T001367,2026-09-04T16:14:44,AC73093067,AC99635023,509.63,UPI,normal
T001368,2026-09-04T16:14:54,AC19039243,AC99635023,287.49,NEFT,normal
T001369,2026-09-04T16:17:11,AC81924865,AC71561748,3757.15,UPI,normal
T001370,2026-09-04T16:23:14,AC91220385,AC69117285,2350.20,UPI,normal
T001371,2026-09-04T16:29:43,AC87097845,AC61585853,1500.00,UPI,normal
T001372,2026-09-04T16:29:59,AC30287103,AC66978001,18900.00,UPI,normal
T001373,2026-09-04T16:32:02,AC83589642,AC22374072,2435.28,NEFT,normal
T001374,2026-09-04T16:34:09,AC26616417,AC26421523,709.23,UPI,normal
T001375,2026-09-04T16:35:03,AC57709585,AC30729474,250.56,UPI,normal
T001376,2026-09-04T16:44:43,AC39936146,AC95341298,2477.00,NEFT,normal
T001377,2026-09-04T16:44:48,AC99141000,AC12426922,1298.57,UPI,normal
T001378,2026-09-04T16:45:16,AC18354761,AC98618129,857.15,IMPS,normal
T001379,2026-09-04T16:46:04,AC88590039,AC40026139,471.59,UPI,normal
T001380,2026-09-04T16:52:28,AC84903659,AC19736972,848.91,NEFT,normal
T001381,2026-09-04T16:58:32,AC15032582,AC59117315,186.08,UPI,normal
T001382,2026-09-04T17:00:52,AC81366283,AC79203339,789.81,IMPS,normal
T001383,2026-09-04T17:06:04,AC34256684,AC22633303,2398.11,UPI,normal
T001384,2026-09-04T17:08:47,AC47369042,AC30729474,331.67,IMPS,normal
T001385,2026-09-04T17:09:46,AC38558820,AC66542771,235.24,UPI,normal
T001386,2026-09-04T17:10:42,AC73632401,AC57864027,275.13,NEFT,normal
T001387,2026-09-04T17:11:04,AC18302983,AC28422000,3129.81,NEFT,normal
T001388,2026-09-04T17:11:10,AC75507385,AC59148289,353.29,UPI,normal
T001389,2026-09-04T17:13:21,AC17912728,AC12614954,1770.07,IMPS,normal
T001390,2026-09-04T17:14:03,AC21527244,AC84363365,1960.95,UPI,normal
T001391,2026-09-04T17:15:57,AC73093067,AC42297987,214.75,UPI,normal
T001392,2026-09-04T17:24:45,AC63873226,AC40026139,1605.61,UPI,normal
T001393,2026-09-04T17:26:10,AC88061052,AC40026139,565.80,UPI,normal
T001394,2026-09-04T17:26:21,AC11911654,AC55515398,400.83,UPI,normal
T001395,2026-09-04T17:30:22,AC82903368,AC69117285,1817.62,UPI,normal
T001396,2026-09-04T17:30:28,AC37643310,AC71561748,559.53,NEFT,normal
T001397,2026-09-04T17:31:02,AC71967692,AC71561748,1755.57,IMPS,normal
T001398,2026-09-04T17:32:16,AC21397668,AC99635023,584.63,NEFT,normal
T001399,2026-09-04T17:33:42,AC72544046,AC55515398,577.18,UPI,normal
T001400,2026-09-04T17:38:35,AC13629581,AC71561748,827.67,UPI,normal
T001401,2026-09-04T17:46:08,AC28999723,AC71561748,1600.61,UPI,normal
T001402,2026-09-04T17:46:58,AC37543491,AC40026139,1374.55,UPI,normal
T001403,2026-09-04T17:52:53,AC96856164,AC96363470,542.28,IMPS,normal
T001404,2026-09-04T17:53:56,AC76140059,AC29190316,594.13,NEFT,normal
T001405,2026-09-04T17:58:33,AC91907998,AC84363365,1244.61,IMPS,normal
T001406,2026-09-04T18:04:36,AC17933677,AC39472579,428.71,UPI,normal
T001407,2026-09-04T18:04:57,AC40970943,AC31671607,635.50,NEFT,normal
T001408,2026-09-04T18:10:00,AC56625835,AC61585853,1500.00,UPI,normal
T001409,2026-09-04T18:12:36,AC17999533,AC69117285,3122.68,UPI,normal
T001410,2026-09-04T18:19:12,AC53753544,AC38546741,1445.93,UPI,normal
T001411,2026-09-04T18:22:10,AC80881649,AC57864027,1251.06,UPI,normal
T001412,2026-09-04T18:27:47,AC76662562,AC38546741,654.62,UPI,normal
T001413,2026-09-04T18:34:45,AC17784483,AC84363365,315.41,UPI,normal
T001414,2026-09-04T18:40:14,AC43239798,AC52751778,829.78,UPI,normal
T001415,2026-09-04T18:43:46,AC57709585,AC30729474,2319.70,IMPS,normal
T001416,2026-09-04T18:50:47,AC92083983,AC59117315,417.23,UPI,normal
T001417,2026-09-04T18:56:43,AC24754327,AC84363365,649.37,UPI,normal
T001418,2026-09-04T18:56:43,AC36192056,AC19736972,160.69,UPI,normal
T001419,2026-09-04T18:56:46,AC72164355,AC40026139,96.17,UPI,normal
T001420,2026-09-04T18:57:15,AC80263864,AC31849997,692.84,UPI,normal
T001421,2026-09-04T18:59:27,AC58877189,AC67917877,1853.82,UPI,normal
T001422,2026-09-04T19:01:10,AC88220482,AC99635023,101.32,UPI,normal
T001423,2026-09-04T19:02:57,AC18302983,AC59117315,498.59,NEFT,normal
T001424,2026-09-04T19:11:41,AC96290869,AC39472579,1688.46,UPI,normal
T001425,2026-09-04T19:11:46,AC71230843,AC29190316,735.84,UPI,normal
T001426,2026-09-04T19:13:14,AC26843185,AC40026139,2536.89,NEFT,normal
T001427,2026-09-04T19:13:48,AC58153450,AC43234300,2528.00,UPI,normal
T001428,2026-09-04T19:16:17,AC37910936,AC59117315,660.28,UPI,normal
T001429,2026-09-04T19:18:58,AC17912728,AC28422000,2295.46,UPI,normal
T001430,2026-09-04T19:19:18,AC50008920,AC39472579,890.79,IMPS,normal
T001431,2026-09-04T19:19:28,AC78149300,AC12426922,3765.39,IMPS,normal
T001432,2026-09-04T19:21:12,AC22007414,AC22374072,814.54,NEFT,normal
T001433,2026-09-04T19:23:34,AC74160948,AC59117315,757.27,UPI,normal
T001434,2026-09-04T19:24:19,AC77330181,AC22374072,962.67,UPI,normal
T001435,2026-09-04T19:27:50,AC88295746,AC19736972,1723.84,UPI,normal
T001436,2026-09-04T19:29:53,AC51856109,AC63453132,212.98,UPI,normal
T001437,2026-09-04T19:31:31,AC92083983,AC71561748,3420.28,UPI,normal
T001438,2026-09-04T19:35:09,AC81232885,AC38546741,726.44,UPI,normal
T001439,2026-09-04T19:36:32,AC72492024,AC79203339,819.95,NEFT,normal
T001440,2026-09-04T19:36:34,AC23711300,AC38546741,1112.96,NEFT,normal
T001441,2026-09-04T19:36:47,AC89774974,AC36272404,1045.29,UPI,normal
T001442,2026-09-04T19:53:46,AC80881649,AC30729474,1393.04,UPI,normal
T001443,2026-09-04T19:53:54,AC30306925,AC30729474,440.26,NEFT,normal
T001444,2026-09-04T19:57:35,AC82687908,AC19736972,753.66,UPI,normal
T001445,2026-09-04T19:59:32,AC18505221,AC12426922,2444.29,UPI,normal
T001446,2026-09-04T20:00:46,AC18724149,AC38546741,1018.02,IMPS,normal
T001447,2026-09-04T20:01:16,AC33651543,AC99635023,121.01,IMPS,normal
T001448,2026-09-04T20:02:02,AC26843185,AC55362865,1439.46,IMPS,normal
T001449,2026-09-04T20:10:10,AC26843185,AC40026139,432.87,UPI,normal
T001450,2026-09-04T20:10:49,AC26151306,AC52751778,516.08,UPI,normal
T001451,2026-09-04T20:10:56,AC17056578,AC40026139,177.61,UPI,normal
T001452,2026-09-04T20:12:30,AC75627516,AC23793831,4536.00,IMPS,normal
T001453,2026-09-04T20:13:45,AC30106149,AC12426922,621.96,UPI,normal
T001454,2026-09-04T20:22:31,AC32329304,AC61585853,1500.00,UPI,normal
T001455,2026-09-04T20:27:32,AC55641228,AC99635023,1895.91,NEFT,normal
T001456,2026-09-04T20:28:11,AC29938108,AC99635023,1417.99,IMPS,normal
T001457,2026-09-04T20:30:34,AC35215622,AC69117285,1317.74,UPI,normal
T001458,2026-09-04T20:31:02,AC70241505,AC61585853,1500.00,UPI,normal
T001459,2026-09-04T20:31:49,AC25846520,AC36272404,264.38,IMPS,normal
T001460,2026-09-04T20:33:14,AC68240437,AC79203339,494.26,UPI,normal
T001461,2026-09-04T20:34:49,AC88220482,AC76140059,4712.00,UPI,normal
T001462,2026-09-04T20:34:52,AC63404922,AC12614954,145.14,IMPS,normal
T001463,2026-09-04T20:39:02,AC47502921,AC71561748,3529.97,UPI,normal
T001464,2026-09-04T20:42:42,AC21138017,AC29190316,651.79,UPI,normal
T001465,2026-09-04T20:51:46,AC18427393,AC99855030,757.49,UPI,normal
T001466,2026-09-04T20:53:03,AC69812891,AC99635023,356.30,NEFT,normal
T001467,2026-09-04T20:54:18,AC26843185,AC59117315,1263.95,UPI,normal
T001468,2026-09-04T20:56:54,AC72492024,AC59560375,1707.00,UPI,normal
T001469,2026-09-04T20:57:15,AC17999533,AC63453132,299.92,UPI,normal
T001470,2026-09-04T20:59:28,AC91220385,AC69340085,1179.72,UPI,normal
T001471,2026-09-04T21:00:35,AC81281134,AC55515398,155.26,UPI,normal
T001472,2026-09-04T21:01:24,AC77330181,AC55515398,335.84,UPI,normal
T001473,2026-09-04T21:07:51,AC88710264,AC66542771,372.97,UPI,normal
T001474,2026-09-04T21:09:47,AC93082061,AC40026139,216.46,IMPS,normal
T001475,2026-09-04T21:09:51,AC57484087,AC71561748,1494.93,UPI,normal
T001476,2026-09-04T21:10:46,AC62472380,AC55362865,417.55,NEFT,normal
T001477,2026-09-04T21:12:14,AC18724149,AC69117285,3956.27,NEFT,normal
T001478,2026-09-04T21:13:00,AC21397668,AC99635023,920.74,UPI,normal
T001479,2026-09-04T21:13:53,AC12510524,AC72778440,561.79,UPI,normal
T001480,2026-09-04T21:15:28,AC36832537,AC57864027,1454.27,UPI,normal
T001481,2026-09-04T21:19:04,AC26093192,AC29190316,888.99,IMPS,normal
T001482,2026-09-04T21:20:04,AC85196458,AC19814103,325.83,NEFT,normal
T001483,2026-09-04T21:20:20,AC10527808,AC40026139,634.71,UPI,normal
T001484,2026-09-04T21:21:36,AC88592782,AC75399034,1888.39,UPI,normal
T001485,2026-09-04T21:22:25,AC25809806,AC61585853,1500.00,UPI,normal
T001486,2026-09-04T21:23:06,AC66230047,AC59148289,4345.26,UPI,normal
T001487,2026-09-04T21:24:54,AC21527244,AC26421523,536.64,NEFT,normal
T001488,2026-09-04T21:41:45,AC56208603,AC63453132,548.11,NEFT,normal
T001489,2026-09-04T21:44:31,AC39902737,AC50638453,978.24,UPI,normal
T001490,2026-09-04T21:51:14,AC50008920,AC19814103,1012.93,IMPS,normal
T001491,2026-09-04T21:53:20,AC82023741,AC69117285,2111.38,IMPS,normal
T001492,2026-09-04T21:53:47,AC36763445,AC12426922,3150.51,UPI,normal
T001493,2026-09-04T21:55:17,AC80224010,AC71561748,678.23,UPI,normal
T001494,2026-09-04T21:59:28,AC91678821,AC69117285,736.61,UPI,normal
T001495,2026-09-04T22:01:56,AC27050801,AC61585853,1500.00,UPI,normal
T001496,2026-09-04T22:03:32,AC59217612,AC31671607,732.59,UPI,normal
T001497,2026-09-04T22:14:15,AC79571586,AC59148289,514.69,NEFT,normal
T001498,2026-09-04T22:16:42,AC77330181,AC71561748,3723.01,UPI,normal
T001499,2026-09-04T22:18:28,AC78144218,AC79203339,797.96,UPI,normal
T001500,2026-09-04T22:20:11,AC30287103,AC42297987,322.36,NEFT,normal
T001501,2026-09-04T22:22:32,AC23793831,AC79203339,1072.44,UPI,normal
T001502,2026-09-04T22:23:03,AC47290936,AC71561748,3374.58,UPI,normal
T001503,2026-09-04T22:23:12,AC80676511,AC29190316,1045.68,NEFT,normal
T001504,2026-09-04T22:25:02,AC77867728,AC84363365,771.03,UPI,normal
T001505,2026-09-04T22:26:25,AC74758310,AC84363365,1806.36,UPI,normal
T001506,2026-09-04T22:39:53,AC91678821,AC59117315,297.04,IMPS,normal
T001507,2026-09-04T22:45:50,AC43352343,AC39472579,906.08,UPI,normal
T001508,2026-09-04T22:49:33,AC43343251,AC75399034,1121.33,UPI,normal
T001509,2026-09-05T07:01:00,AC34576324,AC67490644,198.75,IMPS,normal
T001510,2026-09-05T07:04:47,AC59217612,AC22374072,919.87,UPI,normal
T001511,2026-09-05T07:07:23,AC13740078,AC55515398,1747.12,UPI,normal
T001512,2026-09-05T07:08:25,AC58153450,AC55515398,540.14,UPI,normal
T001513,2026-09-05T07:08:36,AC90628248,AC71561748,3845.10,NEFT,normal
T001514,2026-09-05T07:09:39,AC55987803,AC69117285,2961.99,NEFT,normal
T001515,2026-09-05T07:16:53,AC61780050,AC29190316,538.02,UPI,normal
T001516,2026-09-05T07:19:59,AC94212661,AC71561748,1582.23,UPI,normal
T001517,2026-09-05T07:21:45,AC53464097,AC38546741,900.71,UPI,normal
T001518,2026-09-05T07:23:01,AC27550747,AC59148289,746.22,UPI,normal
T001519,2026-09-05T07:23:11,AC29552354,AC59148289,283.79,UPI,normal
T001520,2026-09-05T07:23:47,AC21527244,AC19814103,1324.37,UPI,normal
T001521,2026-09-05T07:36:39,AC58802897,AC61585853,1500.00,UPI,normal
T001522,2026-09-05T07:37:23,AC80676511,AC55515398,1564.41,IMPS,normal
T001523,2026-09-05T07:38:36,AC89976351,AC59148289,2000.87,NEFT,normal
T001524,2026-09-05T07:41:10,AC85196458,AC40026139,387.52,UPI,normal
T001525,2026-09-05T07:46:14,AC49321318,AC62662255,1390.13,NEFT,normal
T001526,2026-09-05T07:46:55,AC47290936,AC52410090,2057.31,NEFT,normal
T001527,2026-09-05T07:47:53,AC88295746,AC99635023,311.88,UPI,normal
T001528,2026-09-05T07:49:22,AC25146464,AC12614954,577.45,UPI,normal
T001529,2026-09-05T07:51:58,AC95753514,AC69117285,1614.23,IMPS,normal
T001530,2026-09-05T07:52:40,AC59982352,AC61585853,1500.00,UPI,normal
T001531,2026-09-05T07:55:10,AC80676511,AC40026139,260.37,NEFT,normal
T001532,2026-09-05T07:58:05,AC78106871,AC19814103,1229.48,UPI,normal
T001533,2026-09-05T08:05:25,AC28999723,AC57864027,239.61,UPI,normal
T001534,2026-09-05T08:11:07,AC79188088,AC29190316,438.51,IMPS,normal
T001535,2026-09-05T08:13:33,AC58553593,AC12426922,1522.05,UPI,normal
T001536,2026-09-05T08:16:19,AC50008920,AC61585853,1500.00,UPI,normal
T001537,2026-09-05T08:21:49,AC47167180,AC12426922,2306.96,UPI,normal
T001538,2026-09-05T08:25:13,AC30287103,AC64198427,809.38,UPI,normal
T001539,2026-09-05T08:26:23,AC19722233,AC22374072,609.30,NEFT,normal
T001540,2026-09-05T08:28:10,AC23715389,AC42297987,275.30,UPI,normal
T001541,2026-09-05T08:29:03,AC10031310,AC69117285,594.23,UPI,normal
T001542,2026-09-05T08:36:06,AC61780050,AC84363365,1098.14,UPI,normal
T001543,2026-09-05T08:40:08,AC15663839,AC99635023,1442.25,NEFT,normal
T001544,2026-09-05T08:41:04,AC52110478,AC12426922,1542.81,UPI,normal
T001545,2026-09-05T08:41:10,AC22175294,AC22374072,1324.80,NEFT,normal
T001546,2026-09-05T08:42:27,AC48578460,AC84363365,705.27,IMPS,normal
T001547,2026-09-05T08:47:12,AC19039243,AC55515398,145.02,NEFT,normal
T001548,2026-09-05T08:49:45,AC97641229,AC22374072,487.46,IMPS,normal
T001549,2026-09-05T08:50:37,AC99141000,AC80676511,4519.00,UPI,normal
T001550,2026-09-05T09:00:17,AC83061791,AC63453132,137.95,IMPS,normal
T001551,2026-09-05T09:02:53,AC42284650,AC59117315,421.72,NEFT,normal
T001552,2026-09-05T09:08:17,AC70288912,AC66542771,739.02,NEFT,normal
T001553,2026-09-05T09:09:30,AC91847639,AC26421523,829.76,UPI,normal
T001554,2026-09-05T09:10:03,AC76662562,AC26421523,708.27,NEFT,normal
T001555,2026-09-05T09:11:02,AC76453392,AC99635023,1808.12,UPI,normal
T001556,2026-09-05T09:14:49,AC20809644,AC61585853,1500.00,UPI,normal
T001557,2026-09-05T09:17:08,AC13889649,AC99635023,951.70,UPI,normal
T001558,2026-09-05T09:20:36,AC78524460,AC69117285,2503.36,IMPS,normal
T001559,2026-09-05T09:28:25,AC35583179,AC69117285,2578.52,IMPS,normal
T001560,2026-09-05T09:30:18,AC17056578,AC12426922,1658.35,UPI,normal
T001561,2026-09-05T09:33:14,AC83639904,AC71561748,1363.53,NEFT,normal
T001562,2026-09-05T09:35:25,AC76640001,AC84363365,2174.12,UPI,normal
T001563,2026-09-05T09:37:02,AC98027796,AC59117315,240.04,UPI,normal
T001564,2026-09-05T09:41:11,AC35676674,AC19736972,356.24,IMPS,normal
T001565,2026-09-05T09:45:02,AC55330357,AC55515398,2885.31,UPI,normal
T001566,2026-09-05T09:46:15,AC32140838,AC59117315,227.45,IMPS,normal
T001567,2026-09-05T09:54:34,AC70712824,AC71561748,2275.29,UPI,normal
T001568,2026-09-05T09:56:48,AC39589952,AC61585853,1500.00,UPI,normal
T001569,2026-09-05T09:58:01,AC63746500,AC57864027,392.64,NEFT,normal
T001570,2026-09-05T10:01:49,AC20809644,AC19736972,362.64,UPI,normal
T001571,2026-09-05T10:02:23,AC70025882,AC24754327,4701.00,IMPS,normal
T001572,2026-09-05T10:08:51,AC92374421,AC52751778,3400.42,UPI,normal
T001573,2026-09-05T10:08:57,AC69072565,AC63128543,927.00,UPI,normal
T001574,2026-09-05T10:16:01,AC93082061,AC31671607,482.83,UPI,normal
T001575,2026-09-05T10:18:00,AC18427393,AC39472579,328.52,NEFT,normal
T001576,2026-09-05T10:18:35,AC57484087,AC59117315,296.62,UPI,normal
T001577,2026-09-05T10:18:50,AC21378775,AC99635023,169.49,UPI,normal
T001578,2026-09-05T10:27:35,AC50298754,AC59148289,160.26,UPI,normal
T001579,2026-09-05T10:28:33,AC23715389,AC61585853,1500.00,UPI,normal
T001580,2026-09-05T10:30:40,AC19039243,AC69117285,3368.83,IMPS,normal
T001581,2026-09-05T10:32:45,AC97641229,AC38546741,5474.39,IMPS,normal
T001582,2026-09-05T10:42:15,AC88590039,AC99635023,549.25,IMPS,normal
T001583,2026-09-05T10:42:29,AC29552354,AC31849997,1715.39,UPI,normal
T001584,2026-09-05T10:47:30,AC43343251,AC59117315,2111.48,NEFT,normal
T001585,2026-09-05T10:55:49,AC37643310,AC34576324,3652.00,UPI,normal
T001586,2026-09-05T11:06:01,AC55641228,AC12426922,2487.18,UPI,normal
T001587,2026-09-05T11:16:11,AC84903659,AC61585853,1500.00,UPI,normal
T001588,2026-09-05T11:19:55,AC69491792,AC99635023,312.19,UPI,normal
T001589,2026-09-05T11:21:11,AC58877189,AC29190316,396.64,IMPS,normal
T001590,2026-09-05T11:22:25,AC21378775,AC63453132,781.53,NEFT,normal
T001591,2026-09-05T11:24:13,AC93760773,AC12426922,3200.35,UPI,normal
T001592,2026-09-05T11:24:45,AC79571586,AC99635023,684.48,UPI,normal
T001593,2026-09-05T11:25:35,AC87457446,AC78524460,1664.00,UPI,normal
T001594,2026-09-05T11:28:22,AC59982352,AC99635023,276.54,NEFT,normal
T001595,2026-09-05T11:32:49,AC74628898,AC31667923,4821.00,UPI,normal
T001596,2026-09-05T11:34:50,AC59982352,AC22374072,911.49,UPI,normal
T001597,2026-09-05T11:38:49,AC52763335,AC55515398,2671.78,UPI,normal
T001598,2026-09-05T11:44:50,AC89070818,AC78710461,685.00,IMPS,normal
T001599,2026-09-05T11:46:31,AC23741157,AC64198427,698.43,IMPS,normal
T001600,2026-09-05T11:52:27,AC69072565,AC55515398,543.88,NEFT,normal
T001601,2026-09-05T11:54:56,AC81924865,AC96856164,4448.00,UPI,normal
T001602,2026-09-05T11:58:09,AC55987803,AC30729474,250.67,NEFT,normal
T001603,2026-09-05T11:58:39,AC69491792,AC61585853,1500.00,UPI,normal
T001604,2026-09-05T12:01:03,AC69072565,AC59148289,1893.02,NEFT,normal
T001605,2026-09-05T12:01:13,AC43352343,AC71561748,1700.95,NEFT,normal
T001606,2026-09-05T12:06:47,AC25846520,AC71561748,1243.76,UPI,normal
T001607,2026-09-05T12:12:23,AC26151306,AC99635023,874.23,NEFT,normal
T001608,2026-09-05T12:18:54,AC12510524,AC30729474,366.86,UPI,normal
T001609,2026-09-05T12:23:04,AC41317839,AC12426922,1743.16,UPI,normal
T001610,2026-09-05T12:26:06,AC23119148,AC64198427,874.38,IMPS,normal
T001611,2026-09-05T12:27:03,AC56574257,AC19736972,338.92,NEFT,normal
T001612,2026-09-05T12:27:38,AC87097845,AC26421523,458.24,NEFT,normal
T001613,2026-09-05T12:31:00,AC22175294,AC29190316,686.89,UPI,normal
T001614,2026-09-05T12:49:40,AC17999533,AC61585853,1500.00,UPI,normal
T001615,2026-09-05T12:50:23,AC22175294,AC29190316,500.10,UPI,normal
T001616,2026-09-05T12:55:45,AC43857462,AC69117285,3995.37,NEFT,normal
T001617,2026-09-05T13:01:03,AC91907998,AC79203339,595.31,IMPS,normal
T001618,2026-09-05T13:02:57,AC63428001,AC61585853,1500.00,UPI,normal
T001619,2026-09-05T13:04:42,AC74160948,AC39472579,548.95,UPI,normal
T001620,2026-09-05T13:05:12,AC21535642,AC72778440,1574.41,IMPS,normal
T001621,2026-09-05T13:07:42,AC79301246,AC99635023,221.89,IMPS,normal
T001622,2026-09-05T13:10:04,AC51403729,AC71561748,985.04,IMPS,normal
T001623,2026-09-05T13:10:25,AC99745048,AC69117285,705.57,NEFT,normal
T001624,2026-09-05T13:10:40,AC69139937,AC55515398,377.05,NEFT,normal
T001625,2026-09-05T13:16:07,AC51856109,AC71561748,3514.68,UPI,normal
T001626,2026-09-05T13:30:09,AC36192056,AC99635023,189.12,NEFT,normal
T001627,2026-09-05T13:31:49,AC35990584,AC52410090,981.68,NEFT,normal
T001628,2026-09-05T13:32:19,AC46298660,AC67917877,969.77,UPI,normal
T001629,2026-09-05T13:36:04,AC74239549,AC12426922,1653.79,UPI,normal
T001630,2026-09-05T13:41:09,AC11619076,AC12426922,1217.27,IMPS,normal
T001631,2026-09-05T13:46:48,AC81751584,AC19814103,334.72,UPI,normal
T001632,2026-09-05T13:47:30,AC12510524,AC42297987,457.29,NEFT,normal
T001633,2026-09-05T13:49:37,AC59217612,AC80901507,4911.00,NEFT,normal
T001634,2026-09-05T13:55:10,AC62148384,AC62662255,608.71,NEFT,normal
T001635,2026-09-05T13:56:22,AC99745048,AC61585853,1500.00,UPI,normal
T001636,2026-09-05T13:58:12,AC72458740,AC30729474,4457.02,NEFT,normal
T001637,2026-09-05T14:00:12,AC79578048,AC34576324,2111.00,NEFT,normal
T001638,2026-09-05T14:02:05,AC30306925,AC26421523,207.71,IMPS,normal
T001639,2026-09-05T14:08:48,AC56573688,AC39472579,535.43,UPI,normal
T001640,2026-09-05T14:09:14,AC38558820,AC99635023,773.41,UPI,normal
T001641,2026-09-05T14:12:46,AC30399018,AC59148289,394.60,UPI,normal
T001642,2026-09-05T14:16:40,AC43239798,AC75399034,1510.16,UPI,normal
T001643,2026-09-05T14:17:21,AC37643310,AC84363365,473.94,UPI,normal
T001644,2026-09-05T14:19:11,AC25716331,AC99635023,820.99,UPI,normal
T001645,2026-09-05T14:27:45,AC79358465,AC90836544,3245.00,UPI,normal
T001646,2026-09-05T14:29:01,AC47840101,AC49321318,1788.00,UPI,normal
T001647,2026-09-05T14:31:04,AC18174466,AC29190316,361.39,UPI,normal
T001648,2026-09-05T14:33:27,AC86626738,AC48197765,1204.00,NEFT,normal
T001649,2026-09-05T14:33:32,AC63404922,AC39472579,276.71,IMPS,normal
T001650,2026-09-05T14:34:19,AC33131984,AC99855030,595.90,NEFT,normal
T001651,2026-09-05T14:40:23,AC13889649,AC85064182,3656.00,UPI,normal
T001652,2026-09-05T14:43:17,AC79188088,AC84363365,1145.68,UPI,normal
T001653,2026-09-05T14:43:48,AC74758310,AC26421523,252.36,NEFT,normal
T001654,2026-09-05T14:43:57,AC56911734,AC98618129,594.42,UPI,normal
T001655,2026-09-05T14:52:09,AC61061966,AC98217056,2792.00,UPI,normal
T001656,2026-09-05T14:52:45,AC50008920,AC74353833,3866.00,IMPS,normal
T001657,2026-09-05T14:56:15,AC66238912,AC27550747,3719.00,NEFT,normal
T001658,2026-09-05T14:58:57,AC73093067,AC42297987,249.66,UPI,normal
T001659,2026-09-05T15:00:03,AC57000147,AC84363365,346.80,UPI,normal
T001660,2026-09-05T15:00:22,AC46230636,AC56625835,3771.00,NEFT,normal
T001661,2026-09-05T15:00:22,AC42130069,AC30729474,523.78,UPI,normal
T001662,2026-09-05T15:05:13,AC82023741,AC31849997,825.51,UPI,normal
T001663,2026-09-05T15:17:23,AC63428001,AC52751778,672.78,UPI,normal
T001664,2026-09-05T15:19:32,AC52763335,AC38546741,106.74,IMPS,normal
T001665,2026-09-05T15:19:59,AC82023741,AC28422000,349.98,UPI,normal
T001666,2026-09-05T15:21:52,AC10256129,AC30379134,1834.00,UPI,normal
T001667,2026-09-05T15:22:55,AC36832537,AC66542771,859.91,IMPS,normal
T001668,2026-09-05T15:23:02,AC47369042,AC71561748,2004.02,UPI,normal
T001669,2026-09-05T15:25:29,AC32555071,AC12426922,759.15,NEFT,normal
T001670,2026-09-05T15:27:38,AC35215622,AC39472579,1054.25,NEFT,normal
T001671,2026-09-05T15:27:51,AC86626738,AC99635023,509.96,UPI,normal
T001672,2026-09-05T15:28:52,AC30302435,AC36272404,2759.74,NEFT,normal
T001673,2026-09-05T15:32:49,AC52110478,AC19824854,3581.00,UPI,normal
T001674,2026-09-05T15:33:33,AC95753514,AC79203339,356.00,UPI,normal
T001675,2026-09-05T15:34:44,AC55650450,AC29190316,624.05,IMPS,normal
T001676,2026-09-05T15:37:13,AC52110478,AC52751778,254.26,NEFT,normal
T001677,2026-09-05T15:38:50,AC22175294,AC64198427,4505.42,UPI,normal
T001678,2026-09-05T15:44:49,AC37910936,AC69117285,1462.29,UPI,normal
T001679,2026-09-05T15:55:21,AC70825377,AC59148289,296.29,IMPS,normal
T001680,2026-09-05T16:02:00,AC26093192,AC28422000,285.02,UPI,normal
T001681,2026-09-05T16:02:14,AC39673100,AC12426922,3740.76,UPI,normal
T001682,2026-09-05T16:02:50,AC42301241,AC12426922,3686.54,UPI,normal
T001683,2026-09-05T16:09:00,AC94212661,AC99635023,1468.95,UPI,normal
T001684,2026-09-05T16:09:12,AC17246803,AC29190316,539.22,UPI,normal
T001685,2026-09-05T16:13:44,AC69491792,AC96363470,1185.31,UPI,normal
T001686,2026-09-05T16:14:13,AC66119495,AC38546741,16042.58,IMPS,normal
T001687,2026-09-05T16:14:45,AC70025882,AC36272404,585.14,UPI,normal
T001688,2026-09-05T16:14:54,AC42130069,AC50638453,1236.72,IMPS,normal
T001689,2026-09-05T16:15:15,AC70025882,AC12614954,3557.64,IMPS,normal
T001690,2026-09-05T16:15:18,AC88592782,AC66542771,298.44,UPI,normal
T001691,2026-09-05T16:27:25,AC63128543,AC99635023,433.69,IMPS,normal
T001692,2026-09-05T16:36:22,AC76640001,AC62662255,682.07,NEFT,normal
T001693,2026-09-05T16:41:00,AC21643368,AC26421523,504.90,UPI,normal
T001694,2026-09-05T16:41:13,AC84903659,AC69117285,2803.76,UPI,normal
T001695,2026-09-05T16:41:55,AC89297484,AC19814103,393.42,IMPS,normal
T001696,2026-09-05T16:42:33,AC35676674,AC30729474,3627.07,IMPS,normal
T001697,2026-09-05T16:49:10,AC79301246,AC36272404,1392.38,NEFT,normal
T001698,2026-09-05T16:52:27,AC48197765,AC30729474,115.79,UPI,normal
T001699,2026-09-05T16:54:49,AC63128543,AC99635023,648.48,IMPS,normal
T001700,2026-09-05T17:05:42,AC91733095,AC31849997,428.05,NEFT,normal
T001701,2026-09-05T17:08:39,AC74780629,AC59117315,2751.98,IMPS,normal
T001702,2026-09-05T17:11:02,AC30379134,AC61585853,1500.00,UPI,normal
T001703,2026-09-05T17:16:48,AC22562241,AC67490644,448.33,NEFT,normal
T001704,2026-09-05T17:19:17,AC35583179,AC39472579,1155.41,UPI,normal
T001705,2026-09-05T17:21:53,AC95132904,AC84363365,608.86,UPI,normal
T001706,2026-09-05T17:32:47,AC57709585,AC30729474,133.86,UPI,normal
T001707,2026-09-05T17:35:26,AC66126116,AC43343251,4333.00,UPI,normal
T001708,2026-09-05T17:39:28,AC89976351,AC40026139,377.95,IMPS,normal
T001709,2026-09-05T17:42:13,AC81751584,AC30729474,174.28,UPI,normal
T001710,2026-09-05T17:42:59,AC98217056,AC63453132,604.03,UPI,normal
T001711,2026-09-05T17:47:32,AC20815439,AC99855030,339.78,IMPS,normal
T001712,2026-09-05T17:50:47,AC91996233,AC36272404,1919.77,UPI,normal
T001713,2026-09-05T17:51:47,AC26487605,AC66542771,4745.12,UPI,normal
T001714,2026-09-05T17:53:13,AC24241764,AC69117285,2852.24,NEFT,normal
T001715,2026-09-05T17:59:45,AC36832537,AC59148289,248.68,NEFT,normal
T001716,2026-09-05T18:11:37,AC37910936,AC30729474,325.69,IMPS,normal
T001717,2026-09-05T18:13:00,AC73382988,AC71561748,3485.13,UPI,normal
T001718,2026-09-05T18:15:23,AC91996233,AC38546741,1015.60,UPI,normal
T001719,2026-09-05T18:18:59,AC10031310,AC26421523,3462.23,UPI,normal
T001720,2026-09-05T18:24:41,AC20815439,AC71561748,1740.96,UPI,normal
T001721,2026-09-05T18:27:43,AC39287351,AC30729474,1054.57,IMPS,normal
T001722,2026-09-05T18:29:09,AC64485395,AC98618129,807.50,UPI,normal
T001723,2026-09-05T18:32:10,AC56574257,AC71561748,2734.07,UPI,normal
T001724,2026-09-05T18:34:31,AC71230843,AC12614954,667.02,UPI,normal
T001725,2026-09-05T18:42:11,AC95753514,AC22374072,785.12,NEFT,normal
T001726,2026-09-05T18:43:01,AC91678821,AC30729474,231.41,NEFT,normal
T001727,2026-09-05T18:45:45,AC96856164,AC57864027,4946.20,UPI,normal
T001728,2026-09-05T18:46:36,AC70712824,AC26421523,1440.84,IMPS,normal
T001729,2026-09-05T18:46:54,AC10256129,AC69117285,1197.19,NEFT,normal
T001730,2026-09-05T18:52:38,AC35676674,AC66542771,929.63,UPI,normal
T001731,2026-09-05T18:53:22,AC74939188,AC19736972,741.58,NEFT,normal
T001732,2026-09-05T18:58:48,AC55909953,AC42297987,1133.37,NEFT,normal
T001733,2026-09-05T19:00:22,AC18174466,AC12426922,2715.50,UPI,normal
T001734,2026-09-05T19:01:12,AC13749650,AC40026139,450.64,UPI,normal
T001735,2026-09-05T19:07:36,AC92418944,AC52110478,348.00,IMPS,normal
T001736,2026-09-05T19:12:52,AC33960779,AC57864027,1770.83,UPI,normal
T001737,2026-09-05T19:14:54,AC19824854,AC59148289,311.24,NEFT,normal
T001738,2026-09-05T19:15:15,AC84550146,AC43971558,900.94,UPI,normal
T001739,2026-09-05T19:32:29,AC59560375,AC30729474,90.85,NEFT,normal
T001740,2026-09-05T19:36:34,AC69491792,AC69117285,971.75,UPI,normal
T001741,2026-09-05T19:40:06,AC83744576,AC40026139,464.48,IMPS,normal
T001742,2026-09-05T19:42:16,AC36763445,AC99635023,420.31,UPI,normal
T001743,2026-09-05T19:42:57,AC45265254,AC99635023,937.97,UPI,normal
T001744,2026-09-05T19:46:28,AC56208603,AC19814103,2286.31,IMPS,normal
T001745,2026-09-05T19:50:48,AC95421789,AC12426922,579.01,IMPS,normal
T001746,2026-09-05T19:53:08,AC81924865,AC31671607,1959.23,UPI,normal
T001747,2026-09-05T20:03:12,AC62897893,AC79203339,583.24,UPI,normal
T001748,2026-09-05T20:03:51,AC69139937,AC26421523,262.55,UPI,normal
T001749,2026-09-05T20:05:00,AC19229206,AC69117285,2721.49,NEFT,normal
T001750,2026-09-05T20:05:22,AC77470852,AC71561748,3201.46,UPI,normal
T001751,2026-09-05T20:07:01,AC39936146,AC69117285,2634.66,IMPS,normal
T001752,2026-09-05T20:09:47,AC40970943,AC61585853,1500.00,UPI,normal
T001753,2026-09-05T20:12:33,AC13697544,AC61585853,1500.00,UPI,normal
T001754,2026-09-05T20:13:21,AC23741157,AC71561748,1524.59,UPI,normal
T001755,2026-09-05T20:14:50,AC70025882,AC12426922,3578.14,UPI,normal
T001756,2026-09-05T20:17:27,AC23618316,AC59117315,904.38,NEFT,normal
T001757,2026-09-05T20:19:20,AC28689916,AC42297987,527.72,UPI,normal
T001758,2026-09-05T20:19:30,AC51554798,AC39472579,121.59,UPI,normal
T001759,2026-09-05T20:20:16,AC58940600,AC64198427,622.75,UPI,normal
T001760,2026-09-05T20:20:43,AC19375836,AC39472579,666.65,UPI,normal
T001761,2026-09-05T20:21:28,AC74239549,AC36272404,1326.68,UPI,normal
T001762,2026-09-05T20:24:31,AC71289682,AC42297987,1434.37,UPI,normal
T001763,2026-09-05T20:27:04,AC70825377,AC71561748,2826.81,UPI,normal
T001764,2026-09-05T20:29:39,AC23618316,AC40026139,425.83,UPI,normal
T001765,2026-09-05T20:31:30,AC51554798,AC59117315,2798.97,UPI,normal
T001766,2026-09-05T20:31:54,AC15663839,AC52410090,239.04,UPI,normal
T001767,2026-09-05T20:34:51,AC70712824,AC84363365,592.77,UPI,normal
T001768,2026-09-05T20:37:15,AC30246633,AC61585853,1500.00,UPI,normal
T001769,2026-09-05T20:44:16,AC26151306,AC85748230,1504.00,UPI,normal
T001770,2026-09-05T20:46:01,AC21397668,AC84363365,295.88,UPI,normal
T001771,2026-09-05T20:48:02,AC35583179,AC39472579,767.29,UPI,normal
T001772,2026-09-05T20:55:50,AC70690025,AC29190316,487.90,UPI,normal
T001773,2026-09-05T20:57:18,AC88248519,AC39472579,165.64,NEFT,normal
T001774,2026-09-05T21:13:20,AC26616417,AC69340085,185.39,UPI,normal
T001775,2026-09-05T21:13:20,AC76453392,AC12614954,876.45,UPI,normal
T001776,2026-09-05T21:18:55,AC79188088,AC99635023,639.89,UPI,normal
T001777,2026-09-05T21:23:24,AC67783637,AC50638453,3426.50,NEFT,normal
T001778,2026-09-05T21:24:57,AC91220385,AC61585853,1500.00,UPI,normal
T001779,2026-09-05T21:29:22,AC18142912,AC99635023,842.06,UPI,normal
T001780,2026-09-05T21:37:58,AC81751584,AC82023741,1927.00,UPI,normal
T001781,2026-09-05T21:39:11,AC71289682,AC99635023,330.71,UPI,normal
T001782,2026-09-05T21:46:41,AC28999723,AC61585853,1500.00,UPI,normal
T001783,2026-09-05T21:48:43,AC13028344,AC12426922,2257.36,UPI,normal
T001784,2026-09-05T21:49:42,AC13757254,AC71561748,542.14,IMPS,normal
T001785,2026-09-05T21:53:23,AC39936146,AC29190316,232.29,IMPS,normal
T001786,2026-09-05T21:55:34,AC59982352,AC69117285,605.97,UPI,normal
T001787,2026-09-05T21:56:52,AC81366283,AC36146343,1982.00,UPI,normal
T001788,2026-09-05T21:57:11,AC96856164,AC69117285,540.12,UPI,normal
T001789,2026-09-05T21:57:16,AC79476293,AC29190316,638.11,UPI,normal
T001790,2026-09-05T21:58:27,AC53703122,AC50638453,569.05,UPI,normal
T001791,2026-09-05T22:10:16,AC16655764,AC69117285,3546.18,UPI,normal
T001792,2026-09-05T22:13:48,AC39902737,AC69117285,2821.44,UPI,normal
T001793,2026-09-05T22:19:48,AC16252221,AC67917877,617.08,UPI,normal
T001794,2026-09-05T22:20:26,AC21527244,AC52751778,356.16,UPI,normal
T001795,2026-09-05T22:21:14,AC42130069,AC69117285,2413.72,NEFT,normal
T001796,2026-09-05T22:22:14,AC13422671,AC43971558,671.84,IMPS,normal
T001797,2026-09-05T22:23:36,AC55909953,AC99635023,209.04,NEFT,normal
T001798,2026-09-05T22:25:41,AC67783637,AC12426922,1385.66,NEFT,normal
T001799,2026-09-05T22:26:43,AC91907998,AC61585853,1500.00,UPI,normal
T001800,2026-09-05T22:27:38,AC87832216,AC19814103,871.20,NEFT,normal
T001801,2026-09-05T22:27:57,AC63404922,AC12614954,271.98,IMPS,normal
T001802,2026-09-05T22:28:48,AC17912728,AC71561748,2941.43,UPI,normal
T001803,2026-09-05T22:39:13,AC75090595,AC12614954,6303.52,UPI,normal
T001804,2026-09-05T22:39:43,AC86910239,AC52751778,1482.61,UPI,normal
T001805,2026-09-05T22:43:20,AC69139937,AC12426922,1948.89,UPI,normal
T001806,2026-09-05T22:47:07,AC81366283,AC55515398,1077.77,UPI,normal
T001807,2026-09-05T22:48:38,AC47840101,AC98618129,416.42,UPI,normal
T001808,2026-09-05T22:50:19,AC99686414,AC59148289,346.96,UPI,normal
T001809,2026-09-05T22:52:40,AC88592782,AC28422000,148.14,UPI,normal
T001810,2026-09-05T22:53:12,AC58940600,AC12426922,1861.61,UPI,normal
T001811,2026-09-05T22:55:43,AC85394042,AC39472579,319.48,NEFT,normal
T001812,2026-09-05T22:55:58,AC76453392,AC42297987,895.65,IMPS,normal
T001813,2026-09-05T22:56:10,AC83589642,AC26421523,738.31,UPI,normal
T001814,2026-09-05T22:56:16,AC87097845,AC39472579,264.77,UPI,normal
T001815,2026-09-05T22:56:38,AC40432459,AC99635023,559.56,UPI,normal
T001816,2026-09-05T22:58:25,AC88590039,AC71561748,1523.47,NEFT,normal
T001817,2026-09-05T22:59:33,AC20815439,AC52751778,228.39,UPI,normal
T001818,2026-09-06T07:02:43,AC63746500,AC61585853,1500.00,UPI,normal
T001819,2026-09-06T07:04:16,AC72544046,AC71561748,1246.13,UPI,normal
T001820,2026-09-06T07:04:36,AC91220385,AC52410090,562.36,IMPS,normal
T001821,2026-09-06T07:10:12,AC25809806,AC69117285,2921.78,UPI,normal
T001822,2026-09-06T07:10:42,AC92212100,AC59117315,548.82,UPI,normal
T001823,2026-09-06T07:17:43,AC30287103,AC59148289,376.11,UPI,normal
T001824,2026-09-06T07:21:05,AC61780050,AC40026139,632.19,UPI,normal
T001825,2026-09-06T07:26:47,AC41132723,AC40026139,383.78,UPI,normal
T001826,2026-09-06T07:33:00,AC74353833,AC66542771,396.06,UPI,normal
T001827,2026-09-06T07:33:31,AC43343251,AC59148289,428.22,UPI,normal
T001828,2026-09-06T07:36:52,AC72492024,AC61585853,1500.00,UPI,normal
T001829,2026-09-06T07:39:52,AC98384612,AC61585853,1500.00,UPI,normal
T001830,2026-09-06T07:45:39,AC56171824,AC59148289,1334.45,UPI,normal
T001831,2026-09-06T07:52:13,AC52110478,AC26421523,1949.94,IMPS,normal
T001832,2026-09-06T07:53:14,AC18288654,AC67917877,3355.20,UPI,normal
T001833,2026-09-06T07:59:09,AC39936146,AC19736972,1250.51,UPI,normal
T001834,2026-09-06T08:00:10,AC91733095,AC30729474,832.64,UPI,normal
T001835,2026-09-06T08:02:24,AC39589952,AC59148289,8075.85,IMPS,normal
T001836,2026-09-06T08:04:56,AC62472380,AC61585853,1500.00,UPI,normal
T001837,2026-09-06T08:07:14,AC81366283,AC39472579,898.60,UPI,normal
T001838,2026-09-06T08:08:29,AC84903659,AC29190316,338.62,NEFT,normal
T001839,2026-09-06T08:11:53,AC81751584,AC52751778,1897.76,UPI,normal
T001840,2026-09-06T08:16:58,AC76262352,AC99635023,462.93,UPI,normal
T001841,2026-09-06T08:18:35,AC73639532,AC61585853,1500.00,UPI,normal
T001842,2026-09-06T08:18:45,AC87832216,AC40026139,583.40,UPI,normal
T001843,2026-09-06T08:19:08,AC84903659,AC40026139,1171.14,UPI,normal
T001844,2026-09-06T08:23:33,AC36401454,AC32140838,3442.00,NEFT,normal
T001845,2026-09-06T08:24:41,AC77330181,AC29190316,424.78,UPI,normal
T001846,2026-09-06T08:25:02,AC19722233,AC99635023,227.11,NEFT,normal
T001847,2026-09-06T08:26:45,AC85748230,AC61585853,1500.00,UPI,normal
T001848,2026-09-06T08:28:12,AC67390467,AC17056578,1551.00,UPI,normal
T001849,2026-09-06T08:39:50,AC58802897,AC87097845,1213.00,UPI,normal
T001850,2026-09-06T08:40:20,AC17912728,AC61585853,1500.00,UPI,normal
T001851,2026-09-06T08:42:24,AC16655764,AC66542771,639.81,UPI,normal
T001852,2026-09-06T08:46:51,AC81232885,AC40026139,608.60,IMPS,normal
T001853,2026-09-06T08:51:05,AC19039243,AC26421523,636.22,UPI,normal
T001854,2026-09-06T08:52:16,AC15798969,AC43971558,1093.57,IMPS,normal
T001855,2026-09-06T08:53:02,AC21643368,AC40026139,2414.16,NEFT,normal
T001856,2026-09-06T08:53:17,AC80263864,AC99635023,387.02,UPI,normal
T001857,2026-09-06T08:55:18,AC98384612,AC69117285,2741.88,UPI,normal
T001858,2026-09-06T09:03:33,AC88295746,AC22374072,184.10,IMPS,normal
T001859,2026-09-06T09:06:44,AC72458740,AC71561748,771.59,UPI,normal
T001860,2026-09-06T09:06:57,AC23618316,AC57864027,389.84,NEFT,normal
T001861,2026-09-06T09:10:16,AC75090595,AC99635023,1183.84,UPI,normal
T001862,2026-09-06T09:14:39,AC87832216,AC96363470,383.20,IMPS,normal
T001863,2026-09-06T09:19:30,AC74758310,AC29190316,921.67,UPI,normal
T001864,2026-09-06T09:20:46,AC97197858,AC63453132,1505.36,UPI,normal
T001865,2026-09-06T09:21:49,AC98217056,AC61585853,1500.00,UPI,normal
T001866,2026-09-06T09:27:05,AC42301241,AC59148289,429.31,IMPS,normal
T001867,2026-09-06T09:28:25,AC85064182,AC63453132,234.48,UPI,normal
T001868,2026-09-06T09:30:19,AC39902737,AC57864027,424.56,NEFT,normal
T001869,2026-09-06T09:31:22,AC78741149,AC99635023,324.82,IMPS,normal
T001870,2026-09-06T09:31:48,AC21397668,AC29190316,261.69,NEFT,normal
T001871,2026-09-06T09:38:03,AC24754327,AC79203339,45.36,IMPS,normal
T001872,2026-09-06T09:44:46,AC90628248,AC98618129,1378.10,UPI,normal
T001873,2026-09-06T09:45:28,AC58877189,AC31671607,214.22,UPI,normal
T001874,2026-09-06T09:53:37,AC89774974,AC12426922,2512.32,UPI,normal
T001875,2026-09-06T09:56:33,AC92418944,AC99635023,605.53,UPI,normal
T001876,2026-09-06T09:56:38,AC86910239,AC40026139,942.96,IMPS,normal
T001877,2026-09-06T09:59:06,AC23896513,AC36272404,440.19,UPI,normal
T001878,2026-09-06T09:59:15,AC63873226,AC79203339,73.78,IMPS,normal
T001879,2026-09-06T10:04:30,AC70825377,AC38546741,611.57,NEFT,normal
T001880,2026-09-06T10:17:35,AC62992312,AC42297987,1986.32,UPI,normal
T001881,2026-09-06T10:28:30,AC80676511,AC39472579,409.24,NEFT,normal
T001882,2026-09-06T10:31:46,AC15262308,AC59148289,1528.32,UPI,normal
T001883,2026-09-06T10:45:05,AC98217056,AC99635023,974.05,UPI,normal
T001884,2026-09-06T10:48:21,AC62897893,AC12426922,1675.27,UPI,normal
T001885,2026-09-06T10:48:22,AC23715389,AC99635023,543.55,UPI,normal
T001886,2026-09-06T10:48:56,AC32329304,AC71561748,2572.60,IMPS,normal
T001887,2026-09-06T10:51:36,AC94641177,AC67917877,4553.12,UPI,normal
T001888,2026-09-06T10:54:01,AC86665755,AC52751778,512.41,UPI,normal
T001889,2026-09-06T10:56:24,AC56625835,AC42297987,1227.49,NEFT,normal
T001890,2026-09-06T11:00:59,AC56208603,AC39472579,1592.68,NEFT,normal
T001891,2026-09-06T11:06:57,AC70690025,AC40026139,1926.78,UPI,normal
T001892,2026-09-06T11:07:23,AC80263864,AC19814103,645.67,IMPS,normal
T001893,2026-09-06T11:12:40,AC39287351,AC30729474,1188.10,UPI,normal
T001894,2026-09-06T11:12:45,AC29361589,AC93094361,625.00,UPI,normal
T001895,2026-09-06T11:13:43,AC86072408,AC57864027,294.92,UPI,normal
T001896,2026-09-06T11:16:35,AC24241764,AC39472579,886.41,UPI,normal
T001897,2026-09-06T11:17:33,AC36192056,AC39472579,477.98,IMPS,normal
T001898,2026-09-06T11:18:56,AC20809644,AC36272404,452.26,UPI,normal
T001899,2026-09-06T11:19:52,AC87457446,AC71561748,1297.28,NEFT,normal
T001900,2026-09-06T11:21:05,AC76262352,AC12426922,1877.22,UPI,normal
T001901,2026-09-06T11:21:47,AC83517017,AC52751778,344.69,UPI,normal
T001902,2026-09-06T11:28:44,AC79476293,AC61585853,1500.00,UPI,normal
T001903,2026-09-06T11:38:59,AC96319863,AC42297987,447.83,NEFT,normal
T001904,2026-09-06T11:39:11,AC84714297,AC30729474,690.63,UPI,normal
T001905,2026-09-06T11:41:15,AC96319863,AC12426922,3001.79,UPI,normal
T001906,2026-09-06T11:42:03,AC92306098,AC26421523,640.76,UPI,normal
T001907,2026-09-06T11:44:52,AC13028344,AC88220482,1006.00,IMPS,normal
T001908,2026-09-06T11:45:05,AC36832537,AC99635023,757.76,IMPS,normal
T001909,2026-09-06T11:48:31,AC55641228,AC26421523,512.95,IMPS,normal
T001910,2026-09-06T11:52:05,AC56625835,AC40026139,416.47,IMPS,normal
T001911,2026-09-06T11:59:27,AC84688894,AC12426922,3756.68,UPI,normal
T001912,2026-09-06T11:59:42,AC86626738,AC71561748,1503.36,UPI,normal
T001913,2026-09-06T11:59:43,AC95149012,AC98618129,786.30,UPI,normal
T001914,2026-09-06T12:05:51,AC63428001,AC40026139,6177.11,NEFT,normal
T001915,2026-09-06T12:08:47,AC73667109,AC30729474,416.13,UPI,normal
T001916,2026-09-06T12:11:46,AC91354422,AC99855030,659.42,UPI,normal
T001917,2026-09-06T12:13:46,AC39902737,AC36272404,5819.64,UPI,normal
T001918,2026-09-06T12:21:03,AC63550032,AC69117285,1192.85,IMPS,normal
T001919,2026-09-06T12:23:50,AC75627516,AC84363365,600.42,IMPS,normal
T001920,2026-09-06T12:24:02,AC24754327,AC26421523,896.47,UPI,normal
T001921,2026-09-06T12:26:18,AC88061052,AC59148289,81.85,UPI,normal
T001922,2026-09-06T12:30:53,AC45535068,AC69117285,1651.03,UPI,normal
T001923,2026-09-06T12:32:53,AC62992312,AC99635023,7416.59,UPI,normal
T001924,2026-09-06T12:34:24,AC40970943,AC39472579,1014.76,UPI,normal
T001925,2026-09-06T12:34:56,AC16252221,AC26421523,328.16,NEFT,normal
T001926,2026-09-06T12:41:37,AC40432459,AC22633303,280.06,UPI,normal
T001927,2026-09-06T12:50:25,AC24241764,AC39472579,150.21,UPI,normal
T001928,2026-09-06T12:52:49,AC74353833,AC42297987,304.63,NEFT,normal
T001929,2026-09-06T12:55:28,AC63128543,AC30729474,377.03,UPI,normal
T001930,2026-09-06T12:55:40,AC66119495,AC63453132,940.45,UPI,normal
T001931,2026-09-06T12:58:51,AC44785794,AC19814103,983.94,NEFT,normal
T001932,2026-09-06T12:59:13,AC63428001,AC62662255,333.15,UPI,normal
T001933,2026-09-06T13:04:04,AC52110478,AC29190316,1894.34,UPI,normal
T001934,2026-09-06T13:07:56,AC28999723,AC40026139,4533.72,UPI,normal
T001935,2026-09-06T13:09:20,AC62664205,AC61585853,1500.00,UPI,normal
T001936,2026-09-06T13:10:56,AC91220385,AC40026139,275.40,UPI,normal
T001937,2026-09-06T13:11:03,AC59982352,AC99855030,440.23,IMPS,normal
T001938,2026-09-06T13:14:19,AC33651543,AC84903659,3737.00,UPI,normal
T001939,2026-09-06T13:17:18,AC15262308,AC42297987,397.71,NEFT,normal
T001940,2026-09-06T13:18:00,AC91220385,AC67490644,592.07,UPI,normal
T001941,2026-09-06T13:20:03,AC37430528,AC50638453,125.49,IMPS,normal
T001942,2026-09-06T13:21:22,AC56100526,AC31849997,375.85,UPI,normal
T001943,2026-09-06T13:25:36,AC17626596,AC40026139,720.99,IMPS,normal
T001944,2026-09-06T13:29:09,AC80901507,AC75399034,1323.35,NEFT,normal
T001945,2026-09-06T13:30:54,AC21397668,AC36272404,5722.05,UPI,normal
T001946,2026-09-06T13:33:15,AC17933677,AC30729474,785.06,IMPS,normal
T001947,2026-09-06T13:38:39,AC77854192,AC10256129,4937.00,NEFT,normal
T001948,2026-09-06T13:39:05,AC43234300,AC84363365,1201.14,UPI,normal
T001949,2026-09-06T13:40:39,AC92306098,AC69117285,771.50,IMPS,normal
T001950,2026-09-06T13:45:15,AC11911654,AC61585853,1500.00,UPI,normal
T001951,2026-09-06T13:48:58,AC48646352,AC67917877,922.74,UPI,normal
T001952,2026-09-06T13:53:52,AC18142912,AC72778440,225.43,UPI,normal
T001953,2026-09-06T14:04:22,AC10031310,AC42297987,1050.39,UPI,normal
T001954,2026-09-06T14:06:12,AC19375836,AC19814103,647.70,UPI,normal
T001955,2026-09-06T14:06:57,AC88590039,AC84363365,317.72,UPI,normal
T001956,2026-09-06T14:10:13,AC87570629,AC12426922,2292.08,UPI,normal
T001957,2026-09-06T14:10:24,AC77854192,AC69117285,2073.57,UPI,normal
T001958,2026-09-06T14:15:38,AC80676511,AC99635023,500.86,UPI,normal
T001959,2026-09-06T14:17:40,AC71230843,AC71561748,1262.51,IMPS,normal
T001960,2026-09-06T14:17:51,AC50008920,AC40026139,99.87,UPI,normal
T001961,2026-09-06T14:23:33,AC76627625,AC99855030,1192.96,UPI,normal
T001962,2026-09-06T14:23:55,AC92891895,AC69117285,2219.96,UPI,normal
T001963,2026-09-06T14:32:15,AC15032582,AC12426922,2508.77,IMPS,normal
T001964,2026-09-06T14:32:23,AC74477539,AC84363365,1241.35,UPI,normal
T001965,2026-09-06T14:33:43,AC73551145,AC31849997,692.44,NEFT,normal
T001966,2026-09-06T14:33:48,AC73551145,AC29190316,926.14,UPI,normal
T001967,2026-09-06T14:37:42,AC53752583,AC99635023,182.75,UPI,normal
T001968,2026-09-06T14:37:45,AC74160948,AC96363470,611.92,UPI,normal
T001969,2026-09-06T14:41:51,AC10256129,AC40026139,2379.99,UPI,normal
T001970,2026-09-06T14:43:09,AC42762079,AC69117285,566.75,IMPS,normal
T001971,2026-09-06T14:46:57,AC74939188,AC79203339,1303.69,UPI,normal
T001972,2026-09-06T14:47:11,AC58553593,AC26421523,678.12,UPI,normal
T001973,2026-09-06T14:48:45,AC34256684,AC29190316,692.78,NEFT,normal
T001974,2026-09-06T14:52:23,AC99686414,AC71561748,3741.15,UPI,normal
T001975,2026-09-06T14:57:56,AC66599395,AC30729474,262.00,NEFT,normal
T001976,2026-09-06T14:58:27,AC32140838,AC22633303,1938.48,UPI,normal
T001977,2026-09-06T15:00:16,AC80490681,AC12426922,1122.95,NEFT,normal
T001978,2026-09-06T15:04:32,AC11619076,AC22633303,1244.82,UPI,normal
T001979,2026-09-06T15:06:14,AC66255890,AC99635023,126.67,IMPS,normal
T001980,2026-09-06T15:07:25,AC16252221,AC99635023,1155.25,UPI,normal
T001981,2026-09-06T15:10:00,AC35215622,AC29190316,134.79,IMPS,normal
T001982,2026-09-06T15:15:29,AC35990584,AC99635023,681.20,UPI,normal
T001983,2026-09-06T15:21:26,AC35215622,AC99635023,704.65,IMPS,normal
T001984,2026-09-06T15:24:39,AC92374421,AC71561748,2975.72,NEFT,normal
T001985,2026-09-06T15:25:11,AC26616417,AC43971558,1909.54,IMPS,normal
T001986,2026-09-06T15:38:22,AC26843185,AC72458740,3718.00,UPI,normal
T001987,2026-09-06T15:41:27,AC97197858,AC91907998,1600.00,UPI,normal
T001988,2026-09-06T15:44:05,AC47167180,AC99635023,348.25,UPI,normal
T001989,2026-09-06T15:44:23,AC43857462,AC40026139,748.85,UPI,normal
T001990,2026-09-06T15:46:22,AC87097845,AC30729474,386.25,UPI,normal
T001991,2026-09-06T15:49:49,AC66230047,AC38546741,234.28,NEFT,normal
T001992,2026-09-06T15:50:43,AC92418944,AC12426922,1542.15,UPI,normal
T001993,2026-09-06T15:52:23,AC54246886,AC26421523,1913.58,UPI,normal
T001994,2026-09-06T15:54:21,AC33960779,AC61585853,1500.00,UPI,normal
T001995,2026-09-06T15:54:55,AC13740078,AC98618129,636.55,UPI,normal
T001996,2026-09-06T15:58:39,AC63128543,AC91847639,3207.00,NEFT,normal
T001997,2026-09-06T16:00:00,AC66230047,AC96363470,1309.02,NEFT,normal
T001998,2026-09-06T16:01:36,AC32555071,AC12614954,638.39,UPI,normal
T001999,2026-09-06T16:08:21,AC27580355,AC12426922,2016.38,IMPS,normal
T002000,2026-09-06T16:08:29,AC81366283,AC63453132,251.74,UPI,normal
T002001,2026-09-06T16:09:27,AC13740078,AC99855030,4181.42,IMPS,normal
T002002,2026-09-06T16:10:40,AC23741157,AC38546741,524.65,UPI,normal
T002003,2026-09-06T16:16:46,AC81232885,AC59148289,1269.61,IMPS,normal
T002004,2026-09-06T16:31:34,AC23793831,AC75399034,279.50,UPI,normal
T002005,2026-09-06T16:35:13,AC53464097,AC40026139,574.48,IMPS,normal
T002006,2026-09-06T16:36:14,AC74160948,AC39472579,98.38,UPI,normal
T002007,2026-09-06T16:37:29,AC89297484,AC29190316,991.88,UPI,normal
T002008,2026-09-06T16:37:55,AC89976351,AC31671607,436.20,UPI,normal
T002009,2026-09-06T16:42:27,AC55330357,AC71561748,2670.75,NEFT,normal
T002010,2026-09-06T16:44:16,AC92212100,AC84363365,1709.11,NEFT,normal
T002011,2026-09-06T16:48:04,AC23711300,AC40026139,1247.78,NEFT,normal
T002012,2026-09-06T16:54:05,AC22175294,AC61585853,1500.00,UPI,normal
T002013,2026-09-06T16:54:54,AC95421789,AC40026139,368.42,UPI,normal
T002014,2026-09-06T16:59:56,AC51856109,AC29190316,885.09,UPI,normal
T002015,2026-09-06T17:03:24,AC38019720,AC59117315,276.46,NEFT,normal
T002016,2026-09-06T17:09:20,AC21397668,AC59117315,740.77,UPI,normal
T002017,2026-09-06T17:12:59,AC36832537,AC18505221,2537.00,UPI,normal
T002018,2026-09-06T17:14:52,AC17056578,AC57864027,895.52,UPI,normal
T002019,2026-09-06T17:14:57,AC13629581,AC36272404,329.62,NEFT,normal
T002020,2026-09-06T17:17:08,AC39589952,AC39472579,547.85,UPI,normal
T002021,2026-09-06T17:22:04,AC30256261,AC42297987,355.93,IMPS,normal
T002022,2026-09-06T17:22:16,AC19437596,AC12426922,633.77,UPI,normal
T002023,2026-09-06T17:22:46,AC84714297,AC39472579,194.49,IMPS,normal
T002024,2026-09-06T17:25:20,AC30256261,AC78524460,53400.00,IMPS,normal
T002025,2026-09-06T17:26:21,AC55909953,AC12614954,959.39,IMPS,normal
T002026,2026-09-06T17:27:21,AC75507385,AC55515398,519.59,UPI,normal
T002027,2026-09-06T17:28:39,AC97908110,AC55515398,710.28,IMPS,normal
T002028,2026-09-06T17:33:27,AC21527244,AC67917877,274.93,NEFT,normal
T002029,2026-09-06T17:36:56,AC13422671,AC22374072,1692.63,IMPS,normal
T002030,2026-09-06T17:37:53,AC31783965,AC71561748,3890.67,UPI,normal
T002031,2026-09-06T17:39:06,AC63404922,AC52751778,260.14,UPI,normal
T002032,2026-09-06T17:39:36,AC71493326,AC12426922,2512.46,UPI,normal
T002033,2026-09-06T17:41:27,AC57709585,AC99635023,355.57,UPI,normal
T002034,2026-09-06T17:53:11,AC48646352,AC59217612,3033.00,UPI,normal
T002035,2026-09-06T17:55:58,AC55330357,AC69340085,61.37,UPI,normal
T002036,2026-09-06T17:56:28,AC79188088,AC15262308,2789.00,IMPS,normal
T002037,2026-09-06T18:00:02,AC50298754,AC42297987,379.93,UPI,normal
T002038,2026-09-06T18:00:46,AC31783965,AC29190316,736.05,UPI,normal
T002039,2026-09-06T18:01:24,AC80490681,AC43971558,768.33,UPI,normal
T002040,2026-09-06T18:02:22,AC79571586,AC55362865,500.12,UPI,normal
T002041,2026-09-06T18:03:02,AC43343251,AC59148289,980.79,UPI,normal
T002042,2026-09-06T18:04:28,AC21397668,AC12426922,1399.13,IMPS,normal
T002043,2026-09-06T18:05:01,AC85064182,AC99635023,4468.42,IMPS,normal
T002044,2026-09-06T18:18:56,AC32817504,AC52751778,314.25,UPI,normal
T002045,2026-09-06T18:23:08,AC35215622,AC59117315,710.87,UPI,normal
T002046,2026-09-06T18:27:05,AC66255890,AC29190316,627.82,NEFT,normal
T002047,2026-09-06T18:27:28,AC88590039,AC69139937,3977.00,NEFT,normal
T002048,2026-09-06T18:28:04,AC71493326,AC91354422,3323.00,UPI,normal
T002049,2026-09-06T18:35:29,AC68224916,AC19814103,816.72,UPI,normal
T002050,2026-09-06T18:39:00,AC50298754,AC61585853,1500.00,UPI,normal
T002051,2026-09-06T18:40:41,AC63746500,AC71561748,2377.71,NEFT,normal
T002052,2026-09-06T18:51:31,AC28689916,AC99635023,2045.92,NEFT,normal
T002053,2026-09-06T18:53:48,AC93082061,AC52751778,481.32,IMPS,normal
T002054,2026-09-06T19:01:44,AC56171824,AC42297987,2161.51,NEFT,normal
T002055,2026-09-06T19:05:46,AC89976351,AC99635023,248.59,UPI,normal
T002056,2026-09-06T19:10:41,AC25716331,AC52410090,1295.11,IMPS,normal
T002057,2026-09-06T19:13:47,AC70690025,AC27550747,3263.00,UPI,normal
T002058,2026-09-06T19:13:49,AC83589642,AC64198427,491.47,NEFT,normal
T002059,2026-09-06T19:14:47,AC66238912,AC52751778,406.47,UPI,normal
T002060,2026-09-06T19:19:20,AC82023741,AC22374072,1003.06,IMPS,normal
T002061,2026-09-06T19:20:56,AC30926211,AC12426922,1665.48,NEFT,normal
T002062,2026-09-06T19:21:05,AC96319863,AC40026139,1914.52,NEFT,normal
T002063,2026-09-06T19:23:52,AC86665755,AC71561748,899.65,UPI,normal
T002064,2026-09-06T19:33:56,AC50008920,AC57722796,4176.00,IMPS,normal
T002065,2026-09-06T19:37:39,AC88248519,AC29190316,729.53,IMPS,normal
T002066,2026-09-06T19:40:05,AC35583179,AC79203339,241.41,UPI,normal
T002067,2026-09-06T19:44:20,AC23896513,AC20986393,1531.00,UPI,normal
T002068,2026-09-06T19:44:24,AC70025882,AC63453132,231.65,UPI,normal
T002069,2026-09-06T19:48:04,AC22633920,AC67917877,612.33,UPI,normal
T002070,2026-09-06T19:50:40,AC36192056,AC99635023,220.67,IMPS,normal
T002071,2026-09-06T19:53:59,AC34256684,AC71561748,1008.20,IMPS,normal
T002072,2026-09-06T19:56:42,AC91220385,AC22374072,983.10,NEFT,normal
T002073,2026-09-06T19:57:29,AC73093067,AC67490644,211.75,UPI,normal
T002074,2026-09-06T20:01:50,AC24754327,AC31671607,343.08,UPI,normal
T002075,2026-09-06T20:02:49,AC81366283,AC99855030,538.28,UPI,normal
T002076,2026-09-06T20:05:07,AC97366946,AC96363470,650.96,UPI,normal
T002077,2026-09-06T20:05:22,AC81751584,AC40026139,167.10,UPI,normal
T002078,2026-09-06T20:11:07,AC30302435,AC42297987,552.96,UPI,normal
T002079,2026-09-06T20:12:23,AC47290936,AC99635023,1242.35,IMPS,normal
T002080,2026-09-06T20:14:45,AC30246633,AC99635023,64.89,NEFT,normal
T002081,2026-09-06T20:16:50,AC76627625,AC52751778,2647.33,UPI,normal
T002082,2026-09-06T20:17:58,AC24754327,AC28422000,1983.33,IMPS,normal
T002083,2026-09-06T20:20:05,AC10527808,AC19814103,899.64,UPI,normal
T002084,2026-09-06T20:23:13,AC62148384,AC27359750,151.00,UPI,normal
T002085,2026-09-06T20:23:37,AC63241552,AC11619076,3034.00,IMPS,normal
T002086,2026-09-06T20:31:12,AC81483341,AC99635023,233.23,UPI,normal
T002087,2026-09-06T20:36:11,AC28377915,AC42297987,380.58,UPI,normal
T002088,2026-09-06T20:39:37,AC74628898,AC99635023,463.11,IMPS,normal
T002089,2026-09-06T20:45:14,AC27874421,AC12426922,1661.81,NEFT,normal
T002090,2026-09-06T20:45:49,AC98662305,AC59148289,316.61,UPI,normal
T002091,2026-09-06T20:45:55,AC81232885,AC12426922,3886.77,UPI,normal
T002092,2026-09-06T20:47:10,AC75507385,AC38546741,573.05,UPI,normal
T002093,2026-09-06T20:47:54,AC80881649,AC61585853,1500.00,UPI,normal
T002094,2026-09-06T20:53:34,AC76627625,AC26421523,7742.92,UPI,normal
T002095,2026-09-06T20:55:58,AC66599395,AC30729474,1330.34,NEFT,normal
T002096,2026-09-06T20:56:53,AC47502921,AC42297987,227.78,UPI,normal
T002097,2026-09-06T20:59:51,AC71289682,AC12426922,1933.32,UPI,normal
T002098,2026-09-06T21:00:09,AC89774974,AC12614954,1259.31,UPI,normal
T002099,2026-09-06T21:01:20,AC13889649,AC55362865,474.93,UPI,normal
T002100,2026-09-06T21:05:02,AC74239549,AC96363470,691.13,NEFT,normal
T002101,2026-09-06T21:09:30,AC74780629,AC66542771,1261.08,IMPS,normal
T002102,2026-09-06T21:17:56,AC78149300,AC99635023,1339.24,NEFT,normal
T002103,2026-09-06T21:24:32,AC31321298,AC61585853,1500.00,UPI,normal
T002104,2026-09-06T21:24:40,AC66238912,AC64198427,651.65,IMPS,normal
T002105,2026-09-06T21:24:49,AC63907779,AC12426922,1992.28,UPI,normal
T002106,2026-09-06T21:28:07,AC91678821,AC62148384,4908.00,UPI,normal
T002107,2026-09-06T21:30:19,AC36832537,AC69117285,859.26,UPI,normal
T002108,2026-09-06T21:36:00,AC77854192,AC26421523,333.65,UPI,normal
T002109,2026-09-06T21:37:40,AC95132904,AC69117285,1149.98,UPI,normal
T002110,2026-09-06T21:41:19,AC79578048,AC38546741,546.13,UPI,normal
T002111,2026-09-06T21:42:51,AC72544046,AC63453132,1915.10,UPI,normal
T002112,2026-09-06T21:43:24,AC73382988,AC34127884,1696.00,UPI,normal
T002113,2026-09-06T21:45:17,AC56574257,AC39472579,274.93,IMPS,normal
T002114,2026-09-06T21:48:42,AC50298754,AC57864027,285.87,IMPS,normal
T002115,2026-09-06T21:49:25,AC57740731,AC30729474,603.25,UPI,normal
T002116,2026-09-06T21:52:41,AC47203213,AC67917877,298.87,UPI,normal
T002117,2026-09-06T21:54:42,AC23741157,AC98618129,168.01,UPI,normal
T002118,2026-09-06T21:55:39,AC30302435,AC69117285,1263.46,UPI,normal
T002119,2026-09-06T21:56:29,AC85201674,AC76453392,1447.00,IMPS,normal
T002120,2026-09-06T21:58:08,AC74160468,AC12426922,884.61,IMPS,normal
T002121,2026-09-06T22:02:44,AC39287351,AC38546741,732.36,UPI,normal
T002122,2026-09-06T22:04:58,AC29343122,AC71561748,2215.86,UPI,normal
T002123,2026-09-06T22:06:04,AC70690025,AC79203339,1229.25,UPI,normal
T002124,2026-09-06T22:09:39,AC97197858,AC99855030,414.78,IMPS,normal
T002125,2026-09-06T22:10:08,AC29676659,AC40026139,271.17,UPI,normal
T002126,2026-09-06T22:11:12,AC30926211,AC30729474,134.46,UPI,normal
T002127,2026-09-06T22:11:27,AC19722233,AC28422000,830.10,NEFT,normal
T002128,2026-09-06T22:12:33,AC18142912,AC84363365,2688.83,UPI,normal
T002129,2026-09-06T22:17:42,AC57484087,AC84363365,1870.11,UPI,normal
T002130,2026-09-06T22:18:07,AC26093192,AC42297987,605.84,NEFT,normal
T002131,2026-09-06T22:18:33,AC93760773,AC63453132,1141.18,UPI,normal
T002132,2026-09-06T22:23:29,AC38816302,AC96363470,1924.08,UPI,normal
T002133,2026-09-06T22:23:53,AC25482486,AC55362865,382.54,UPI,normal
T002134,2026-09-06T22:28:44,AC78710461,AC19814103,443.61,IMPS,normal
T002135,2026-09-06T22:36:52,AC24241764,AC28422000,2862.53,IMPS,normal
T002136,2026-09-06T22:41:21,AC88248519,AC38546741,621.83,IMPS,normal
T002137,2026-09-06T22:45:00,AC98915866,AC78144218,3467.00,UPI,normal
T002138,2026-09-06T22:45:19,AC37910936,AC99635023,505.38,UPI,normal
T002139,2026-09-06T22:47:41,AC56208603,AC42297987,2540.29,UPI,normal
T002140,2026-09-06T22:49:34,AC66978001,AC12426922,616.24,NEFT,normal
T002141,2026-09-06T22:51:56,AC35676674,AC52751778,1199.88,UPI,normal
T002142,2026-09-06T22:58:27,AC85893910,AC59117315,296.18,NEFT,normal
T002143,2026-09-06T22:58:31,AC53464097,AC71561748,1907.09,UPI,normal
T002144,2026-09-07T07:00:12,AC97908110,AC22633303,192.92,UPI,normal
T002145,2026-09-07T07:03:05,AC26487605,AC23793831,3159.00,UPI,normal
T002146,2026-09-07T07:04:34,AC65740154,AC26421523,236.11,UPI,normal
T002147,2026-09-07T07:04:44,AC25809806,AC40026139,489.92,UPI,normal
T002148,2026-09-07T07:09:17,AC79188088,AC42297987,581.92,UPI,normal
T002149,2026-09-07T07:16:41,AC83589642,AC57740731,3730.00,IMPS,normal
T002150,2026-09-07T07:22:35,AC80263864,AC29190316,3160.08,UPI,normal
T002151,2026-09-07T07:31:22,AC10549434,AC99635023,302.90,UPI,normal
T002152,2026-09-07T07:36:44,AC27050801,AC71561748,3336.55,UPI,normal
T002153,2026-09-07T07:37:06,AC11619076,AC12614954,714.03,UPI,normal
T002154,2026-09-07T07:38:33,AC13028344,AC52410090,279.95,NEFT,normal
T002155,2026-09-07T07:45:11,AC17784483,AC38546741,293.25,UPI,normal
T002156,2026-09-07T07:46:22,AC56625835,AC30729474,825.72,UPI,normal
T002157,2026-09-07T07:52:23,AC13629581,AC83061791,4490.00,UPI,normal
T002158,2026-09-07T07:56:55,AC82903368,AC26421523,296.51,IMPS,normal
T002159,2026-09-07T07:57:00,AC76140059,AC71493326,4062.00,UPI,normal
T002160,2026-09-07T08:05:13,AC17912728,AC28422000,2023.83,NEFT,normal
T002161,2026-09-07T08:07:53,AC23618316,AC67490644,1475.49,IMPS,normal
T002162,2026-09-07T08:11:33,AC69812891,AC64198427,687.60,UPI,normal
T002163,2026-09-07T08:15:39,AC18302983,AC40026139,1701.71,UPI,normal
T002164,2026-09-07T08:16:50,AC96290869,AC30729474,2571.46,UPI,normal
T002165,2026-09-07T08:20:46,AC59982352,AC66599395,420.00,UPI,normal
T002166,2026-09-07T08:21:25,AC85201674,AC62662255,197.06,UPI,normal
T002167,2026-09-07T08:25:43,AC82569631,AC88061052,1008.00,UPI,normal
T002168,2026-09-07T08:35:52,AC82569631,AC29190316,1112.84,NEFT,normal
T002169,2026-09-07T08:37:07,AC66455770,AC59148289,601.53,NEFT,normal
T002170,2026-09-07T08:39:36,AC80901507,AC29190316,591.72,NEFT,normal
T002171,2026-09-07T08:45:00,AC42130069,AC59148289,136.97,UPI,normal
T002172,2026-09-07T08:45:27,AC69812891,AC55362865,192.81,UPI,normal
T002173,2026-09-07T08:47:58,AC42130069,AC40026139,1105.68,NEFT,normal
T002174,2026-09-07T08:48:25,AC76662562,AC52751778,242.13,NEFT,normal
T002175,2026-09-07T08:52:01,AC88220482,AC22374072,1553.16,UPI,normal
T002176,2026-09-07T08:52:45,AC59982352,AC52751778,204.58,UPI,normal
T002177,2026-09-07T08:57:03,AC98915866,AC12426922,3280.69,UPI,normal
T002178,2026-09-07T08:57:03,AC18302983,AC52751778,173.75,UPI,normal
T002179,2026-09-07T08:57:18,AC95149012,AC43971558,592.80,NEFT,normal
T002180,2026-09-07T09:01:13,AC21138017,AC69117285,1488.57,NEFT,normal
T002181,2026-09-07T09:01:30,AC26616417,AC71561748,3841.40,UPI,normal
T002182,2026-09-07T09:03:56,AC58940600,AC30729474,1597.74,IMPS,normal
T002183,2026-09-07T09:08:30,AC91678821,AC40026139,514.23,UPI,normal
T002184,2026-09-07T09:09:30,AC16480894,AC69117285,1400.15,NEFT,normal
T002185,2026-09-07T09:09:40,AC75627516,AC71561748,2153.48,UPI,normal
T002186,2026-09-07T09:10:08,AC27580355,AC67490644,688.79,IMPS,normal
T002187,2026-09-07T09:15:48,AC97197858,AC69117285,1453.34,UPI,normal
T002188,2026-09-07T09:18:36,AC57484087,AC31671607,2108.62,UPI,normal
T002189,2026-09-07T09:20:10,AC56171824,AC59148289,1366.14,UPI,normal
T002190,2026-09-07T09:20:18,AC19437596,AC57864027,587.23,NEFT,normal
T002191,2026-09-07T09:20:26,AC76627625,AC99855030,610.38,UPI,normal
T002192,2026-09-07T09:26:03,AC55650450,AC69117285,1124.96,IMPS,normal
T002193,2026-09-07T09:29:04,AC51554798,AC71561748,3257.85,UPI,normal
T002194,2026-09-07T09:31:14,AC31321298,AC59148289,567.25,UPI,normal
T002195,2026-09-07T09:37:01,AC18288654,AC52410090,1344.79,UPI,normal
T002196,2026-09-07T09:38:50,AC15262308,AC52751778,371.27,UPI,normal
T002197,2026-09-07T09:43:44,AC29676659,AC31671607,794.73,UPI,normal
T002198,2026-09-07T09:51:21,AC95341298,AC59117315,1484.41,IMPS,normal
T002199,2026-09-07T09:57:12,AC47290936,AC30729474,378.74,NEFT,normal
T002200,2026-09-07T10:01:17,AC39673100,AC42297987,3924.51,UPI,normal
T002201,2026-09-07T10:02:03,AC26093192,AC98618129,184.02,UPI,normal
T002202,2026-09-07T10:04:34,AC19824854,AC26421523,1817.95,NEFT,normal
T002203,2026-09-07T10:09:01,AC74160468,AC59117315,859.37,NEFT,normal
T002204,2026-09-07T10:16:46,AC47203213,AC12426922,805.41,UPI,normal
T002205,2026-09-07T10:18:26,AC56208603,AC52164119,1090.00,UPI,normal
T002206,2026-09-07T10:18:55,AC36192056,AC63746500,4722.00,UPI,normal
T002207,2026-09-07T10:20:49,AC80676511,AC29190316,1009.80,IMPS,normal
T002208,2026-09-07T10:28:33,AC74628898,AC26421523,1004.06,UPI,normal
T002209,2026-09-07T10:34:50,AC75090595,AC39472579,673.64,NEFT,normal
T002210,2026-09-07T10:42:20,AC26616417,AC96363470,801.23,NEFT,normal
T002211,2026-09-07T10:42:38,AC69812891,AC99855030,139.87,UPI,normal
T002212,2026-09-07T10:47:27,AC91907998,AC63453132,1317.43,UPI,normal
T002213,2026-09-07T10:55:57,AC78524460,AC62472380,51900.00,UPI,normal
T002214,2026-09-07T11:00:46,AC74780629,AC30729474,940.81,IMPS,normal
T002215,2026-09-07T11:02:50,AC58530762,AC29190316,526.97,UPI,normal
T002216,2026-09-07T11:02:52,AC24241764,AC26421523,1212.73,UPI,normal
T002217,2026-09-07T11:06:17,AC22175294,AC40026139,770.42,UPI,normal
T002218,2026-09-07T11:07:01,AC35215622,AC29190316,394.08,UPI,normal
T002219,2026-09-07T11:07:14,AC85196458,AC12426922,1812.14,NEFT,normal
T002220,2026-09-07T11:10:03,AC62759119,AC39472579,822.46,NEFT,normal
T002221,2026-09-07T11:10:13,AC54629703,AC42297987,104.67,UPI,normal
T002222,2026-09-07T11:13:33,AC13749650,AC69340085,1948.67,UPI,normal
T002223,2026-09-07T11:14:37,AC27874421,AC97908110,3617.00,NEFT,normal
T002224,2026-09-07T11:18:23,AC85196458,AC99635023,84.94,NEFT,normal
T002225,2026-09-07T11:22:38,AC38019720,AC80263864,1887.00,UPI,normal
T002226,2026-09-07T11:24:29,AC66455770,AC19814103,788.76,NEFT,normal
T002227,2026-09-07T11:28:58,AC79301246,AC12426922,1740.58,UPI,normal
T002228,2026-09-07T11:29:48,AC66978001,AC99635023,1108.53,IMPS,normal
T002229,2026-09-07T11:33:25,AC58530762,AC99635023,345.35,UPI,normal
T002230,2026-09-07T11:34:26,AC30399018,AC22374072,73.40,UPI,normal
T002231,2026-09-07T11:38:07,AC42284650,AC30729474,189.80,IMPS,normal
T002232,2026-09-07T11:42:13,AC67783637,AC59117315,2728.61,UPI,normal
T002233,2026-09-07T11:48:33,AC66255890,AC40026139,284.08,UPI,normal
T002234,2026-09-07T11:56:09,AC22633920,AC31783965,2007.00,UPI,normal
T002235,2026-09-07T11:57:45,AC22633920,AC71561748,2729.29,UPI,normal
T002236,2026-09-07T11:58:37,AC23076910,AC63453132,1128.12,UPI,normal
T002237,2026-09-07T12:02:47,AC63778945,AC12426922,1909.23,UPI,normal
T002238,2026-09-07T12:07:47,AC91996233,AC78149300,3009.00,UPI,normal
T002239,2026-09-07T12:08:29,AC80263864,AC88590039,1675.00,UPI,normal
T002240,2026-09-07T12:08:59,AC59217612,AC43971558,438.59,NEFT,normal
T002241,2026-09-07T12:11:31,AC49321318,AC21535642,4388.00,IMPS,normal
T002242,2026-09-07T12:12:18,AC79188088,AC12426922,1180.08,UPI,normal
T002243,2026-09-07T12:14:49,AC26843185,AC30729474,1915.55,NEFT,normal
T002244,2026-09-07T12:15:34,AC13099855,AC99635023,162.66,UPI,normal
T002245,2026-09-07T12:20:24,AC46230636,AC52751778,808.95,UPI,normal
T002246,2026-09-07T12:21:01,AC19375836,AC12426922,3426.26,UPI,normal
T002247,2026-09-07T12:23:06,AC68202938,AC12426922,524.79,IMPS,normal
T002248,2026-09-07T12:26:17,AC77120755,AC59117315,532.34,IMPS,normal
T002249,2026-09-07T12:27:24,AC32140838,AC99635023,362.75,UPI,normal
T002250,2026-09-07T12:33:46,AC23119148,AC71561748,3809.27,NEFT,normal
T002251,2026-09-07T12:36:35,AC23618316,AC69117285,1496.05,UPI,normal
T002252,2026-09-07T12:36:40,AC62992312,AC39472579,655.03,UPI,normal
T002253,2026-09-07T12:39:13,AC55909953,AC69117285,2445.43,IMPS,normal
T002254,2026-09-07T12:39:57,AC23711300,AC69117285,3898.15,NEFT,normal
T002255,2026-09-07T12:40:32,AC68240437,AC30729474,814.73,IMPS,normal
T002256,2026-09-07T12:43:19,AC33651543,AC69117285,1199.85,IMPS,normal
T002257,2026-09-07T12:49:40,AC77470852,AC12614954,751.95,UPI,normal
T002258,2026-09-07T12:51:43,AC44811353,AC52751778,629.34,UPI,normal
T002259,2026-09-07T12:52:09,AC20418044,AC69117285,1254.90,UPI,normal
T002260,2026-09-07T12:57:23,AC85201674,AC99635023,571.26,UPI,normal
T002261,2026-09-07T12:59:40,AC88061052,AC71561748,582.33,UPI,normal
T002262,2026-09-07T13:05:20,AC82903368,AC99635023,189.46,UPI,normal
T002263,2026-09-07T13:09:51,AC54629703,AC45535068,1572.00,NEFT,normal
T002264,2026-09-07T13:11:06,AC32817504,AC52410090,513.50,UPI,normal
T002265,2026-09-07T13:11:49,AC56911734,AC40026139,2873.39,UPI,normal
T002266,2026-09-07T13:12:10,AC10256129,AC39472579,1076.37,UPI,normal
T002267,2026-09-07T13:19:05,AC35215622,AC55515398,834.83,UPI,normal
T002268,2026-09-07T13:21:47,AC91907998,AC71561748,2186.98,NEFT,normal
T002269,2026-09-07T13:33:54,AC91996233,AC39472579,180.59,UPI,normal
T002270,2026-09-07T13:38:13,AC39902737,AC40026139,3261.13,UPI,normal
T002271,2026-09-07T13:39:29,AC38558820,AC96363470,693.07,NEFT,normal
T002272,2026-09-07T13:41:47,AC80881649,AC66542771,657.08,UPI,normal
T002273,2026-09-07T13:42:06,AC94212661,AC29190316,393.08,UPI,normal
T002274,2026-09-07T13:46:44,AC77470852,AC55362865,1779.89,UPI,normal
T002275,2026-09-07T13:53:09,AC51554798,AC39472579,289.33,IMPS,normal
T002276,2026-09-07T13:56:13,AC92891895,AC69812891,489.00,UPI,normal
T002277,2026-09-07T14:01:12,AC45046288,AC39472579,2102.63,NEFT,normal
T002278,2026-09-07T14:03:25,AC66238912,AC19814103,648.24,NEFT,normal
T002279,2026-09-07T14:03:42,AC23831903,AC52410090,1592.87,UPI,normal
T002280,2026-09-07T14:06:18,AC78106871,AC12426922,1078.95,UPI,normal
T002281,2026-09-07T14:09:53,AC40446731,AC52763335,4278.00,UPI,normal
T002282,2026-09-07T14:13:12,AC90628248,AC99635023,708.84,UPI,normal
T002283,2026-09-07T14:17:33,AC76140059,AC12426922,607.74,UPI,normal
T002284,2026-09-07T14:20:50,AC68224916,AC12426922,3066.86,NEFT,normal
T002285,2026-09-07T14:24:50,AC83517017,AC63453132,1801.14,UPI,normal
T002286,2026-09-07T14:26:13,AC29343122,AC22374072,953.19,UPI,normal
T002287,2026-09-07T14:26:34,AC66255890,AC59117315,382.87,NEFT,normal
T002288,2026-09-07T14:27:16,AC13749650,AC62662255,11231.63,UPI,normal
T002289,2026-09-07T14:28:46,AC26616417,AC62662255,37.64,UPI,normal
T002290,2026-09-07T14:29:08,AC87097845,AC63453132,2986.73,UPI,normal
T002291,2026-09-07T14:29:15,AC69491792,AC98618129,68.80,IMPS,normal
T002292,2026-09-07T14:37:22,AC30926211,AC30729474,208.74,UPI,normal
T002293,2026-09-07T14:49:45,AC59081935,AC69117285,1228.81,UPI,normal
T002294,2026-09-07T14:49:59,AC66238912,AC55515398,1052.42,IMPS,normal
T002295,2026-09-07T14:51:18,AC75507385,AC69117285,980.00,NEFT,normal
T002296,2026-09-07T14:53:44,AC72492024,AC45265254,1529.00,UPI,normal
T002297,2026-09-07T14:56:59,AC80263864,AC69117285,1146.00,NEFT,normal
T002298,2026-09-07T14:58:19,AC29676659,AC59148289,1987.84,UPI,normal
T002299,2026-09-07T14:58:26,AC59081935,AC40026139,474.15,UPI,normal
T002300,2026-09-07T14:58:53,AC84903659,AC19736972,713.63,IMPS,normal
T002301,2026-09-07T15:12:23,AC74939188,AC99635023,2644.15,UPI,normal
T002302,2026-09-07T15:17:21,AC58877189,AC22374072,203.19,NEFT,normal
T002303,2026-09-07T15:20:13,AC30256261,AC28422000,486.92,UPI,normal
T002304,2026-09-07T15:20:22,AC13740078,AC12426922,590.96,UPI,normal
T002305,2026-09-07T15:24:29,AC87457446,AC43971558,793.39,UPI,normal
T002306,2026-09-07T15:24:36,AC48197765,AC31849997,247.48,UPI,normal
T002307,2026-09-07T15:25:48,AC98662305,AC12426922,1912.41,NEFT,normal
T002308,2026-09-07T15:34:48,AC10549434,AC71561748,1839.49,UPI,normal
T002309,2026-09-07T15:36:39,AC77854192,AC30729474,99.66,UPI,normal
T002310,2026-09-07T15:39:27,AC83061791,AC84363365,401.66,UPI,normal
T002311,2026-09-07T15:39:56,AC56100526,AC55362865,342.27,NEFT,normal
T002312,2026-09-07T15:40:06,AC91733095,AC59117315,418.14,NEFT,normal
T002313,2026-09-07T15:41:26,AC91996233,AC40026139,300.46,UPI,normal
T002314,2026-09-07T15:48:15,AC24241764,AC98618129,1666.62,IMPS,normal
T002315,2026-09-07T15:49:48,AC76627625,AC12614954,267.03,NEFT,normal
T002316,2026-09-07T15:51:20,AC43343251,AC67490644,599.09,UPI,normal
T002317,2026-09-07T15:52:38,AC17784483,AC67917877,214.72,NEFT,normal
T002318,2026-09-07T15:54:04,AC69812891,AC99635023,517.05,IMPS,normal
T002319,2026-09-07T15:54:08,AC78149300,AC84363365,762.93,IMPS,normal
T002320,2026-09-07T15:54:10,AC80224010,AC18174466,4047.00,UPI,normal
T002321,2026-09-07T15:55:26,AC79301246,AC40026139,869.99,IMPS,normal
T002322,2026-09-07T15:58:20,AC62148384,AC40026139,2168.79,UPI,normal
T002323,2026-09-07T15:59:06,AC83744576,AC64198427,458.14,NEFT,normal
T002324,2026-09-07T16:01:23,AC95132904,AC28422000,1547.51,UPI,normal
T002325,2026-09-07T16:02:31,AC11911654,AC69117285,1076.17,UPI,normal
T002326,2026-09-07T16:03:06,AC70025882,AC39472579,221.92,UPI,normal
T002327,2026-09-07T16:07:50,AC18142912,AC12426922,1326.44,UPI,normal
T002328,2026-09-07T16:08:30,AC98384612,AC67490644,299.63,UPI,normal
T002329,2026-09-07T16:10:51,AC53752583,AC19814103,2945.91,IMPS,normal
T002330,2026-09-07T16:13:28,AC30256261,AC29190316,225.98,NEFT,normal
T002331,2026-09-07T16:16:05,AC27550747,AC29190316,690.93,IMPS,normal
T002332,2026-09-07T16:17:58,AC95421789,AC19736972,158.18,UPI,normal
T002333,2026-09-07T16:18:28,AC18174466,AC59117315,435.45,UPI,normal
T002334,2026-09-07T16:19:59,AC29619183,AC55515398,485.95,UPI,normal
T002335,2026-09-07T16:24:12,AC22633920,AC99635023,249.33,IMPS,normal
T002336,2026-09-07T16:31:57,AC15262308,AC30729474,1170.47,UPI,normal
T002337,2026-09-07T16:32:56,AC67390467,AC69117285,2755.37,NEFT,normal
T002338,2026-09-07T16:37:28,AC57030900,AC62662255,180.28,UPI,normal
T002339,2026-09-07T16:44:06,AC50008920,AC26421523,1609.99,NEFT,normal
T002340,2026-09-07T16:45:45,AC99686414,AC40026139,4281.40,UPI,normal
T002341,2026-09-07T16:49:35,AC85201674,AC69117285,1559.89,UPI,normal
T002342,2026-09-07T16:53:47,AC83589642,AC69117285,927.89,NEFT,normal
T002343,2026-09-07T16:54:59,AC67390467,AC28422000,914.36,IMPS,normal
T002344,2026-09-07T16:58:29,AC31667923,AC99635023,330.48,UPI,normal
T002345,2026-09-07T17:01:31,AC62148384,AC12426922,3328.05,UPI,normal
T002346,2026-09-07T17:02:05,AC48870700,AC28422000,714.96,NEFT,normal
T002347,2026-09-07T17:03:46,AC85748230,AC40026139,474.34,IMPS,normal
T002348,2026-09-07T17:09:03,AC81483341,AC12426922,3672.99,UPI,normal
T002349,2026-09-07T17:09:21,AC43343251,AC64198427,363.13,IMPS,normal
T002350,2026-09-07T17:11:59,AC15663839,AC75399034,64.08,UPI,normal
T002351,2026-09-07T17:13:51,AC17626596,AC28422000,1379.97,IMPS,normal
T002352,2026-09-07T17:14:51,AC13740078,AC39472579,378.77,IMPS,normal
T002353,2026-09-07T17:16:15,AC75507385,AC43971558,349.14,NEFT,normal
T002354,2026-09-07T17:18:09,AC78149300,AC96363470,707.89,IMPS,normal
T002355,2026-09-07T17:21:28,AC25482486,AC59117315,2068.60,NEFT,normal
T002356,2026-09-07T17:23:27,AC68202938,AC67917877,465.56,UPI,normal
T002357,2026-09-07T17:23:36,AC73093067,AC69117285,3926.95,NEFT,normal
T002358,2026-09-07T17:24:35,AC27359750,AC30729474,2062.28,UPI,normal
T002359,2026-09-07T17:32:26,AC82903368,AC98618129,818.23,UPI,normal
T002360,2026-09-07T17:38:20,AC66119495,AC21378775,697.00,NEFT,normal
T002361,2026-09-07T17:41:19,AC91220385,AC72778440,1657.42,UPI,normal
T002362,2026-09-07T17:49:05,AC96290869,AC32555071,1400.00,UPI,normal
T002363,2026-09-07T17:53:11,AC24241764,AC79203339,716.02,UPI,normal
T002364,2026-09-07T17:57:50,AC28377915,AC30379134,4707.00,UPI,normal
T002365,2026-09-07T18:00:31,AC70025882,AC26421523,474.06,UPI,normal
T002366,2026-09-07T18:04:39,AC42301241,AC55362865,306.29,UPI,normal
T002367,2026-09-07T18:05:59,AC37543491,AC43971558,1392.77,IMPS,normal
T002368,2026-09-07T18:07:06,AC99745048,AC39472579,1014.98,UPI,normal
T002369,2026-09-07T18:14:55,AC48197765,AC71561748,3266.27,UPI,normal
T002370,2026-09-07T18:18:53,AC83589642,AC22374072,198.77,NEFT,normal
T002371,2026-09-07T18:20:09,AC91996233,AC72778440,294.85,UPI,normal
T002372,2026-09-07T18:24:47,AC13749650,AC52410090,764.88,UPI,normal
T002373,2026-09-07T18:24:47,AC88710264,AC59148289,853.45,IMPS,normal
T002374,2026-09-07T18:27:45,AC18724149,AC59148289,1097.11,UPI,normal
T002375,2026-09-07T18:29:00,AC48578460,AC29190316,438.02,UPI,normal
T002376,2026-09-07T18:30:11,AC17056578,AC99635023,541.30,UPI,normal
T002377,2026-09-07T18:30:49,AC55330357,AC57864027,721.08,UPI,normal
T002378,2026-09-07T18:32:49,AC81380338,AC39472579,1750.47,UPI,normal
T002379,2026-09-07T18:33:07,AC97908110,AC84363365,478.48,NEFT,normal
T002380,2026-09-07T18:35:12,AC57740731,AC30729474,578.71,UPI,normal
T002381,2026-09-07T18:35:26,AC32420002,AC29552354,4193.00,IMPS,normal
T002382,2026-09-07T18:49:19,AC49321318,AC72778440,299.89,UPI,normal
T002383,2026-09-07T18:53:51,AC21138017,AC55362865,493.25,UPI,normal
T002384,2026-09-07T18:55:37,AC23831903,AC67917877,325.53,UPI,normal
T002385,2026-09-07T18:57:37,AC26487605,AC12426922,3954.23,IMPS,normal
T002386,2026-09-07T18:59:28,AC13028344,AC59148289,426.64,UPI,normal
T002387,2026-09-07T19:03:17,AC74160468,AC22374072,844.93,IMPS,normal
T002388,2026-09-07T19:08:43,AC72164355,AC12426922,515.96,IMPS,normal
T002389,2026-09-07T19:10:33,AC84903659,AC26421523,724.18,NEFT,normal
T002390,2026-09-07T19:13:45,AC76453392,AC99635023,1931.27,NEFT,normal
T002391,2026-09-07T19:14:18,AC88220482,AC99635023,1259.10,IMPS,normal
T002392,2026-09-07T19:15:45,AC56911734,AC69117285,3846.62,IMPS,normal
T002393,2026-09-07T19:17:30,AC35583179,AC39472579,798.02,UPI,normal
T002394,2026-09-07T19:18:34,AC99686414,AC40026139,1707.69,UPI,normal
T002395,2026-09-07T19:22:43,AC33960779,AC69117285,2242.71,IMPS,normal
T002396,2026-09-07T19:22:59,AC30399018,AC84363365,1815.24,UPI,normal
T002397,2026-09-07T19:23:29,AC81232885,AC40026139,934.75,UPI,normal
T002398,2026-09-07T19:23:46,AC85394042,AC52410090,504.48,UPI,normal
T002399,2026-09-07T19:37:15,AC56100526,AC40026139,868.08,UPI,normal
T002400,2026-09-07T19:38:00,AC55650450,AC96363470,692.66,NEFT,normal
T002401,2026-09-07T19:38:21,AC53464097,AC19039243,2089.00,IMPS,normal
T002402,2026-09-07T19:46:24,AC17999533,AC28422000,171.43,NEFT,normal
T002403,2026-09-07T19:47:42,AC83960310,AC71561748,3678.18,UPI,normal
T002404,2026-09-07T19:50:28,AC67783637,AC42297987,419.91,UPI,normal
T002405,2026-09-07T19:53:08,AC20418044,AC12614954,821.81,UPI,normal
T002406,2026-09-07T19:56:19,AC88590039,AC31783965,2978.00,IMPS,normal
T002407,2026-09-07T19:58:57,AC95149012,AC71561748,2109.33,IMPS,normal
T002408,2026-09-07T20:02:15,AC30306925,AC84363365,1370.49,IMPS,normal
T002409,2026-09-07T20:02:42,AC21138017,AC30729474,387.47,IMPS,normal
T002410,2026-09-07T20:04:20,AC52164119,AC29190316,2109.73,UPI,normal
T002411,2026-09-07T20:04:35,AC29938108,AC69117285,992.96,UPI,normal
T002412,2026-09-07T20:08:39,AC73382988,AC26421523,4754.76,UPI,normal
T002413,2026-09-07T20:11:08,AC58877189,AC71561748,2060.46,UPI,normal
T002414,2026-09-07T20:19:06,AC27874421,AC84363365,1294.93,UPI,normal
T002415,2026-09-07T20:24:07,AC63428001,AC96363470,67.70,UPI,normal
T002416,2026-09-07T20:30:38,AC84550146,AC50638453,724.78,IMPS,normal
T002417,2026-09-07T20:44:02,AC23831903,AC52751778,1175.37,UPI,normal
T002418,2026-09-07T20:45:46,AC39673100,AC67917877,137.13,UPI,normal
T002419,2026-09-07T20:49:45,AC20986393,AC86072408,2427.00,UPI,normal
T002420,2026-09-07T20:50:27,AC76262352,AC29190316,186.82,UPI,normal
T002421,2026-09-07T20:50:55,AC73382988,AC40026139,1061.38,UPI,normal
T002422,2026-09-07T20:51:01,AC13889649,AC67917877,21349.36,UPI,normal
T002423,2026-09-07T20:53:16,AC45046288,AC19814103,571.25,UPI,normal
T002424,2026-09-07T20:55:32,AC32140838,AC84363365,362.55,UPI,normal
T002425,2026-09-07T20:56:42,AC83639904,AC30729474,565.98,NEFT,normal
T002426,2026-09-07T21:02:30,AC53464097,AC39472579,159.83,UPI,normal
T002427,2026-09-07T21:05:33,AC23896513,AC36272404,223.95,UPI,normal
T002428,2026-09-07T21:07:20,AC99745048,AC66542771,798.55,UPI,normal
T002429,2026-09-07T21:08:45,AC40446731,AC40026139,1700.20,UPI,normal
T002430,2026-09-07T21:09:14,AC73667109,AC31849997,1034.50,UPI,normal
T002431,2026-09-07T21:09:20,AC30306925,AC29190316,478.34,UPI,normal
T002432,2026-09-07T21:09:48,AC23715389,AC57864027,421.91,NEFT,normal
T002433,2026-09-07T21:14:19,AC37910936,AC12614954,1570.03,NEFT,normal
T002434,2026-09-07T21:15:03,AC83849218,AC76262352,3583.00,IMPS,normal
T002435,2026-09-07T21:18:00,AC86072408,AC72778440,128.26,UPI,normal
T002436,2026-09-07T21:18:41,AC81366283,AC12426922,3415.14,UPI,normal
T002437,2026-09-07T21:19:55,AC36146343,AC19736972,635.68,IMPS,normal
T002438,2026-09-07T21:20:34,AC52763335,AC42297987,53.74,NEFT,normal
T002439,2026-09-07T21:23:38,AC84714297,AC84363365,187.02,UPI,normal
T002440,2026-09-07T21:24:38,AC78741149,AC12426922,1995.16,NEFT,normal
T002441,2026-09-07T21:25:18,AC95341298,AC59148289,951.08,UPI,normal
T002442,2026-09-07T21:31:16,AC90836544,AC38546741,498.20,UPI,normal
T002443,2026-09-07T21:42:56,AC95149012,AC22374072,4233.14,NEFT,normal
T002444,2026-09-07T21:54:55,AC82569631,AC29190316,2584.83,UPI,normal
T002445,2026-09-07T21:57:57,AC20809644,AC22374072,204.39,NEFT,normal
T002446,2026-09-07T22:02:20,AC81483341,AC64198427,334.90,UPI,normal
T002447,2026-09-07T22:02:25,AC18427393,AC69117285,3049.16,IMPS,normal
T002448,2026-09-07T22:05:24,AC25809806,AC29190316,2464.47,UPI,normal
T002449,2026-09-07T22:05:36,AC37543491,AC30729474,515.61,UPI,normal
T002450,2026-09-07T22:07:49,AC76640001,AC99635023,1964.64,UPI,normal
T002451,2026-09-07T22:10:55,AC70825377,AC67490644,1044.61,UPI,normal
T002452,2026-09-07T22:13:20,AC80263864,AC59148289,469.44,UPI,normal
T002453,2026-09-07T22:14:03,AC22562241,AC62662255,263.93,UPI,normal
T002454,2026-09-07T22:17:04,AC41317839,AC30729474,882.45,UPI,normal
T002455,2026-09-07T22:21:45,AC13422671,AC40026139,332.47,UPI,normal
T002456,2026-09-07T22:23:05,AC96856164,AC36272404,159.43,UPI,normal
T002457,2026-09-07T22:33:02,AC83849218,AC40026139,6417.07,IMPS,normal
T002458,2026-09-07T22:33:51,AC28689916,AC72778440,468.71,UPI,normal
T002459,2026-09-07T22:35:07,AC19437596,AC39472579,159.82,UPI,normal
T002460,2026-09-07T22:37:42,AC12510524,AC69340085,216.48,IMPS,normal
T002461,2026-09-07T22:40:17,AC10256129,AC84363365,374.84,UPI,normal
T002462,2026-09-07T22:41:57,AC27580355,AC52410090,885.70,UPI,normal
T002463,2026-09-07T22:45:50,AC13697544,AC30729474,1179.58,IMPS,normal
T002464,2026-09-07T22:47:57,AC17246803,AC29190316,497.93,UPI,normal
T002465,2026-09-07T22:48:37,AC13697544,AC99635023,842.06,IMPS,normal
T002466,2026-09-07T22:53:29,AC76662562,AC64198427,335.32,UPI,normal
T002467,2026-09-08T07:03:17,AC91847639,AC69117285,1986.91,UPI,normal
T002468,2026-09-08T07:04:14,AC58530762,AC40026139,184.84,UPI,normal
T002469,2026-09-08T07:05:15,AC28689916,AC67917877,558.02,NEFT,normal
T002470,2026-09-08T07:11:14,AC18354761,AC69117285,2264.75,NEFT,normal
T002471,2026-09-08T07:17:32,AC30399018,AC54492893,499.00,UPI,normal
T002472,2026-09-08T07:18:15,AC58553593,AC82687908,3317.00,NEFT,normal
T002473,2026-09-08T07:22:05,AC86910239,AC99635023,386.33,IMPS,normal
T002474,2026-09-08T07:24:14,AC66255890,AC26487605,3887.00,NEFT,normal
T002475,2026-09-08T07:27:28,AC68224916,AC29190316,1956.45,NEFT,normal
T002476,2026-09-08T07:28:36,AC52110478,AC99635023,333.36,NEFT,normal
T002477,2026-09-08T07:37:51,AC92306098,AC39962626,638.00,NEFT,normal
T002478,2026-09-08T07:41:37,AC54246886,AC69117285,1746.31,UPI,normal
T002479,2026-09-08T07:50:18,AC70712824,AC40026139,3279.77,NEFT,normal
T002480,2026-09-08T07:53:24,AC29619183,AC42297987,484.95,NEFT,normal
T002481,2026-09-08T07:55:35,AC72492024,AC31671607,198.53,IMPS,normal
T002482,2026-09-08T07:57:47,AC21378775,AC26421523,88.58,IMPS,normal
T002483,2026-09-08T08:00:45,AC80676511,AC69117285,2924.01,UPI,normal
T002484,2026-09-08T08:10:17,AC74160468,AC42297987,1880.09,UPI,normal
T002485,2026-09-08T08:10:35,AC63873226,AC39472579,342.49,IMPS,normal
T002486,2026-09-08T08:10:46,AC33651543,AC26421523,255.55,IMPS,normal
T002487,2026-09-08T08:17:39,AC38325623,AC59148289,1194.01,IMPS,normal
T002488,2026-09-08T08:19:06,AC25482486,AC54492893,499.00,UPI,normal
T002489,2026-09-08T08:21:08,AC56100526,AC12426922,502.67,NEFT,normal
T002490,2026-09-08T08:23:21,AC88592782,AC12426922,1439.67,UPI,normal
T002491,2026-09-08T08:25:16,AC78710461,AC69117285,1574.60,UPI,normal
T002492,2026-09-08T08:27:59,AC38019720,AC84363365,436.94,UPI,normal
T002493,2026-09-08T08:29:31,AC33651543,AC66542771,1520.37,UPI,normal
T002494,2026-09-08T08:31:13,AC30379134,AC12426922,1896.03,UPI,normal
T002495,2026-09-08T08:35:48,AC57000147,AC71561748,686.87,IMPS,normal
T002496,2026-09-08T08:45:27,AC79358465,AC19736972,313.87,NEFT,normal
T002497,2026-09-08T08:47:37,AC18724149,AC30729474,202.86,NEFT,normal
T002498,2026-09-08T08:51:05,AC62472380,AC31671607,770.67,UPI,normal
T002499,2026-09-08T08:53:38,AC37543491,AC63453132,168.44,UPI,normal
T002500,2026-09-08T08:56:49,AC81232885,AC66542771,560.51,IMPS,normal
T002501,2026-09-08T08:57:19,AC95753514,AC57864027,1654.22,UPI,normal
T002502,2026-09-08T09:06:36,AC91907998,AC42297987,178.03,UPI,normal
T002503,2026-09-08T09:08:08,AC47290936,AC40026139,507.02,NEFT,normal
T002504,2026-09-08T09:09:29,AC93082061,AC59148289,507.90,UPI,normal
T002505,2026-09-08T09:12:07,AC79476293,AC59081935,3088.00,UPI,normal
T002506,2026-09-08T09:12:54,AC39287351,AC38546741,238.57,UPI,normal
T002507,2026-09-08T09:14:31,AC85893910,AC12426922,3792.75,UPI,normal
T002508,2026-09-08T09:14:55,AC52164119,AC59117315,635.57,UPI,normal
T002509,2026-09-08T09:15:31,AC39287351,AC69117285,1411.78,IMPS,normal
T002510,2026-09-08T09:31:03,AC12871813,AC99855030,564.30,UPI,normal
T002511,2026-09-08T09:33:20,AC75507385,AC39472579,1283.61,NEFT,normal
T002512,2026-09-08T09:33:51,AC22175294,AC43971558,745.29,IMPS,normal
T002513,2026-09-08T09:37:10,AC55330357,AC42297987,928.22,NEFT,normal
T002514,2026-09-08T09:42:27,AC83061791,AC19736972,916.14,NEFT,normal
T002515,2026-09-08T09:44:54,AC75627516,AC29190316,682.06,UPI,normal
T002516,2026-09-08T09:46:38,AC32140838,AC29190316,738.41,UPI,normal
T002517,2026-09-08T09:48:16,AC52110478,AC84363365,1367.67,IMPS,normal
T002518,2026-09-08T09:56:59,AC92891895,AC75399034,388.15,IMPS,normal
T002519,2026-09-08T10:03:13,AC66599395,AC69117285,1375.92,IMPS,normal
T002520,2026-09-08T10:06:55,AC91354422,AC22374072,514.91,UPI,normal
T002521,2026-09-08T10:06:55,AC47502921,AC26421523,1803.85,UPI,normal
T002522,2026-09-08T10:07:31,AC73639532,AC84363365,1428.78,IMPS,normal
T002523,2026-09-08T10:09:44,AC98217056,AC12426922,1809.91,UPI,normal
T002524,2026-09-08T10:11:30,AC37430528,AC12426922,3470.55,UPI,normal
T002525,2026-09-08T10:14:38,AC31667923,AC66542771,736.40,NEFT,normal
T002526,2026-09-08T10:20:14,AC77470852,AC29190316,432.05,UPI,normal
T002527,2026-09-08T10:25:21,AC39287351,AC55515398,415.77,UPI,normal
T002528,2026-09-08T10:33:30,AC18724149,AC31849997,5432.78,UPI,normal
T002529,2026-09-08T10:38:49,AC85394042,AC71561748,2410.23,UPI,normal
T002530,2026-09-08T10:40:15,AC27359750,AC22374072,3506.21,UPI,normal
T002531,2026-09-08T10:50:05,AC40970943,AC99635023,193.67,UPI,normal
T002532,2026-09-08T10:52:33,AC91847639,AC59148289,303.24,IMPS,normal
T002533,2026-09-08T10:58:37,AC34127884,AC12614954,1330.73,IMPS,normal
T002534,2026-09-08T10:59:54,AC86013032,AC99635023,447.13,UPI,normal
T002535,2026-09-08T11:09:38,AC13697544,AC12426922,2391.59,IMPS,normal
T002536,2026-09-08T11:11:50,AC18302983,AC39472579,178.73,UPI,normal
T002537,2026-09-08T11:21:56,AC32329304,AC99635023,200.26,UPI,normal
T002538,2026-09-08T11:23:06,AC79578048,AC12426922,2376.19,UPI,normal
T002539,2026-09-08T11:26:50,AC36832537,AC84363365,435.30,NEFT,normal
T002540,2026-09-08T11:28:35,AC48870700,AC12426922,2998.06,NEFT,normal
T002541,2026-09-08T11:35:16,AC19722233,AC40026139,858.58,UPI,normal
T002542,2026-09-08T11:40:09,AC47203213,AC75399034,95.70,UPI,normal
T002543,2026-09-08T11:48:07,AC62992312,AC96363470,190.40,IMPS,normal
T002544,2026-09-08T11:49:33,AC73639532,AC71561748,1353.34,IMPS,normal
T002545,2026-09-08T11:52:24,AC69139937,AC99635023,309.56,NEFT,normal
T002546,2026-09-08T11:55:14,AC55641228,AC29190316,2302.14,UPI,normal
T002547,2026-09-08T11:57:04,AC60496650,AC43971558,187.81,UPI,normal
T002548,2026-09-08T12:03:03,AC74160468,AC98618129,882.05,IMPS,normal
T002549,2026-09-08T12:06:24,AC95132904,AC17933677,4972.00,UPI,normal
T002550,2026-09-08T12:13:15,AC66238912,AC64198427,188.34,UPI,normal
T002551,2026-09-08T12:18:01,AC21535642,AC62662255,316.42,NEFT,normal
T002552,2026-09-08T12:19:08,AC98384612,AC22374072,941.08,UPI,normal
T002553,2026-09-08T12:30:48,AC25809806,AC99635023,346.86,NEFT,normal
T002554,2026-09-08T12:31:36,AC66126116,AC75399034,917.87,UPI,normal
T002555,2026-09-08T12:32:05,AC21397668,AC40026139,431.43,UPI,normal
T002556,2026-09-08T12:38:21,AC88061052,AC38546741,741.56,UPI,normal
T002557,2026-09-08T12:38:56,AC88061052,AC64198427,1214.17,UPI,normal
T002558,2026-09-08T12:46:46,AC57740731,AC71561748,2824.46,NEFT,normal
T002559,2026-09-08T12:54:55,AC41132723,AC28689916,2922.00,IMPS,normal
T002560,2026-09-08T12:56:55,AC58530762,AC12426922,1290.15,UPI,normal
T002561,2026-09-08T13:01:52,AC95753514,AC63453132,730.18,NEFT,normal
T002562,2026-09-08T13:04:10,AC10549434,AC42297987,3898.54,IMPS,normal
T002563,2026-09-08T13:04:49,AC43234300,AC43971558,339.36,NEFT,normal
T002564,2026-09-08T13:05:58,AC81924865,AC52410090,2091.82,UPI,normal
T002565,2026-09-08T13:12:14,AC19824854,AC72778440,2904.44,UPI,normal
T002566,2026-09-08T13:14:20,AC95132904,AC40026139,1501.75,NEFT,normal
T002567,2026-09-08T13:15:50,AC38558820,AC39472579,279.14,UPI,normal
T002568,2026-09-08T13:20:14,AC30246633,AC71561748,966.22,UPI,normal
T002569,2026-09-08T13:28:37,AC95341298,AC19814103,372.74,UPI,normal
T002570,2026-09-08T13:31:50,AC30306925,AC22374072,1300.05,UPI,normal
T002571,2026-09-08T13:32:15,AC50298754,AC59148289,188.74,NEFT,normal
T002572,2026-09-08T13:39:10,AC28689916,AC30729474,118.19,UPI,normal
T002573,2026-09-08T13:41:58,AC35215622,AC30729474,926.09,UPI,normal
T002574,2026-09-08T13:44:11,AC38558820,AC12426922,532.24,UPI,normal
T002575,2026-09-08T13:44:42,AC56208603,AC99855030,1589.40,UPI,normal
T002576,2026-09-08T13:44:59,AC74160948,AC42297987,215.49,UPI,normal
T002577,2026-09-08T13:45:20,AC21138017,AC63453132,167.80,IMPS,normal
T002578,2026-09-08T13:46:41,AC57484087,AC31671607,197.63,NEFT,normal
T002579,2026-09-08T13:47:15,AC93760773,AC75399034,206.07,UPI,normal
T002580,2026-09-08T13:50:16,AC62472380,AC18174466,559.00,UPI,normal
T002581,2026-09-08T13:50:57,AC92891895,AC59148289,527.41,UPI,normal
T002582,2026-09-08T13:55:29,AC30106149,AC99635023,1639.95,NEFT,normal
T002583,2026-09-08T13:55:30,AC70241505,AC12426922,3644.06,NEFT,normal
T002584,2026-09-08T13:55:31,AC86626738,AC22374072,1182.86,UPI,normal
T002585,2026-09-08T13:56:21,AC75090595,AC42297987,689.56,UPI,normal
T002586,2026-09-08T13:57:04,AC21527244,AC40026139,563.89,UPI,normal
T002587,2026-09-08T13:57:08,AC66255890,AC69117285,3396.64,UPI,normal
T002588,2026-09-08T14:04:52,AC55987803,AC57722796,3303.00,IMPS,normal
T002589,2026-09-08T14:06:28,AC38019720,AC64198427,1191.40,UPI,normal
T002590,2026-09-08T14:08:47,AC92083983,AC99635023,1822.91,UPI,normal
T002591,2026-09-08T14:22:47,AC26843185,AC19814103,520.57,IMPS,normal
T002592,2026-09-08T14:23:00,AC74160468,AC12614954,928.93,UPI,normal
T002593,2026-09-08T14:25:31,AC40446731,AC71561748,3791.99,NEFT,normal
T002594,2026-09-08T14:31:13,AC79476293,AC66542771,2292.48,UPI,normal
T002595,2026-09-08T14:33:28,AC78524460,AC63453132,618.97,UPI,normal
T002596,2026-09-08T14:39:20,AC66255890,AC40026139,407.30,UPI,normal
T002597,2026-09-08T14:39:52,AC71967692,AC67917877,260.26,IMPS,normal
T002598,2026-09-08T14:42:29,AC51403729,AC54492893,499.00,UPI,normal
T002599,2026-09-08T14:46:39,AC13749650,AC75399034,3680.44,UPI,normal
T002600,2026-09-08T14:47:22,AC94212661,AC26421523,1897.04,UPI,normal
T002601,2026-09-08T14:48:50,AC21138017,AC40026139,930.71,UPI,normal
T002602,2026-09-08T14:51:20,AC50298754,AC69117285,2311.51,UPI,normal
T002603,2026-09-08T14:53:37,AC36401454,AC40026139,504.95,NEFT,normal
T002604,2026-09-08T14:55:30,AC74939188,AC12426922,3461.00,IMPS,normal
T002605,2026-09-08T14:59:30,AC26843185,AC12426922,2052.98,UPI,normal
T002606,2026-09-08T15:05:52,AC20418044,AC54492893,499.00,UPI,normal
T002607,2026-09-08T15:16:16,AC23711300,AC40026139,412.38,UPI,normal
T002608,2026-09-08T15:16:36,AC85196458,AC22374072,1670.38,UPI,normal
T002609,2026-09-08T15:17:34,AC10527808,AC30729474,1875.80,UPI,normal
T002610,2026-09-08T15:18:10,AC51856109,AC40026139,3731.18,NEFT,normal
T002611,2026-09-08T15:19:38,AC30256261,AC43971558,1389.23,UPI,normal
T002612,2026-09-08T15:23:37,AC88295746,AC99855030,270.55,NEFT,normal
T002613,2026-09-08T15:23:44,AC89070818,AC12426922,827.43,UPI,normal
T002614,2026-09-08T15:25:32,AC30399018,AC29190316,6427.18,UPI,normal
T002615,2026-09-08T15:27:01,AC88592782,AC54492893,499.00,UPI,normal
T002616,2026-09-08T15:36:41,AC27580355,AC99635023,1135.99,UPI,normal
T002617,2026-09-08T15:37:50,AC25716331,AC99635023,1423.32,UPI,normal
T002618,2026-09-08T15:41:04,AC22633920,AC36272404,767.04,UPI,normal
T002619,2026-09-08T15:46:54,AC68224916,AC38546741,364.76,NEFT,normal
T002620,2026-09-08T15:57:02,AC61061966,AC40026139,386.43,UPI,normal
T002621,2026-09-08T15:58:39,AC47167180,AC43971558,48.46,NEFT,normal
T002622,2026-09-08T16:07:03,AC57740731,AC79203339,232.02,UPI,normal
T002623,2026-09-08T16:13:05,AC83849218,AC26421523,1323.91,UPI,normal
T002624,2026-09-08T16:15:00,AC31783965,AC97197858,2011.00,NEFT,normal
T002625,2026-09-08T16:15:01,AC27580355,AC52751778,1040.82,UPI,normal
T002626,2026-09-08T16:15:34,AC95149012,AC30729474,863.67,NEFT,normal
T002627,2026-09-08T16:17:00,AC75507385,AC59148289,757.57,UPI,normal
T002628,2026-09-08T16:17:35,AC80676511,AC30729474,2737.53,UPI,normal
T002629,2026-09-08T16:20:51,AC71289682,AC13697544,2419.00,IMPS,normal
T002630,2026-09-08T16:25:35,AC80263864,AC55515398,500.49,IMPS,normal
T002631,2026-09-08T16:28:33,AC23793831,AC40026139,1007.79,UPI,normal
T002632,2026-09-08T16:29:48,AC19722233,AC67490644,2105.33,IMPS,normal
T002633,2026-09-08T16:30:10,AC95341298,AC42297987,1064.93,UPI,normal
T002634,2026-09-08T16:31:39,AC83061791,AC12426922,2156.04,UPI,normal
T002635,2026-09-08T16:32:09,AC58153450,AC40026139,390.58,UPI,normal
T002636,2026-09-08T16:36:51,AC76453392,AC19814103,1956.29,IMPS,normal
T002637,2026-09-08T16:49:48,AC56100526,AC39472579,1361.73,UPI,normal
T002638,2026-09-08T16:52:45,AC52763335,AC40026139,952.76,UPI,normal
T002639,2026-09-08T17:08:58,AC69491792,AC31849997,516.04,UPI,normal
T002640,2026-09-08T17:12:59,AC28377915,AC31849997,172.68,IMPS,normal
T002641,2026-09-08T17:17:02,AC34256684,AC66542771,915.96,UPI,normal
T002642,2026-09-08T17:17:49,AC62472380,AC28377915,4906.00,NEFT,normal
T002643,2026-09-08T17:22:57,AC14959258,AC84363365,487.01,UPI,normal
T002644,2026-09-08T17:27:11,AC92374421,AC55362865,495.64,NEFT,normal
T002645,2026-09-08T17:29:18,AC66119495,AC79203339,687.32,UPI,normal
T002646,2026-09-08T17:32:25,AC76453392,AC12426922,1692.72,NEFT,normal
T002647,2026-09-08T17:45:52,AC57030900,AC69117285,2663.27,NEFT,normal
T002648,2026-09-08T17:46:21,AC91996233,AC40026139,306.68,UPI,normal
T002649,2026-09-08T17:48:23,AC56208603,AC12426922,2161.22,UPI,normal
T002650,2026-09-08T17:49:45,AC67390467,AC39472579,1770.18,IMPS,normal
T002651,2026-09-08T17:50:23,AC44785794,AC69117285,2612.00,IMPS,normal
T002652,2026-09-08T17:54:20,AC83960310,AC55362865,1558.86,UPI,normal
T002653,2026-09-08T17:59:54,AC84688894,AC29190316,261.34,UPI,normal
T002654,2026-09-08T18:06:00,AC67390467,AC93082061,3965.00,UPI,normal
T002655,2026-09-08T18:07:49,AC74160468,AC96363470,418.95,UPI,normal
T002656,2026-09-08T18:11:05,AC68224916,AC99635023,1837.01,IMPS,normal
T002657,2026-09-08T18:11:44,AC66230047,AC69117285,2314.21,UPI,normal
T002658,2026-09-08T18:15:22,AC16480894,AC96319863,175.00,UPI,normal
T002659,2026-09-08T18:19:30,AC34127884,AC69117285,1612.51,NEFT,normal
T002660,2026-09-08T18:22:10,AC15663839,AC69117285,2668.04,UPI,normal
T002661,2026-09-08T18:22:29,AC23831903,AC31671607,1155.78,NEFT,normal
T002662,2026-09-08T18:22:31,AC19039243,AC79203339,624.76,IMPS,normal
T002663,2026-09-08T18:28:59,AC79188088,AC43971558,633.31,NEFT,normal
T002664,2026-09-08T18:29:53,AC74353833,AC12426922,2246.89,UPI,normal
T002665,2026-09-08T18:33:50,AC74628898,AC71561748,702.83,UPI,normal
T002666,2026-09-08T18:35:47,AC40970943,AC57864027,124.60,IMPS,normal
T002667,2026-09-08T18:37:13,AC20418044,AC99635023,741.78,UPI,normal
T002668,2026-09-08T18:45:20,AC47840101,AC12426922,1395.20,IMPS,normal
T002669,2026-09-08T18:51:25,AC43800696,AC64198427,3007.14,UPI,normal
T002670,2026-09-08T18:53:26,AC88295746,AC59148289,1205.19,UPI,normal
T002671,2026-09-08T18:54:02,AC42301241,AC59117315,486.53,UPI,normal
T002672,2026-09-08T18:57:08,AC20815439,AC42297987,214.59,UPI,normal
T002673,2026-09-08T19:08:24,AC85394042,AC72778440,339.49,NEFT,normal
T002674,2026-09-08T19:14:00,AC43234300,AC69117285,3248.77,UPI,normal
T002675,2026-09-08T19:14:47,AC87097845,AC96363470,335.79,UPI,normal
T002676,2026-09-08T19:16:52,AC97197858,AC99635023,239.47,IMPS,normal
T002677,2026-09-08T19:17:00,AC33960779,AC32817504,3521.00,UPI,normal
T002678,2026-09-08T19:23:08,AC87832216,AC84363365,2471.88,UPI,normal
T002679,2026-09-08T19:23:42,AC48870700,AC19814103,2778.21,UPI,normal
T002680,2026-09-08T19:25:02,AC99686414,AC28422000,270.29,UPI,normal
T002681,2026-09-08T19:25:15,AC18302983,AC71561748,527.56,UPI,normal
T002682,2026-09-08T19:26:44,AC92891895,AC39472579,1297.74,UPI,normal
T002683,2026-09-08T19:36:27,AC86072408,AC39472579,820.07,NEFT,normal
T002684,2026-09-08T19:41:34,AC51856109,AC26421523,801.71,UPI,normal
T002685,2026-09-08T19:41:51,AC93082061,AC47840101,1762.00,UPI,normal
T002686,2026-09-08T19:41:56,AC83744576,AC31671607,967.90,UPI,normal
T002687,2026-09-08T19:45:47,AC74160468,AC98618129,817.12,IMPS,normal
T002688,2026-09-08T19:55:14,AC21535642,AC72778440,971.83,UPI,normal
T002689,2026-09-08T19:55:47,AC63404922,AC71561748,1917.15,UPI,normal
T002690,2026-09-08T19:57:13,AC50234045,AC40432459,1298.00,UPI,normal
T002691,2026-09-08T20:06:47,AC29361589,AC12426922,1787.38,UPI,normal
T002692,2026-09-08T20:12:05,AC43239798,AC76640001,3914.00,UPI,normal
T002693,2026-09-08T20:15:07,AC79301246,AC39472579,446.27,UPI,normal
T002694,2026-09-08T20:15:34,AC70025882,AC64198427,562.01,IMPS,normal
T002695,2026-09-08T20:17:15,AC90628248,AC99635023,198.23,UPI,normal
T002696,2026-09-08T20:21:14,AC57000147,AC51403729,2982.00,NEFT,normal
T002697,2026-09-08T20:34:40,AC76453392,AC52751778,710.96,UPI,normal
T002698,2026-09-08T20:40:16,AC24754327,AC29190316,1381.85,UPI,normal
T002699,2026-09-08T20:42:01,AC30287103,AC69117285,1949.41,UPI,normal
T002700,2026-09-08T20:42:41,AC68202938,AC64198427,1901.69,UPI,normal
T002701,2026-09-08T20:44:48,AC59982352,AC66542771,241.34,IMPS,normal
T002702,2026-09-08T20:45:36,AC13889649,AC29190316,350.79,UPI,normal
T002703,2026-09-08T20:47:37,AC32555071,AC41317839,112.00,UPI,normal
T002704,2026-09-08T20:50:07,AC33960779,AC99635023,1917.93,UPI,normal
T002705,2026-09-08T20:50:38,AC12871813,AC59148289,441.82,UPI,normal
T002706,2026-09-08T20:54:40,AC53703122,AC99635023,1394.57,UPI,normal
T002707,2026-09-08T20:55:59,AC52763335,AC12426922,3748.49,NEFT,normal
T002708,2026-09-08T20:57:27,AC73382988,AC22374072,864.13,UPI,normal
T002709,2026-09-08T20:59:22,AC24241764,AC99635023,439.10,UPI,normal
T002710,2026-09-08T20:59:39,AC17999533,AC52410090,645.97,NEFT,normal
T002711,2026-09-08T21:00:19,AC47369042,AC31849997,1264.59,UPI,normal
T002712,2026-09-08T21:04:17,AC76140059,AC40026139,1672.15,UPI,normal
T002713,2026-09-08T21:04:43,AC58530762,AC28422000,1049.74,IMPS,normal
T002714,2026-09-08T21:06:08,AC44841887,AC71561748,1082.22,UPI,normal
T002715,2026-09-08T21:07:59,AC30306925,AC69117285,777.58,UPI,normal
T002716,2026-09-08T21:09:46,AC30399018,AC71561748,3514.60,UPI,normal
T002717,2026-09-08T21:09:59,AC85064182,AC69117285,3168.30,UPI,normal
T002718,2026-09-08T21:10:54,AC70690025,AC54492893,499.00,UPI,normal
T002719,2026-09-08T21:22:05,AC73382988,AC99635023,190.95,IMPS,normal
T002720,2026-09-08T21:22:17,AC54629703,AC12426922,1196.62,IMPS,normal
T002721,2026-09-08T21:22:46,AC48578460,AC98618129,120.96,IMPS,normal
T002722,2026-09-08T21:24:00,AC52164119,AC69340085,3215.27,UPI,normal
T002723,2026-09-08T21:26:29,AC35215622,AC55362865,802.80,UPI,normal
T002724,2026-09-08T21:27:17,AC43343251,AC38546741,422.75,NEFT,normal
T002725,2026-09-08T21:29:23,AC72544046,AC40026139,825.20,NEFT,normal
T002726,2026-09-08T21:31:17,AC88295746,AC29190316,431.56,IMPS,normal
T002727,2026-09-08T21:31:34,AC17933677,AC43971558,1840.07,UPI,normal
T002728,2026-09-08T21:36:19,AC21239731,AC99635023,410.75,UPI,normal
T002729,2026-09-08T21:40:41,AC83061791,AC98618129,383.13,UPI,normal
T002730,2026-09-08T21:40:44,AC18288654,AC52751778,2033.58,NEFT,normal
T002731,2026-09-08T21:44:41,AC76662562,AC70025882,695.00,IMPS,normal
T002732,2026-09-08T21:44:57,AC42301241,AC39472579,629.95,UPI,normal
T002733,2026-09-08T21:46:54,AC29552354,AC79203339,846.15,UPI,normal
T002734,2026-09-08T21:47:49,AC70241505,AC19736972,706.58,UPI,normal
T002735,2026-09-08T21:48:45,AC48578460,AC69117285,2242.47,NEFT,normal
T002736,2026-09-08T21:51:09,AC96319863,AC87570629,2691.00,IMPS,normal
T002737,2026-09-08T21:52:13,AC93094361,AC69117285,2895.54,UPI,normal
T002738,2026-09-08T21:54:03,AC34473646,AC71561748,687.13,IMPS,normal
T002739,2026-09-08T21:54:28,AC56100526,AC64198427,181.91,UPI,normal
T002740,2026-09-08T21:54:57,AC19824854,AC40026139,376.25,UPI,normal
T002741,2026-09-08T22:00:57,AC30926211,AC19736972,571.53,NEFT,normal
T002742,2026-09-08T22:03:06,AC10256129,AC30729474,680.36,NEFT,normal
T002743,2026-09-08T22:05:31,AC47290936,AC99635023,924.85,UPI,normal
T002744,2026-09-08T22:06:49,AC71967692,AC39472579,6053.25,UPI,normal
T002745,2026-09-08T22:14:54,AC45046288,AC39287351,986.00,IMPS,normal
T002746,2026-09-08T22:17:32,AC76662562,AC69117285,1947.67,NEFT,normal
T002747,2026-09-08T22:20:34,AC98027796,AC54492893,499.00,UPI,normal
T002748,2026-09-08T22:21:11,AC59560375,AC94641177,4260.00,UPI,normal
T002749,2026-09-08T22:25:52,AC63907779,AC52751778,357.73,NEFT,normal
T002750,2026-09-08T22:34:12,AC17299905,AC31671607,786.04,UPI,normal
T002751,2026-09-08T22:40:51,AC80676511,AC43971558,1080.60,NEFT,normal
T002752,2026-09-08T22:43:26,AC84688894,AC40026139,301.79,NEFT,normal
T002753,2026-09-08T22:54:47,AC33131984,AC50638453,260.67,UPI,normal
T002754,2026-09-08T22:56:00,AC23711300,AC50638453,342.01,UPI,normal
T002755,2026-09-09T07:02:01,AC47840101,AC38546741,717.80,UPI,normal
T002756,2026-09-09T07:03:57,AC87097845,AC29190316,415.43,UPI,normal
T002757,2026-09-09T07:13:33,AC30306925,AC55362865,341.35,UPI,normal
T002758,2026-09-09T07:14:11,AC40446731,AC99635023,532.37,UPI,normal
T002759,2026-09-09T07:26:35,AC87832216,AC71561748,2945.48,IMPS,normal
T002760,2026-09-09T07:39:37,AC77264814,AC71561748,2739.08,UPI,normal
T002761,2026-09-09T07:48:52,AC27550747,AC84363365,230.64,IMPS,normal
T002762,2026-09-09T07:49:59,AC95341298,AC40026139,4712.56,UPI,normal
T002763,2026-09-09T08:09:31,AC77470852,AC67917877,1919.85,UPI,normal
T002764,2026-09-09T08:17:23,AC30379134,AC62662255,809.68,UPI,normal
T002765,2026-09-09T08:20:54,AC97908110,AC69117285,3546.81,NEFT,normal
T002766,2026-09-09T08:22:05,AC43857462,AC43971558,356.80,UPI,normal
T002767,2026-09-09T08:26:11,AC57030900,AC54492893,499.00,UPI,normal
T002768,2026-09-09T08:26:48,AC25716331,AC12426922,1922.85,UPI,normal
T002769,2026-09-09T08:27:01,AC36658926,AC67917877,684.55,NEFT,normal
T002770,2026-09-09T08:33:13,AC49321318,AC71561748,2242.82,UPI,normal
T002771,2026-09-09T08:35:31,AC99141000,AC25716331,4777.00,UPI,normal
T002772,2026-09-09T08:36:23,AC70288912,AC40026139,5360.88,UPI,normal
T002773,2026-09-09T08:44:30,AC59560375,AC30729474,461.40,UPI,normal
T002774,2026-09-09T08:46:13,AC79188088,AC29190316,317.32,UPI,normal
T002775,2026-09-09T08:52:12,AC92306098,AC63453132,680.05,NEFT,normal
T002776,2026-09-09T08:54:55,AC41132723,AC99635023,956.78,UPI,normal
T002777,2026-09-09T09:06:53,AC77330181,AC40026139,745.28,UPI,normal
T002778,2026-09-09T09:10:18,AC73667109,AC40026139,299.36,NEFT,normal
T002779,2026-09-09T09:24:36,AC18288654,AC12426922,2811.34,UPI,normal
T002780,2026-09-09T09:29:51,AC99141000,AC40026139,251.73,UPI,normal
T002781,2026-09-09T09:30:45,AC73382988,AC54492893,499.00,UPI,normal
T002782,2026-09-09T09:39:21,AC17933677,AC21138017,3956.00,UPI,normal
T002783,2026-09-09T09:39:25,AC20418044,AC99855030,390.22,UPI,normal
T002784,2026-09-09T09:45:39,AC66238912,AC50008920,2945.00,UPI,normal
T002785,2026-09-09T09:48:38,AC38816302,AC22633303,1099.03,IMPS,normal
T002786,2026-09-09T09:51:38,AC32140838,AC52410090,294.78,UPI,normal
T002787,2026-09-09T09:52:08,AC90836544,AC63453132,1779.60,UPI,normal
T002788,2026-09-09T09:57:50,AC26151306,AC12614954,333.85,UPI,normal
T002789,2026-09-09T09:57:58,AC85196458,AC88061052,3016.00,UPI,normal
T002790,2026-09-09T10:00:18,AC90836544,AC22633303,559.84,IMPS,normal
T002791,2026-09-09T10:01:17,AC72164355,AC55515398,190.76,UPI,normal
T002792,2026-09-09T10:04:04,AC96856164,AC99635023,548.91,IMPS,normal
T002793,2026-09-09T10:08:22,AC78144218,AC12426922,3488.48,UPI,normal
T002794,2026-09-09T10:12:34,AC34127884,AC99635023,210.88,UPI,normal
T002795,2026-09-09T10:16:49,AC36146343,AC72778440,906.43,UPI,normal
T002796,2026-09-09T10:19:07,AC94641177,AC54492893,499.00,UPI,normal
T002797,2026-09-09T10:23:04,AC94641177,AC22633303,1105.81,UPI,normal
T002798,2026-09-09T10:24:00,AC34127884,AC99635023,1212.57,NEFT,normal
T002799,2026-09-09T10:27:43,AC68224916,AC67490644,521.19,UPI,normal
T002800,2026-09-09T10:34:17,AC71967692,AC30729474,180.62,UPI,normal
T002801,2026-09-09T10:36:03,AC76640001,AC71561748,2153.72,IMPS,normal
T002802,2026-09-09T10:46:12,AC21138017,AC79203339,2202.92,UPI,normal
T002803,2026-09-09T10:51:33,AC29676659,AC12614954,194.81,NEFT,normal
T002804,2026-09-09T10:53:12,AC63404922,AC84363365,179.92,UPI,normal
T002805,2026-09-09T10:58:17,AC39936146,AC29190316,625.52,NEFT,normal
T002806,2026-09-09T11:06:50,AC80490681,AC99635023,831.87,UPI,normal
T002807,2026-09-09T11:07:22,AC84550146,AC22633303,200.01,UPI,normal
T002808,2026-09-09T11:10:14,AC74780629,AC30729474,535.18,NEFT,normal
T002809,2026-09-09T11:10:17,AC10031310,AC22633303,388.16,UPI,normal
T002810,2026-09-09T11:15:17,AC40432459,AC69117285,3478.55,UPI,normal
T002811,2026-09-09T11:16:27,AC63873226,AC52751778,4377.55,IMPS,normal
T002812,2026-09-09T11:16:34,AC95421789,AC42297987,119.37,UPI,normal
T002813,2026-09-09T11:17:25,AC30302435,AC99635023,71.31,UPI,normal
T002814,2026-09-09T11:22:24,AC90836544,AC42297987,643.80,NEFT,normal
T002815,2026-09-09T11:23:05,AC62472380,AC59148289,558.40,UPI,normal
T002816,2026-09-09T11:25:58,AC62472380,AC71561748,3626.89,IMPS,normal
T002817,2026-09-09T11:30:06,AC54246886,AC26421523,1038.33,IMPS,normal
T002818,2026-09-09T11:38:23,AC20809644,AC42297987,486.52,NEFT,normal
T002819,2026-09-09T11:49:50,AC25482486,AC70712824,817.00,UPI,normal
T002820,2026-09-09T11:52:05,AC26093192,AC55515398,63.25,UPI,normal
T002821,2026-09-09T11:54:48,AC29619183,AC30729474,473.10,UPI,normal
T002822,2026-09-09T11:55:44,AC16480894,AC29190316,122.66,UPI,normal
T002823,2026-09-09T11:59:48,AC76453392,AC96363470,483.67,UPI,normal
T002824,2026-09-09T12:00:51,AC76640001,AC96363470,2205.44,UPI,normal
T002825,2026-09-09T12:01:06,AC99141000,AC69340085,5203.21,UPI,normal
T002826,2026-09-09T12:04:24,AC93082061,AC96363470,421.37,UPI,normal
T002827,2026-09-09T12:09:23,AC85748230,AC71561748,2855.51,NEFT,normal
T002828,2026-09-09T12:14:29,AC59217612,AC59117315,182.82,IMPS,normal
T002829,2026-09-09T12:14:31,AC79358465,AC71561748,1479.37,UPI,normal
T002830,2026-09-09T12:16:07,AC21138017,AC22175294,1575.00,UPI,normal
T002831,2026-09-09T12:18:13,AC18354761,AC26421523,203.40,NEFT,normal
T002832,2026-09-09T12:19:21,AC20986393,AC52751778,759.00,NEFT,normal
T002833,2026-09-09T12:32:21,AC18288654,AC54492893,499.00,UPI,normal
T002834,2026-09-09T12:37:59,AC87097845,AC50638453,1092.42,UPI,normal
T002835,2026-09-09T12:38:07,AC85893910,AC29190316,476.82,UPI,normal
T002836,2026-09-09T12:39:42,AC38558820,AC84363365,174.20,NEFT,normal
T002837,2026-09-09T12:39:53,AC35583179,AC55515398,582.69,UPI,normal
T002838,2026-09-09T12:40:02,AC23076910,AC77470852,59400.00,IMPS,normal
T002839,2026-09-09T12:40:27,AC56208603,AC99635023,1433.56,UPI,normal
T002840,2026-09-09T12:43:11,AC13099855,AC52410090,724.06,NEFT,normal
T002841,2026-09-09T12:45:14,AC62664205,AC63453132,611.38,UPI,normal
T002842,2026-09-09T12:55:33,AC90628248,AC30729474,254.86,NEFT,normal
T002843,2026-09-09T12:58:22,AC74939188,AC22374072,1503.37,UPI,normal
T002844,2026-09-09T12:58:34,AC33960779,AC69340085,225.92,IMPS,normal
T002845,2026-09-09T12:58:36,AC71289682,AC29190316,148.90,UPI,normal
T002846,2026-09-09T13:00:22,AC58802897,AC69117285,3070.73,IMPS,normal
T002847,2026-09-09T13:04:39,AC26487605,AC30729474,604.07,UPI,normal
T002848,2026-09-09T13:05:08,AC45265254,AC31671607,151.86,UPI,normal
T002849,2026-09-09T13:07:20,AC22175294,AC12426922,578.01,UPI,normal
T002850,2026-09-09T13:10:28,AC55909953,AC19814103,2079.20,UPI,normal
T002851,2026-09-09T13:13:18,AC40446731,AC39472579,1222.52,UPI,normal
T002852,2026-09-09T13:13:26,AC83061791,AC96363470,446.61,IMPS,normal
T002853,2026-09-09T13:18:30,AC33960779,AC84363365,386.00,IMPS,normal
T002854,2026-09-09T13:25:22,AC55650450,AC26421523,228.43,UPI,normal
T002855,2026-09-09T13:26:23,AC80901507,AC39472579,1793.83,NEFT,normal
T002856,2026-09-09T13:32:45,AC48870700,AC66542771,149.42,IMPS,normal
T002857,2026-09-09T13:35:36,AC25846520,AC55515398,226.77,UPI,normal
T002858,2026-09-09T13:36:25,AC56574257,AC19736972,816.71,IMPS,normal
T002859,2026-09-09T13:36:26,AC69139937,AC59148289,4130.25,IMPS,normal
T002860,2026-09-09T13:39:02,AC30287103,AC55515398,415.48,NEFT,normal
T002861,2026-09-09T13:40:50,AC56100526,AC39472579,1024.77,UPI,normal
T002862,2026-09-09T13:43:33,AC22175294,AC40026139,1211.94,NEFT,normal
T002863,2026-09-09T13:48:27,AC74160468,AC29190316,288.52,UPI,normal
T002864,2026-09-09T13:52:33,AC74353833,AC54492893,499.00,UPI,normal
T002865,2026-09-09T13:57:51,AC66119495,AC71561748,2641.25,UPI,normal
T002866,2026-09-09T14:05:49,AC37543491,AC69117285,1920.48,UPI,normal
T002867,2026-09-09T14:05:51,AC17721077,AC31671607,470.25,IMPS,normal
T002868,2026-09-09T14:07:51,AC59081935,AC52410090,1765.31,UPI,normal
T002869,2026-09-09T14:08:44,AC17912728,AC29190316,681.77,UPI,normal
T002870,2026-09-09T14:09:58,AC60496650,AC69117285,1238.09,UPI,normal
T002871,2026-09-09T14:11:25,AC38816302,AC12426922,2443.48,UPI,normal
T002872,2026-09-09T14:15:47,AC17626596,AC99635023,621.95,NEFT,normal
T002873,2026-09-09T14:22:15,AC38325623,AC12426922,1560.27,UPI,normal
T002874,2026-09-09T14:23:27,AC34576324,AC26421523,519.21,NEFT,normal
T002875,2026-09-09T14:32:03,AC73632401,AC29190316,2420.87,UPI,normal
T002876,2026-09-09T14:33:03,AC28689916,AC28422000,872.30,IMPS,normal
T002877,2026-09-09T14:34:21,AC44785794,AC22374072,446.69,UPI,normal
T002878,2026-09-09T14:36:08,AC42284650,AC69117285,2351.37,UPI,normal
T002879,2026-09-09T14:37:20,AC96856164,AC42297987,223.56,UPI,normal
T002880,2026-09-09T14:44:55,AC74477539,AC99635023,290.68,UPI,normal
T002881,2026-09-09T14:52:07,AC95149012,AC55515398,1563.12,NEFT,normal
T002882,2026-09-09T14:52:12,AC39902737,AC30729474,3303.54,UPI,normal
T002883,2026-09-09T14:54:03,AC10031310,AC57864027,7069.13,IMPS,normal
T002884,2026-09-09T15:03:46,AC10527808,AC69117285,3481.32,IMPS,normal
T002885,2026-09-09T15:06:12,AC20809644,AC39472579,295.75,NEFT,normal
T002886,2026-09-09T15:08:22,AC70288912,AC42297987,827.32,UPI,normal
T002887,2026-09-09T15:10:33,AC19437596,AC30729474,1589.71,NEFT,normal
T002888,2026-09-09T15:16:23,AC39287351,AC66542771,3511.50,IMPS,normal
T002889,2026-09-09T15:24:34,AC38325623,AC40026139,1625.64,UPI,normal
T002890,2026-09-09T15:25:05,AC47290936,AC29190316,240.26,UPI,normal
T002891,2026-09-09T15:26:26,AC18354761,AC22633303,449.05,NEFT,normal
T002892,2026-09-09T15:26:40,AC43239798,AC69117285,3316.79,UPI,normal
T002893,2026-09-09T15:29:02,AC86626738,AC31671607,684.77,IMPS,normal
T002894,2026-09-09T15:38:31,AC98027796,AC40026139,342.61,UPI,normal
T002895,2026-09-09T15:40:20,AC32140838,AC22374072,199.95,UPI,normal
T002896,2026-09-09T15:46:28,AC66238912,AC71561748,1093.31,UPI,normal
T002897,2026-09-09T15:52:22,AC38558820,AC95341298,4299.00,UPI,normal
T002898,2026-09-09T15:59:20,AC21397668,AC67917877,524.45,UPI,normal
T002899,2026-09-09T16:01:11,AC83744576,AC40026139,1269.47,UPI,normal
T002900,2026-09-09T16:04:04,AC58802897,AC55362865,2310.23,IMPS,normal
T002901,2026-09-09T16:05:27,AC57722796,AC31849997,988.11,UPI,normal
T002902,2026-09-09T16:07:51,AC58530762,AC54492893,499.00,UPI,normal
T002903,2026-09-09T16:09:48,AC89297484,AC40026139,1031.68,IMPS,normal
T002904,2026-09-09T16:11:44,AC80676511,AC29190316,418.92,UPI,normal
T002905,2026-09-09T16:13:36,AC15663839,AC40026139,165.65,IMPS,normal
T002906,2026-09-09T16:14:14,AC38816302,AC57864027,2893.21,UPI,normal
T002907,2026-09-09T16:26:36,AC58153450,AC12426922,3110.05,UPI,normal
T002908,2026-09-09T16:31:38,AC18505221,AC99635023,2071.51,IMPS,normal
T002909,2026-09-09T16:32:38,AC26616417,AC59148289,612.50,IMPS,normal
T002910,2026-09-09T16:33:51,AC54246886,AC10256129,190.00,UPI,normal
T002911,2026-09-09T16:34:04,AC58553593,AC22374072,504.07,UPI,normal
T002912,2026-09-09T16:36:34,AC58553593,AC30729474,697.51,NEFT,normal
T002913,2026-09-09T16:37:59,AC83849218,AC66542771,672.11,UPI,normal
T002914,2026-09-09T16:43:38,AC26616417,AC40026139,182.22,IMPS,normal
T002915,2026-09-09T16:52:44,AC96319863,AC66542771,222.48,IMPS,normal
T002916,2026-09-09T16:53:16,AC39589952,AC52751778,1812.44,UPI,normal
T002917,2026-09-09T16:56:20,AC23793831,AC12426922,3006.60,UPI,normal
T002918,2026-09-09T16:56:20,AC10256129,AC30729474,90.75,IMPS,normal
T002919,2026-09-09T17:00:29,AC75507385,AC96363470,1770.54,IMPS,normal
T002920,2026-09-09T17:01:56,AC53752583,AC12426922,1379.05,UPI,normal
T002921,2026-09-09T17:10:11,AC62992312,AC29190316,1133.05,IMPS,normal
T002922,2026-09-09T17:12:45,AC27359750,AC99635023,751.52,UPI,normal
T002923,2026-09-09T17:18:16,AC31667923,AC29190316,172.73,UPI,normal
T002924,2026-09-09T17:21:36,AC76662562,AC59117315,903.00,NEFT,normal
T002925,2026-09-09T17:24:54,AC58153450,AC98618129,116.83,UPI,normal
T002926,2026-09-09T17:25:03,AC91847639,AC69340085,405.78,IMPS,normal
T002927,2026-09-09T17:28:24,AC84688894,AC29190316,219.14,UPI,normal
T002928,2026-09-09T17:35:40,AC95341298,AC71561748,2331.64,IMPS,normal
T002929,2026-09-09T17:47:35,AC27874421,AC84363365,506.59,IMPS,normal
T002930,2026-09-09T17:48:26,AC40446731,AC22633303,581.99,IMPS,normal
T002931,2026-09-09T17:56:21,AC79301246,AC54492893,499.00,UPI,normal
T002932,2026-09-09T17:58:52,AC12871813,AC40432459,1239.00,UPI,normal
T002933,2026-09-09T18:08:46,AC36763445,AC67917877,339.00,UPI,normal
T002934,2026-09-09T18:13:08,AC78106871,AC98618129,492.60,UPI,normal
T002935,2026-09-09T18:14:54,AC17912728,AC99635023,784.89,UPI,normal
T002936,2026-09-09T18:16:32,AC20815439,AC39472579,1144.98,UPI,normal
T002937,2026-09-09T18:18:49,AC57722796,AC22633303,84.71,UPI,normal
T002938,2026-09-09T18:18:56,AC36832537,AC30729474,317.48,UPI,normal
T002939,2026-09-09T18:24:21,AC73093067,AC30246633,1160.00,UPI,normal
T002940,2026-09-09T18:32:59,AC86072408,AC19814103,1243.17,UPI,normal
T002941,2026-09-09T18:35:00,AC57709585,AC12426922,2964.08,UPI,normal
T002942,2026-09-09T18:35:27,AC81751584,AC28422000,1436.13,IMPS,normal
T002943,2026-09-09T18:37:01,AC47369042,AC12614954,2037.09,UPI,normal
T002944,2026-09-09T18:40:52,AC36146343,AC72778440,993.02,UPI,normal
T002945,2026-09-09T18:50:35,AC29938108,AC39472579,1796.64,UPI,normal
T002946,2026-09-09T18:53:45,AC33131984,AC99635023,317.99,NEFT,normal
T002947,2026-09-09T18:55:36,AC78710461,AC59117315,122.88,UPI,normal
T002948,2026-09-09T19:00:08,AC93082061,AC29190316,997.77,IMPS,normal
T002949,2026-09-09T19:01:39,AC75627516,AC52751778,1006.73,UPI,normal
T002950,2026-09-09T19:06:29,AC35583179,AC19736972,759.04,UPI,normal
T002951,2026-09-09T19:10:10,AC25846520,AC40026139,919.89,UPI,normal
T002952,2026-09-09T19:11:00,AC53464097,AC36272404,950.70,NEFT,normal
T002953,2026-09-09T19:12:23,AC87570629,AC99855030,448.62,UPI,normal
T002954,2026-09-09T19:12:26,AC57030900,AC62662255,397.48,UPI,normal
T002955,2026-09-09T19:14:03,AC16655764,AC64198427,859.72,IMPS,normal
T002956,2026-09-09T19:17:48,AC56208603,AC30729474,2013.84,UPI,normal
T002957,2026-09-09T19:17:56,AC54629703,AC64198427,463.32,UPI,normal
T002958,2026-09-09T19:22:27,AC19229206,AC72492024,4051.00,UPI,normal
T002959,2026-09-09T19:23:30,AC95132904,AC69340085,268.85,UPI,normal
T002960,2026-09-09T19:29:09,AC74477539,AC29190316,433.75,UPI,normal
T002961,2026-09-09T19:33:51,AC88220482,AC71561748,3762.55,UPI,normal
T002962,2026-09-09T19:37:55,AC55641228,AC22374072,513.25,UPI,normal
T002963,2026-09-09T19:38:50,AC91996233,AC59117315,448.21,UPI,normal
T002964,2026-09-09T19:43:48,AC30287103,AC99635023,1425.22,UPI,normal
T002965,2026-09-09T19:47:36,AC29676659,AC74939188,4805.00,UPI,normal
T002966,2026-09-09T19:51:10,AC74758310,AC59117315,3351.67,NEFT,normal
T002967,2026-09-09T19:57:12,AC72164355,AC30729474,1709.96,IMPS,normal
T002968,2026-09-09T20:01:48,AC11911654,AC42297987,314.56,NEFT,normal
T002969,2026-09-09T20:02:29,AC21643368,AC12426922,1864.30,UPI,normal
T002970,2026-09-09T20:10:40,AC31667923,AC96363470,682.82,UPI,normal
T002971,2026-09-09T20:12:27,AC84550146,AC42297987,1558.83,IMPS,normal
T002972,2026-09-09T20:13:19,AC48578460,AC52751778,2650.60,IMPS,normal
T002973,2026-09-09T20:18:58,AC76662562,AC22374072,6961.81,UPI,normal
T002974,2026-09-09T20:20:52,AC59560375,AC75399034,336.96,UPI,normal
T002975,2026-09-09T20:21:23,AC40970943,AC19814103,2191.74,UPI,normal
T002976,2026-09-09T20:21:58,AC38019720,AC30729474,301.92,UPI,normal
T002977,2026-09-09T20:27:20,AC17626596,AC69117285,2589.43,UPI,normal
T002978,2026-09-09T20:34:36,AC33131984,AC91220385,4688.00,UPI,normal
T002979,2026-09-09T20:42:32,AC84903659,AC67490644,941.68,NEFT,normal
T002980,2026-09-09T20:47:07,AC81366283,AC55362865,799.51,UPI,normal
T002981,2026-09-09T20:55:13,AC47502921,AC67490644,670.59,NEFT,normal
T002982,2026-09-09T20:56:13,AC32555071,AC40026139,258.47,UPI,normal
T002983,2026-09-09T20:58:16,AC57722796,AC42297987,106.26,UPI,normal
T002984,2026-09-09T20:58:27,AC57740731,AC52751778,243.07,UPI,normal
T002985,2026-09-09T21:01:25,AC59982352,AC19814103,471.66,UPI,normal
T002986,2026-09-09T21:10:57,AC66126116,AC26421523,1391.72,UPI,normal
T002987,2026-09-09T21:15:45,AC68202938,AC79203339,1914.78,UPI,normal
T002988,2026-09-09T21:16:11,AC74239549,AC59148289,1493.85,UPI,normal
T002989,2026-09-09T21:17:13,AC74628898,AC84363365,1125.91,UPI,normal
T002990,2026-09-09T21:17:55,AC50008920,AC99635023,429.38,UPI,normal
T002991,2026-09-09T21:18:07,AC42301241,AC98618129,1849.98,UPI,normal
T002992,2026-09-09T21:19:17,AC69812891,AC12426922,3666.18,IMPS,normal
T002993,2026-09-09T21:23:09,AC26616417,AC29190316,1110.85,UPI,normal
T002994,2026-09-09T21:35:29,AC29361589,AC59148289,1320.32,UPI,normal
T002995,2026-09-09T21:38:48,AC88220482,AC84363365,566.32,UPI,normal
T002996,2026-09-09T21:41:15,AC80676511,AC19814103,989.31,IMPS,normal
T002997,2026-09-09T21:46:47,AC23715389,AC26421523,433.19,UPI,normal
T002998,2026-09-09T21:47:24,AC93760773,AC26421523,4194.85,IMPS,normal
T002999,2026-09-09T21:48:21,AC88248519,AC71561748,1320.46,UPI,normal
T003000,2026-09-09T21:49:26,AC30246633,AC84363365,423.16,UPI,normal
T003001,2026-09-09T21:49:55,AC89070818,AC69340085,801.34,UPI,normal
T003002,2026-09-09T21:50:43,AC13889649,AC69117285,1422.40,UPI,normal
T003003,2026-09-09T21:52:47,AC13099855,AC69117285,2471.44,IMPS,normal
T003004,2026-09-09T21:57:14,AC52164119,AC69117285,971.28,UPI,normal
T003005,2026-09-09T22:04:30,AC83589642,AC22374072,1751.12,UPI,normal
T003006,2026-09-09T22:05:43,AC76627625,AC71561748,2353.47,UPI,normal
T003007,2026-09-09T22:07:52,AC91354422,AC98618129,157.51,UPI,normal
T003008,2026-09-09T22:12:24,AC82687908,AC30729474,395.33,NEFT,normal
T003009,2026-09-09T22:13:49,AC63128543,AC69340085,312.58,IMPS,normal
T003010,2026-09-09T22:14:32,AC75627516,AC40026139,1245.19,NEFT,normal
T003011,2026-09-09T22:15:29,AC30246633,AC66542771,1588.06,NEFT,normal
T003012,2026-09-09T22:16:47,AC70241505,AC84363365,174.87,IMPS,normal
T003013,2026-09-09T22:18:03,AC93082061,AC59117315,3183.56,UPI,normal
T003014,2026-09-09T22:19:32,AC83639904,AC29190316,713.20,UPI,normal
T003015,2026-09-09T22:22:22,AC25716331,AC54492893,499.00,UPI,normal
T003016,2026-09-09T22:29:41,AC81366283,AC40026139,1061.27,UPI,normal
T003017,2026-09-09T22:31:05,AC23831903,AC69117285,2190.85,UPI,normal
T003018,2026-09-09T22:32:36,AC50298754,AC39472579,790.49,UPI,normal
T003019,2026-09-09T22:32:58,AC36401454,AC79203339,568.77,IMPS,normal
T003020,2026-09-09T22:46:29,AC34576324,AC51403729,1602.00,UPI,normal
T003021,2026-09-09T22:49:37,AC45046288,AC30729474,731.27,IMPS,normal
T003022,2026-09-09T22:50:51,AC35676674,AC71561748,979.44,IMPS,normal
T003023,2026-09-09T22:56:24,AC76262352,AC28422000,328.54,UPI,normal
T003024,2026-09-09T22:57:15,AC66599395,AC75399034,490.62,UPI,normal
T003025,2026-09-10T01:55:29,AC77470852,AC68202938,55700.00,NEFT,normal
T003026,2026-09-10T07:01:23,AC35676674,AC67917877,3991.08,UPI,normal
T003027,2026-09-10T07:01:24,AC29361589,AC22374072,1975.19,UPI,normal
T003028,2026-09-10T07:01:36,AC72458740,AC40026139,745.21,UPI,normal
T003029,2026-09-10T07:03:55,AC88061052,AC40026139,419.94,NEFT,normal
T003030,2026-09-10T07:04:38,AC79188088,AC42297987,1106.51,IMPS,normal
T003031,2026-09-10T07:07:32,AC40446731,AC63453132,1428.30,IMPS,normal
T003032,2026-09-10T07:10:01,AC24241764,AC26421523,304.29,IMPS,normal
T003033,2026-09-10T07:11:07,AC82569631,AC12426922,3931.90,IMPS,normal
T003034,2026-09-10T07:11:30,AC86910239,AC19814103,1282.67,UPI,normal
T003035,2026-09-10T07:11:45,AC95341298,AC43857462,3129.00,IMPS,normal
T003036,2026-09-10T07:14:49,AC19039243,AC77264814,3237.00,UPI,normal
T003037,2026-09-10T07:18:39,AC83589642,AC29190316,282.95,NEFT,normal
T003038,2026-09-10T07:21:39,AC83061791,AC52751778,246.62,UPI,normal
T003039,2026-09-10T07:23:33,AC37910936,AC53703122,3308.00,IMPS,normal
T003040,2026-09-10T07:25:39,AC80881649,AC29190316,1041.35,IMPS,normal
T003041,2026-09-10T07:31:37,AC23741157,AC22374072,306.37,UPI,normal
T003042,2026-09-10T07:32:02,AC30287103,AC19814103,1007.65,NEFT,normal
T003043,2026-09-10T07:33:20,AC13629581,AC52751778,723.06,UPI,normal
T003044,2026-09-10T07:34:29,AC61780050,AC99635023,697.76,UPI,normal
T003045,2026-09-10T07:36:57,AC20986393,AC12426922,3139.11,NEFT,normal
T003046,2026-09-10T07:38:32,AC10256129,AC42297987,6823.00,UPI,normal
T003047,2026-09-10T07:40:55,AC23715389,AC30729474,907.92,IMPS,normal
T003048,2026-09-10T07:41:24,AC95149012,AC66542771,1330.00,UPI,normal
T003049,2026-09-10T07:43:10,AC42762079,AC29190316,313.64,UPI,normal
T003050,2026-09-10T07:44:00,AC70825377,AC99635023,699.47,UPI,normal
T003051,2026-09-10T07:48:22,AC51554798,AC99635023,1781.99,UPI,normal
T003052,2026-09-10T07:49:43,AC52164119,AC40026139,447.78,IMPS,normal
T003053,2026-09-10T07:56:00,AC78106871,AC29190316,358.49,UPI,normal
T003054,2026-09-10T07:57:08,AC34127884,AC30729474,1775.99,UPI,normal
T003055,2026-09-10T08:01:49,AC97908110,AC29190316,243.57,UPI,normal
T003056,2026-09-10T08:02:33,AC73093067,AC36272404,979.13,UPI,normal
T003057,2026-09-10T08:04:15,AC17784483,AC69117285,1990.51,UPI,normal
T003058,2026-09-10T08:05:52,AC18288654,AC75399034,545.58,UPI,normal
T003059,2026-09-10T08:08:15,AC81924865,AC42297987,2015.03,IMPS,normal
T003060,2026-09-10T08:16:48,AC66978001,AC30729474,1110.26,IMPS,normal
T003061,2026-09-10T08:18:13,AC17056578,AC40026139,358.97,UPI,normal
T003062,2026-09-10T08:21:24,AC40446731,AC40026139,709.90,IMPS,normal
T003063,2026-09-10T08:24:29,AC56574257,AC40026139,103.74,UPI,normal
T003064,2026-09-10T08:25:46,AC18427393,AC62662255,667.15,UPI,normal
T003065,2026-09-10T08:26:38,AC63873226,AC69117285,1345.95,NEFT,normal
T003066,2026-09-10T08:27:52,AC98662305,AC19736972,455.28,UPI,normal
T003067,2026-09-10T08:30:39,AC29552354,AC67490644,1072.27,UPI,normal
T003068,2026-09-10T08:32:00,AC50234045,AC12426922,1275.59,UPI,normal
T003069,2026-09-10T08:34:01,AC47840101,AC84363365,116.27,UPI,normal
T003070,2026-09-10T08:46:36,AC23896513,AC12426922,3415.40,UPI,normal
T003071,2026-09-10T08:49:07,AC43800696,AC71561748,3571.22,NEFT,normal
T003072,2026-09-10T08:49:29,AC17784483,AC34256684,2259.00,IMPS,normal
T003073,2026-09-10T08:52:14,AC85748230,AC96363470,1142.50,NEFT,normal
T003074,2026-09-10T08:54:55,AC84903659,AC50638453,1323.82,NEFT,normal
T003075,2026-09-10T08:57:36,AC79571586,AC29190316,254.63,UPI,normal
T003076,2026-09-10T09:01:13,AC30246633,AC66542771,1867.72,UPI,normal
T003077,2026-09-10T09:01:29,AC25482486,AC43971558,141.93,IMPS,normal
T003078,2026-09-10T09:01:50,AC37643310,AC99855030,1676.37,NEFT,normal
T003079,2026-09-10T09:08:44,AC88220482,AC64198427,797.78,UPI,normal
T003080,2026-09-10T09:10:37,AC80881649,AC99855030,1089.80,IMPS,normal
T003081,2026-09-10T09:10:50,AC62148384,AC38546741,1466.36,UPI,normal
T003082,2026-09-10T09:13:21,AC54629703,AC59148289,471.03,UPI,normal
T003083,2026-09-10T09:17:01,AC33960779,AC68224916,2277.00,UPI,normal
T003084,2026-09-10T09:26:52,AC63873226,AC84363365,742.47,UPI,normal
T003085,2026-09-10T09:28:31,AC59560375,AC29190316,447.84,IMPS,normal
T003086,2026-09-10T09:28:36,AC17912728,AC12614954,1772.54,UPI,normal
T003087,2026-09-10T09:30:22,AC31783965,AC59148289,361.44,UPI,normal
T003088,2026-09-10T09:36:10,AC68240437,AC99635023,541.74,UPI,normal
T003089,2026-09-10T09:36:15,AC67783637,AC31849997,237.35,UPI,normal
T003090,2026-09-10T09:42:31,AC23793831,AC72778440,716.87,IMPS,normal
T003091,2026-09-10T09:44:32,AC86626738,AC79203339,346.11,IMPS,normal
T003092,2026-09-10T09:47:47,AC22562241,AC59117315,292.07,UPI,normal
T003093,2026-09-10T09:52:20,AC74939188,AC43971558,265.25,UPI,normal
T003094,2026-09-10T09:54:30,AC55909953,AC38546741,1594.40,UPI,normal
T003095,2026-09-10T09:55:52,AC83061791,AC64198427,1152.46,IMPS,normal
T003096,2026-09-10T10:00:26,AC74160948,AC50638453,1013.29,UPI,normal
T003097,2026-09-10T10:02:26,AC23793831,AC23711300,2299.00,UPI,normal
T003098,2026-09-10T10:04:18,AC75507385,AC63453132,1974.44,UPI,normal
T003099,2026-09-10T10:05:06,AC95341298,AC52751778,1699.03,UPI,normal
T003100,2026-09-10T10:05:15,AC43857462,AC40026139,783.15,IMPS,normal
T003101,2026-09-10T10:08:10,AC49321318,AC91847639,1919.00,UPI,normal
T003102,2026-09-10T10:11:33,AC26093192,AC42297987,963.29,UPI,normal
T003103,2026-09-10T10:18:44,AC44785794,AC59117315,62.36,UPI,normal
T003104,2026-09-10T10:25:21,AC24754327,AC31849997,257.27,NEFT,normal
T003105,2026-09-10T10:28:50,AC45265254,AC99635023,317.79,UPI,normal
T003106,2026-09-10T10:31:18,AC85893910,AC99635023,699.24,UPI,normal
T003107,2026-09-10T10:32:46,AC27550747,AC69117285,607.94,IMPS,normal
T003108,2026-09-10T10:33:44,AC99141000,AC38546741,426.34,UPI,normal
T003109,2026-09-10T10:38:10,AC55909953,AC79203339,6498.24,UPI,normal
T003110,2026-09-10T10:45:07,AC52164119,AC84363365,391.51,UPI,normal
T003111,2026-09-10T10:53:53,AC73551145,AC12426922,2336.57,UPI,normal
T003112,2026-09-10T10:54:58,AC66255890,AC98618129,324.99,UPI,normal
T003113,2026-09-10T10:55:52,AC36752197,AC69117285,1180.15,NEFT,normal
T003114,2026-09-10T10:56:24,AC48646352,AC72778440,398.13,UPI,normal
T003115,2026-09-10T10:56:44,AC87097845,AC29190316,352.32,UPI,normal
T003116,2026-09-10T10:58:21,AC34576324,AC30729474,1291.83,UPI,normal
T003117,2026-09-10T10:58:37,AC38816302,AC30729474,2013.83,UPI,normal
T003118,2026-09-10T11:01:17,AC74160468,AC52751778,1656.02,UPI,normal
T003119,2026-09-10T11:02:23,AC20418044,AC39472579,713.52,UPI,normal
T003120,2026-09-10T11:05:02,AC23715389,AC12426922,2251.40,UPI,normal
T003121,2026-09-10T11:06:29,AC74160468,AC75399034,571.84,IMPS,normal
T003122,2026-09-10T11:10:39,AC15032582,AC29190316,145.32,IMPS,normal
T003123,2026-09-10T11:11:51,AC76140059,AC27359750,4547.00,UPI,normal
T003124,2026-09-10T11:14:10,AC13422671,AC12426922,3977.30,UPI,normal
T003125,2026-09-10T11:15:55,AC40970943,AC12426922,1181.39,NEFT,normal
T003126,2026-09-10T11:19:21,AC35215622,AC40026139,795.47,UPI,normal
T003127,2026-09-10T11:21:51,AC51403729,AC36763445,1213.00,UPI,normal
T003128,2026-09-10T11:26:39,AC51856109,AC18724149,3730.00,UPI,normal
T003129,2026-09-10T11:29:29,AC32555071,AC40026139,818.73,UPI,normal
T003130,2026-09-10T11:34:07,AC79358465,AC39472579,257.78,UPI,normal
T003131,2026-09-10T11:36:24,AC26616417,AC75399034,2131.22,IMPS,normal
T003132,2026-09-10T11:41:45,AC88590039,AC19814103,618.13,IMPS,normal
T003133,2026-09-10T11:48:03,AC72492024,AC39472579,849.88,IMPS,normal
T003134,2026-09-10T11:51:34,AC78524460,AC34127884,3462.00,IMPS,normal
T003135,2026-09-10T11:52:37,AC19039243,AC42297987,2383.97,UPI,normal
T003136,2026-09-10T11:53:31,AC13629581,AC79203339,566.43,NEFT,normal
T003137,2026-09-10T12:00:36,AC40970943,AC19814103,115.28,UPI,normal
T003138,2026-09-10T12:03:10,AC83517017,AC69117285,3261.97,IMPS,normal
T003139,2026-09-10T12:07:33,AC52164119,AC43971558,270.45,UPI,normal
T003140,2026-09-10T12:10:14,AC63746500,AC59117315,1718.41,NEFT,normal
T003141,2026-09-10T12:12:36,AC39589952,AC52751778,202.98,UPI,normal
T003142,2026-09-10T12:15:38,AC88295746,AC55362865,1866.63,NEFT,normal
T003143,2026-09-10T12:21:22,AC18427393,AC40026139,1246.78,IMPS,normal
T003144,2026-09-10T12:22:27,AC84550146,AC71561748,1953.24,UPI,normal
T003145,2026-09-10T12:29:16,AC33960779,AC42297987,470.85,UPI,normal
T003146,2026-09-10T12:37:33,AC43343251,AC29190316,579.40,UPI,normal
T003147,2026-09-10T12:39:10,AC42301241,AC99635023,728.38,IMPS,normal
T003148,2026-09-10T12:42:51,AC79358465,AC58877189,2669.00,NEFT,normal
T003149,2026-09-10T12:47:13,AC18302983,AC40026139,351.15,UPI,normal
T003150,2026-09-10T12:47:48,AC69491792,AC40026139,2499.38,IMPS,normal
T003151,2026-09-10T12:52:14,AC69812891,AC75399034,344.99,UPI,normal
T003152,2026-09-10T12:55:35,AC38019720,AC22374072,672.17,NEFT,normal
T003153,2026-09-10T12:57:11,AC70690025,AC69117285,1935.31,UPI,normal
T003154,2026-09-10T12:59:13,AC91678821,AC99635023,391.30,IMPS,normal
T003155,2026-09-10T13:02:29,AC51403729,AC75399034,872.28,UPI,normal
T003156,2026-09-10T13:03:34,AC70025882,AC64198427,1630.34,NEFT,normal
T003157,2026-09-10T13:04:23,AC42130069,AC72778440,430.47,UPI,normal
T003158,2026-09-10T13:06:32,AC67390467,AC29190316,94.19,IMPS,normal
T003159,2026-09-10T13:08:23,AC31667923,AC12426922,1658.25,IMPS,normal
T003160,2026-09-10T13:16:14,AC74758310,AC72778440,1483.06,UPI,normal
T003161,2026-09-10T13:17:30,AC89774974,AC43971558,2321.89,UPI,normal
T003162,2026-09-10T13:19:19,AC12871813,AC69117285,2727.69,UPI,normal
T003163,2026-09-10T13:19:48,AC76453392,AC39472579,357.56,IMPS,normal
T003164,2026-09-10T13:25:09,AC72458740,AC84363365,863.72,UPI,normal
T003165,2026-09-10T13:26:01,AC35215622,AC39472579,3159.06,IMPS,normal
T003166,2026-09-10T13:28:29,AC86910239,AC69117285,2972.57,UPI,normal
T003167,2026-09-10T13:30:58,AC27050801,AC40026139,750.64,UPI,normal
T003168,2026-09-10T13:34:27,AC82687908,AC79203339,654.86,IMPS,normal
T003169,2026-09-10T13:42:43,AC90836544,AC71561748,1862.89,NEFT,normal
T003170,2026-09-10T13:46:16,AC75507385,AC40026139,377.93,UPI,normal
T003171,2026-09-10T13:54:11,AC30926211,AC29190316,3651.13,UPI,normal
T003172,2026-09-10T13:57:08,AC89976351,AC57864027,440.22,UPI,normal
T003173,2026-09-10T13:58:57,AC96290869,AC36272404,958.37,IMPS,normal
T003174,2026-09-10T13:59:06,AC27592411,AC12426922,2099.21,UPI,normal
T003175,2026-09-10T14:02:00,AC78106871,AC30729474,376.54,UPI,normal
T003176,2026-09-10T14:13:03,AC30302435,AC94641177,125.00,UPI,normal
T003177,2026-09-10T14:17:30,AC47290936,AC42297987,2102.74,UPI,normal
T003178,2026-09-10T14:21:21,AC84714297,AC71561748,583.81,NEFT,normal
T003179,2026-09-10T14:21:34,AC18505221,AC30729474,547.27,IMPS,normal
T003180,2026-09-10T14:22:06,AC58940600,AC40026139,397.19,UPI,normal
T003181,2026-09-10T14:23:54,AC92212100,AC29190316,579.33,UPI,normal
T003182,2026-09-10T14:43:52,AC37910936,AC28422000,1118.79,IMPS,normal
T003183,2026-09-10T14:49:52,AC45046288,AC26421523,1500.53,NEFT,normal
T003184,2026-09-10T14:51:49,AC81924865,AC64198427,792.18,IMPS,normal
T003185,2026-09-10T14:58:52,AC77854192,AC36272404,1696.96,UPI,normal
T003186,2026-09-10T15:01:09,AC86013032,AC69117285,979.49,UPI,normal
T003187,2026-09-10T15:04:42,AC16655764,AC52751778,2515.14,IMPS,normal
T003188,2026-09-10T15:06:05,AC67783637,AC22374072,424.50,UPI,normal
T003189,2026-09-10T15:07:37,AC25482486,AC71561748,3174.61,IMPS,normal
T003190,2026-09-10T15:09:44,AC98384612,AC12614954,725.42,NEFT,normal
T003191,2026-09-10T15:13:17,AC83960310,AC22633303,772.38,NEFT,normal
T003192,2026-09-10T15:22:37,AC84714297,AC40026139,1166.28,UPI,normal
T003193,2026-09-10T15:33:49,AC83589642,AC36272404,189.46,UPI,normal
T003194,2026-09-10T15:35:22,AC96319863,AC30729474,387.24,UPI,normal
T003195,2026-09-10T15:48:54,AC47167180,AC79203339,453.17,NEFT,normal
T003196,2026-09-10T15:52:46,AC72164355,AC31671607,200.17,IMPS,normal
T003197,2026-09-10T15:53:07,AC20815439,AC40026139,389.05,NEFT,normal
T003198,2026-09-10T15:53:10,AC11911654,AC55515398,705.97,NEFT,normal
T003199,2026-09-10T15:53:25,AC36401454,AC99635023,296.15,NEFT,normal
T003200,2026-09-10T15:53:57,AC91628191,AC55515398,310.40,UPI,normal
T003201,2026-09-10T15:56:08,AC83639904,AC67917877,1199.25,IMPS,normal
T003202,2026-09-10T15:56:36,AC15032582,AC36272404,1308.67,IMPS,normal
T003203,2026-09-10T16:00:11,AC73667109,AC99855030,3566.71,UPI,normal
T003204,2026-09-10T16:16:38,AC85196458,AC40026139,336.25,UPI,normal
T003205,2026-09-10T16:18:31,AC25809806,AC52751778,871.65,IMPS,normal
T003206,2026-09-10T16:19:21,AC70825377,AC38546741,625.11,UPI,normal
T003207,2026-09-10T16:21:09,AC73382988,AC71230843,3383.00,IMPS,normal
T003208,2026-09-10T16:24:20,AC63778945,AC40026139,362.47,UPI,normal
T003209,2026-09-10T16:34:50,AC42762079,AC28422000,421.42,NEFT,normal
T003210,2026-09-10T16:36:00,AC34608019,AC19736972,509.31,UPI,normal
T003211,2026-09-10T16:36:51,AC85201674,AC12614954,208.64,UPI,normal
T003212,2026-09-10T16:36:53,AC36763445,AC59117315,1442.94,IMPS,normal
T003213,2026-09-10T16:44:16,AC76453392,AC91907998,4956.00,NEFT,normal
T003214,2026-09-10T16:45:34,AC34576324,AC79203339,1243.04,UPI,normal
T003215,2026-09-10T16:46:17,AC32140838,AC12426922,2472.18,UPI,normal
T003216,2026-09-10T16:51:00,AC63241552,AC71561748,3199.46,NEFT,normal
T003217,2026-09-10T16:53:56,AC52110478,AC28422000,263.09,UPI,normal
T003218,2026-09-10T17:02:54,AC66455770,AC40026139,183.05,IMPS,normal
T003219,2026-09-10T17:04:11,AC18142912,AC64198427,462.33,UPI,normal
T003220,2026-09-10T17:04:24,AC65740154,AC71561748,1176.74,NEFT,normal
T003221,2026-09-10T17:05:10,AC70288912,AC40026139,190.55,UPI,normal
T003222,2026-09-10T17:11:40,AC70712824,AC99635023,70.17,UPI,normal
T003223,2026-09-10T17:13:26,AC73632401,AC71561748,2930.52,UPI,normal
T003224,2026-09-10T17:14:33,AC43857462,AC69340085,1607.84,IMPS,normal
T003225,2026-09-10T17:16:16,AC82023741,AC39472579,238.06,NEFT,normal
T003226,2026-09-10T17:19:05,AC41132723,AC99635023,638.80,UPI,normal
T003227,2026-09-10T17:22:18,AC71493326,AC42297987,2972.93,IMPS,normal
T003228,2026-09-10T17:23:54,AC35990584,AC71561748,1769.10,UPI,normal
T003229,2026-09-10T17:25:40,AC29676659,AC22374072,1830.43,NEFT,normal
T003230,2026-09-10T17:25:50,AC26616417,AC84363365,400.52,UPI,normal
T003231,2026-09-10T17:30:02,AC86072408,AC99635023,556.80,UPI,normal
T003232,2026-09-10T17:30:13,AC18174466,AC26421523,155.58,NEFT,normal
T003233,2026-09-10T17:30:33,AC26843185,AC98618129,1119.69,UPI,normal
T003234,2026-09-10T17:33:29,AC30306925,AC38546741,561.58,IMPS,normal
T003235,2026-09-10T17:38:43,AC93082061,AC30729474,5646.46,IMPS,normal
T003236,2026-09-10T17:40:20,AC26843185,AC29190316,521.80,UPI,normal
T003237,2026-09-10T17:41:08,AC96290869,AC53752583,2414.00,IMPS,normal
T003238,2026-09-10T17:51:48,AC69072565,AC59148289,425.70,NEFT,normal
T003239,2026-09-10T17:52:18,AC22175294,AC30729474,490.33,UPI,normal
T003240,2026-09-10T17:52:22,AC80881649,AC98027796,4234.00,IMPS,normal
T003241,2026-09-10T17:58:16,AC21535642,AC69117285,3918.31,NEFT,normal
T003242,2026-09-10T17:59:50,AC88710264,AC69117285,3022.29,UPI,normal
T003243,2026-09-10T17:59:56,AC50008920,AC12426922,1961.29,UPI,normal
T003244,2026-09-10T18:05:28,AC43800696,AC99635023,300.91,UPI,normal
T003245,2026-09-10T18:10:55,AC98217056,AC99635023,739.03,UPI,normal
T003246,2026-09-10T18:15:39,AC77470852,AC22374072,1250.74,NEFT,normal
T003247,2026-09-10T18:24:11,AC43343251,AC69117285,1709.14,UPI,normal
T003248,2026-09-10T18:30:55,AC72492024,AC39472579,910.08,UPI,normal
T003249,2026-09-10T18:31:54,AC74780629,AC69117285,3432.02,IMPS,normal
T003250,2026-09-10T18:38:23,AC87457446,AC42297987,206.15,UPI,normal
T003251,2026-09-10T18:38:32,AC81924865,AC30729474,914.55,IMPS,normal
T003252,2026-09-10T18:38:54,AC43343251,AC40026139,376.29,UPI,normal
T003253,2026-09-10T18:42:44,AC59560375,AC69117285,3175.24,UPI,normal
T003254,2026-09-10T18:55:29,AC23618316,AC99635023,1077.65,IMPS,normal
T003255,2026-09-10T18:57:16,AC97641229,AC71561748,2186.33,UPI,normal
T003256,2026-09-10T18:59:10,AC57030900,AC29190316,894.25,NEFT,normal
T003257,2026-09-10T18:59:48,AC36192056,AC42297987,1976.90,UPI,normal
T003258,2026-09-10T19:01:14,AC11619076,AC40026139,1146.48,NEFT,normal
T003259,2026-09-10T19:05:10,AC16252221,AC12426922,1991.12,IMPS,normal
T003260,2026-09-10T19:09:46,AC18302983,AC63241552,3623.00,UPI,normal
T003261,2026-09-10T19:12:07,AC30926211,AC75399034,662.86,UPI,normal
T003262,2026-09-10T19:14:55,AC50298754,AC99635023,901.89,NEFT,normal
T003263,2026-09-10T19:16:18,AC62897893,AC40026139,1021.41,IMPS,normal
T003264,2026-09-10T19:21:08,AC12510524,AC69117285,1036.84,UPI,normal
T003265,2026-09-10T19:21:37,AC23896513,AC39472579,899.29,UPI,normal
T003266,2026-09-10T19:22:56,AC17299905,AC29190316,788.49,UPI,normal
T003267,2026-09-10T19:25:51,AC63241552,AC55362865,314.09,UPI,normal
T003268,2026-09-10T19:26:05,AC80676511,AC88710264,3599.00,UPI,normal
T003269,2026-09-10T19:26:21,AC59081935,AC81576359,4455.00,UPI,normal
T003270,2026-09-10T19:27:11,AC25716331,AC29190316,4640.96,UPI,normal
T003271,2026-09-10T19:37:37,AC47840101,AC30729474,720.04,NEFT,normal
T003272,2026-09-10T19:42:38,AC32817504,AC69117285,2616.79,IMPS,normal
T003273,2026-09-10T19:44:46,AC66126116,AC69117285,1938.25,UPI,normal
T003274,2026-09-10T19:47:47,AC17056578,AC28422000,588.67,UPI,normal
T003275,2026-09-10T19:49:01,AC19722233,AC43971558,157.45,UPI,normal
T003276,2026-09-10T19:55:11,AC62992312,AC98618129,1652.22,UPI,normal
T003277,2026-09-10T20:00:42,AC83061791,AC30729474,781.64,NEFT,normal
T003278,2026-09-10T20:02:24,AC21397668,AC39472579,532.69,UPI,normal
T003279,2026-09-10T20:02:58,AC89297484,AC30729474,134.43,IMPS,normal
T003280,2026-09-10T20:06:32,AC83589642,AC99635023,1577.87,UPI,normal
T003281,2026-09-10T20:08:24,AC29676659,AC69117285,3619.47,UPI,normal
T003282,2026-09-10T20:11:31,AC13629581,AC57864027,460.60,IMPS,normal
T003283,2026-09-10T20:15:31,AC72544046,AC26421523,3469.02,NEFT,normal
T003284,2026-09-10T20:31:51,AC74758310,AC19814103,830.56,UPI,normal
T003285,2026-09-10T20:33:29,AC26843185,AC99855030,1369.24,UPI,normal
T003286,2026-09-10T20:33:58,AC76627625,AC29190316,744.60,NEFT,normal
T003287,2026-09-10T20:34:58,AC30399018,AC36272404,620.94,UPI,normal
T003288,2026-09-10T20:39:53,AC83061791,AC99635023,1172.77,UPI,normal
T003289,2026-09-10T20:42:57,AC87570629,AC31849997,380.28,UPI,normal
T003290,2026-09-10T20:43:48,AC23076910,AC71561748,2524.82,UPI,normal
T003291,2026-09-10T20:44:49,AC69491792,AC96363470,1083.47,NEFT,normal
T003292,2026-09-10T20:56:37,AC75090595,AC71561748,2442.81,UPI,normal
T003293,2026-09-10T20:57:53,AC66119495,AC22374072,177.16,UPI,normal
T003294,2026-09-10T20:59:26,AC62664205,AC67490644,424.85,IMPS,normal
T003295,2026-09-10T21:00:46,AC66230047,AC22633303,353.81,UPI,normal
T003296,2026-09-10T21:03:39,AC52763335,AC19814103,761.76,NEFT,normal
T003297,2026-09-10T21:08:10,AC36401454,AC71561748,1274.71,NEFT,normal
T003298,2026-09-10T21:17:34,AC33131984,AC67490644,45.96,UPI,normal
T003299,2026-09-10T21:19:47,AC74477539,AC71561748,1308.24,UPI,normal
T003300,2026-09-10T21:24:35,AC87570629,AC57864027,679.59,NEFT,normal
T003301,2026-09-10T21:27:58,AC32329304,AC99635023,605.73,UPI,normal
T003302,2026-09-10T21:38:47,AC37430528,AC26421523,242.98,UPI,normal
T003303,2026-09-10T21:44:03,AC53703122,AC69117285,3094.91,IMPS,normal
T003304,2026-09-10T21:45:01,AC19722233,AC12426922,2698.81,UPI,normal
T003305,2026-09-10T21:50:11,AC43239798,AC99635023,310.31,IMPS,normal
T003306,2026-09-10T21:57:55,AC82687908,AC69117285,2510.54,UPI,normal
T003307,2026-09-10T22:08:28,AC71967692,AC62662255,443.79,UPI,normal
T003308,2026-09-10T22:12:21,AC57030900,AC99635023,541.37,UPI,normal
T003309,2026-09-10T22:13:03,AC89774974,AC40026139,736.25,UPI,normal
T003310,2026-09-10T22:14:54,AC36763445,AC29190316,156.57,UPI,normal
T003311,2026-09-10T22:15:12,AC33960779,AC72778440,593.53,UPI,normal
T003312,2026-09-10T22:18:20,AC79476293,AC39472579,2706.66,UPI,normal
T003313,2026-09-10T22:18:51,AC98915866,AC40026139,1034.83,IMPS,normal
T003314,2026-09-10T22:26:49,AC23618316,AC63453132,2697.17,NEFT,normal
T003315,2026-09-10T22:31:47,AC70025882,AC99635023,1343.93,UPI,normal
T003316,2026-09-10T22:34:31,AC51554798,AC19814103,1937.27,UPI,normal
T003317,2026-09-10T22:34:34,AC43239798,AC31671607,652.89,UPI,normal
T003318,2026-09-10T22:36:23,AC88590039,AC31671607,466.63,UPI,normal
T003319,2026-09-10T22:37:23,AC74353833,AC63453132,3445.00,UPI,normal
T003320,2026-09-10T22:39:20,AC45265254,AC71561748,2943.09,UPI,normal
T003321,2026-09-10T22:46:57,AC38558820,AC28422000,609.88,UPI,normal
T003322,2026-09-10T22:51:14,AC25482486,AC69340085,238.13,NEFT,normal
T003323,2026-09-10T22:58:31,AC30287103,AC19814103,1829.77,UPI,normal
T003324,2026-09-11T07:03:41,AC46496546,AC79448796,499.00,UPI,structuring
T003325,2026-09-11T07:04:23,AC50937131,AC79448796,500.00,UPI,structuring
T003326,2026-09-11T07:05:06,AC26331285,AC79448796,500.00,UPI,structuring
T003327,2026-09-11T07:08:40,AC80881649,AC69117285,3001.12,IMPS,normal
T003328,2026-09-11T07:09:16,AC46496546,AC79448796,500.00,UPI,structuring
T003329,2026-09-11T07:09:46,AC53753544,AC12426922,3069.75,UPI,normal
T003330,2026-09-11T07:11:20,AC46308897,AC79448796,450.00,UPI,structuring
T003331,2026-09-11T07:12:24,AC72492024,AC69117285,3469.21,UPI,normal
T003332,2026-09-11T07:17:12,AC18628964,AC79448796,500.00,UPI,structuring
T003333,2026-09-11T07:17:45,AC95359381,AC79448796,500.00,UPI,structuring
T003334,2026-09-11T07:19:08,AC78754679,AC79448796,500.00,UPI,structuring
T003335,2026-09-11T07:19:12,AC11911654,AC43971558,1548.74,UPI,normal
T003336,2026-09-11T07:19:58,AC20418044,AC40026139,627.24,UPI,normal
T003337,2026-09-11T07:22:48,AC21887116,AC79448796,490.00,UPI,structuring
T003338,2026-09-11T07:23:50,AC63428001,AC39472579,1152.46,IMPS,normal
T003339,2026-09-11T07:25:46,AC19719255,AC79448796,500.00,UPI,structuring
T003340,2026-09-11T07:27:50,AC82021083,AC79448796,500.00,UPI,structuring
T003341,2026-09-11T07:28:57,AC40675978,AC79448796,500.00,UPI,structuring
T003342,2026-09-11T07:30:22,AC92083983,AC22374072,1216.08,NEFT,normal
T003343,2026-09-11T07:30:38,AC27344259,AC79448796,500.00,UPI,structuring
T003344,2026-09-11T07:31:25,AC26331285,AC79448796,500.00,UPI,structuring
T003345,2026-09-11T07:32:13,AC21887116,AC79448796,495.00,UPI,structuring
T003346,2026-09-11T07:34:56,AC88248519,AC29190316,1300.25,UPI,normal
T003347,2026-09-11T07:37:36,AC16252221,AC42297987,786.06,IMPS,normal
T003348,2026-09-11T07:37:43,AC31669330,AC79448796,500.00,UPI,structuring
T003349,2026-09-11T07:39:25,AC97908110,AC99635023,385.48,UPI,normal
T003350,2026-09-11T07:39:49,AC33877318,AC79448796,499.00,UPI,structuring
T003351,2026-09-11T07:40:27,AC38019720,AC99635023,697.51,UPI,normal
T003352,2026-09-11T07:41:57,AC21887116,AC79448796,500.00,UPI,structuring
T003353,2026-09-11T07:46:18,AC75090595,AC10256129,1305.00,UPI,normal
T003354,2026-09-11T07:46:29,AC78106871,AC37910936,858.00,UPI,normal
T003355,2026-09-11T07:48:03,AC45951526,AC79448796,500.00,UPI,structuring
T003356,2026-09-11T07:49:11,AC67390467,AC30729474,814.98,UPI,normal
T003357,2026-09-11T07:49:11,AC39851095,AC79448796,500.00,UPI,structuring
T003358,2026-09-11T07:49:36,AC27344259,AC79448796,500.00,UPI,structuring
T003359,2026-09-11T07:50:49,AC90836544,AC50638453,972.83,UPI,normal
T003360,2026-09-11T07:54:04,AC40432459,AC42297987,419.55,UPI,normal
T003361,2026-09-11T07:54:12,AC80490681,AC84363365,823.78,UPI,normal
T003362,2026-09-11T07:54:58,AC40811860,AC79448796,499.00,UPI,structuring
T003363,2026-09-11T07:54:59,AC99745048,AC59148289,1110.78,UPI,normal
T003364,2026-09-11T07:58:19,AC17056578,AC79203339,354.85,UPI,normal
T003365,2026-09-11T08:02:05,AC21282512,AC79448796,500.00,UPI,structuring
T003366,2026-09-11T08:04:47,AC40811860,AC79448796,500.00,UPI,structuring
T003367,2026-09-11T08:06:14,AC46496546,AC79448796,500.00,UPI,structuring
T003368,2026-09-11T08:07:19,AC26331285,AC79448796,500.00,UPI,structuring
T003369,2026-09-11T08:11:53,AC76262352,AC26421523,3617.29,UPI,normal
T003370,2026-09-11T08:11:58,AC83960561,AC79448796,500.00,UPI,structuring
T003371,2026-09-11T08:12:04,AC46298660,AC79448796,500.00,UPI,structuring
T003372,2026-09-11T08:12:31,AC48917884,AC79448796,500.00,UPI,structuring
T003373,2026-09-11T08:18:12,AC81483341,AC28422000,280.45,UPI,normal
T003374,2026-09-11T08:19:30,AC29552354,AC69117285,1589.12,NEFT,normal
T003375,2026-09-11T08:20:03,AC46308897,AC79448796,500.00,UPI,structuring
T003376,2026-09-11T08:21:48,AC86626738,AC39472579,839.01,IMPS,normal
T003377,2026-09-11T08:23:22,AC82687908,AC22633303,898.45,UPI,normal
T003378,2026-09-11T08:23:56,AC56574257,AC99635023,1194.25,UPI,normal
T003379,2026-09-11T08:27:26,AC76437986,AC79448796,500.00,UPI,structuring
T003380,2026-09-11T08:28:36,AC93742074,AC79448796,500.00,UPI,structuring
T003381,2026-09-11T08:34:06,AC98358257,AC79448796,500.00,UPI,structuring
T003382,2026-09-11T08:34:28,AC37080875,AC79448796,495.00,UPI,structuring
T003383,2026-09-11T08:34:29,AC81281134,AC79448796,500.00,UPI,structuring
T003384,2026-09-11T08:34:39,AC46496546,AC79448796,500.00,UPI,structuring
T003385,2026-09-11T08:35:28,AC36658926,AC79448796,500.00,UPI,structuring
T003386,2026-09-11T08:37:27,AC83270296,AC79448796,499.00,UPI,structuring
T003387,2026-09-11T08:38:00,AC12259115,AC79448796,500.00,UPI,structuring
T003388,2026-09-11T08:39:02,AC97255749,AC79448796,499.00,UPI,structuring
T003389,2026-09-11T08:39:44,AC27388652,AC79448796,500.00,UPI,structuring
T003390,2026-09-11T08:42:43,AC95341298,AC30729474,579.99,UPI,normal
T003391,2026-09-11T08:42:51,AC12059721,AC79448796,500.00,UPI,structuring
T003392,2026-09-11T08:46:16,AC46298660,AC79448796,490.00,UPI,structuring
T003393,2026-09-11T08:48:09,AC32420002,AC71561748,1059.95,UPI,normal
T003394,2026-09-11T08:49:16,AC28377915,AC71561748,3490.64,IMPS,normal
T003395,2026-09-11T08:49:19,AC22215229,AC69117285,3098.34,UPI,normal
T003396,2026-09-11T08:49:55,AC70712824,AC30729474,180.13,UPI,normal
T003397,2026-09-11T08:50:11,AC69819079,AC79448796,500.00,UPI,structuring
T003398,2026-09-11T08:53:44,AC47840101,AC84363365,541.88,UPI,normal
T003399,2026-09-11T08:55:13,AC42002360,AC79448796,450.00,UPI,structuring
T003400,2026-09-11T08:56:32,AC38019720,AC40026139,237.03,IMPS,normal
T003401,2026-09-11T09:03:02,AC97366946,AC72778440,340.07,UPI,normal
T003402,2026-09-11T09:03:32,AC64317606,AC79448796,500.00,UPI,structuring
T003403,2026-09-11T09:04:51,AC17626596,AC40026139,820.71,UPI,normal
T003404,2026-09-11T09:05:25,AC33877318,AC79448796,500.00,UPI,structuring
T003405,2026-09-11T09:06:58,AC73721294,AC79448796,500.00,UPI,structuring
T003406,2026-09-11T09:09:24,AC78006237,AC79448796,500.00,UPI,structuring
T003407,2026-09-11T09:15:44,AC73667109,AC38546741,752.25,UPI,normal
T003408,2026-09-11T09:16:16,AC45494011,AC79448796,500.00,UPI,structuring
T003409,2026-09-11T09:18:30,AC34608019,AC79448796,500.00,UPI,structuring
T003410,2026-09-11T09:18:46,AC26487605,AC28422000,294.45,UPI,normal
T003411,2026-09-11T09:19:52,AC50234045,AC84363365,1385.38,UPI,normal
T003412,2026-09-11T09:22:31,AC45643433,AC79448796,490.00,UPI,structuring
T003413,2026-09-11T09:22:54,AC70002780,AC79448796,499.00,UPI,structuring
T003414,2026-09-11T09:23:24,AC12259115,AC79448796,500.00,UPI,structuring
T003415,2026-09-11T09:23:44,AC33877318,AC79448796,500.00,UPI,structuring
T003416,2026-09-11T09:23:55,AC43614663,AC79448796,499.00,UPI,structuring
T003417,2026-09-11T09:29:08,AC93443625,AC79448796,500.00,UPI,structuring
T003418,2026-09-11T09:31:21,AC74160948,AC71561748,714.39,UPI,normal
T003419,2026-09-11T09:31:25,AC51874911,AC79448796,495.00,UPI,structuring
T003420,2026-09-11T09:31:43,AC76385704,AC79448796,500.00,UPI,structuring
T003421,2026-09-11T09:33:20,AC37631611,AC79448796,500.00,UPI,structuring
T003422,2026-09-11T09:38:56,AC17721077,AC79448796,500.00,UPI,structuring
T003423,2026-09-11T09:39:34,AC70904451,AC79448796,500.00,UPI,structuring
T003424,2026-09-11T09:39:56,AC30047826,AC79448796,500.00,UPI,structuring
T003425,2026-09-11T09:42:35,AC38881120,AC31849997,367.85,UPI,normal
T003426,2026-09-11T09:42:44,AC39851095,AC79448796,500.00,UPI,structuring
T003427,2026-09-11T09:42:49,AC16761851,AC79448796,500.00,UPI,structuring
T003428,2026-09-11T09:43:43,AC47455108,AC79448796,500.00,UPI,structuring
T003429,2026-09-11T09:48:36,AC93760773,AC59560375,843.00,UPI,normal
T003430,2026-09-11T09:49:24,AC48197765,AC19814103,571.45,UPI,normal
T003431,2026-09-11T09:51:39,AC93742074,AC79448796,500.00,UPI,structuring
T003432,2026-09-11T09:52:25,AC76437986,AC79448796,500.00,UPI,structuring
T003433,2026-09-11T09:55:45,AC30047826,AC79448796,500.00,UPI,structuring
T003434,2026-09-11T09:58:43,AC89070818,AC19814103,1364.30,UPI,normal
T003435,2026-09-11T09:59:37,AC39851095,AC79448796,500.00,UPI,structuring
T003436,2026-09-11T10:00:04,AC38558820,AC26421523,2051.51,UPI,normal
T003437,2026-09-11T10:02:31,AC50937131,AC79448796,500.00,UPI,structuring
T003438,2026-09-11T10:03:12,AC19039243,AC66542771,1135.05,UPI,normal
T003439,2026-09-11T10:04:37,AC66238912,AC30729474,411.69,UPI,normal
T003440,2026-09-11T10:06:11,AC84231009,AC79448796,500.00,UPI,structuring
T003441,2026-09-11T10:06:27,AC18288654,AC38546741,937.22,UPI,normal
T003442,2026-09-11T10:07:44,AC44970682,AC79448796,500.00,UPI,structuring
T003443,2026-09-11T10:09:41,AC81751584,AC71561748,2806.74,NEFT,normal
T003444,2026-09-11T10:13:17,AC91628191,AC79448796,500.00,UPI,structuring
T003445,2026-09-11T10:16:12,AC76385704,AC79448796,500.00,UPI,structuring
T003446,2026-09-11T10:17:07,AC92212100,AC71561748,2801.29,NEFT,normal
T003447,2026-09-11T10:17:10,AC83744576,AC28422000,204.27,IMPS,normal
T003448,2026-09-11T10:17:11,AC28752741,AC79448796,500.00,UPI,structuring
T003449,2026-09-11T10:18:32,AC13889649,AC22374072,222.37,UPI,normal
T003450,2026-09-11T10:18:40,AC76437986,AC79448796,500.00,UPI,structuring
T003451,2026-09-11T10:19:45,AC46308897,AC79448796,500.00,UPI,structuring
T003452,2026-09-11T10:21:14,AC18941925,AC79448796,500.00,UPI,structuring
T003453,2026-09-11T10:21:23,AC62759119,AC79448796,500.00,UPI,structuring
T003454,2026-09-11T10:24:59,AC24690326,AC79448796,500.00,UPI,structuring
T003455,2026-09-11T10:25:03,AC27050801,AC99635023,654.55,NEFT,normal
T003456,2026-09-11T10:25:53,AC62759119,AC79448796,500.00,UPI,structuring
T003457,2026-09-11T10:25:56,AC66070842,AC79448796,500.00,UPI,structuring
T003458,2026-09-11T10:26:48,AC97255749,AC12614954,1482.12,UPI,normal
T003459,2026-09-11T10:28:10,AC91628191,AC79448796,500.00,UPI,structuring
T003460,2026-09-11T10:29:34,AC12474155,AC79448796,500.00,UPI,structuring
T003461,2026-09-11T10:33:48,AC17721077,AC79448796,500.00,UPI,structuring
T003462,2026-09-11T10:35:16,AC22007414,AC79448796,500.00,UPI,structuring
T003463,2026-09-11T10:39:46,AC23119148,AC52751778,1069.76,IMPS,normal
T003464,2026-09-11T10:41:12,AC87457446,AC43971558,936.12,UPI,normal
T003465,2026-09-11T10:45:46,AC55997036,AC79448796,500.00,UPI,structuring
T003466,2026-09-11T10:47:56,AC28752741,AC79448796,500.00,UPI,structuring
T003467,2026-09-11T10:48:34,AC92374421,AC79203339,571.88,NEFT,normal
T003468,2026-09-11T10:49:31,AC28689916,AC12426922,1974.19,UPI,normal
T003469,2026-09-11T10:50:30,AC98358257,AC79448796,500.00,UPI,structuring
T003470,2026-09-11T10:53:30,AC45643433,AC79448796,490.00,UPI,structuring
T003471,2026-09-11T10:55:26,AC73721294,AC79448796,500.00,UPI,structuring
T003472,2026-09-11T10:55:48,AC87570629,AC59117315,1327.30,NEFT,normal
T003473,2026-09-11T10:55:52,AC72544046,AC50638453,276.00,IMPS,normal
T003474,2026-09-11T10:56:50,AC62759119,AC79448796,495.00,UPI,structuring
T003475,2026-09-11T10:58:17,AC43857462,AC99635023,532.48,NEFT,normal
T003476,2026-09-11T10:59:18,AC77867728,AC79448796,500.00,UPI,structuring
T003477,2026-09-11T10:59:50,AC91628191,AC79448796,500.00,UPI,structuring
T003478,2026-09-11T11:01:46,AC99686414,AC86013032,1239.00,NEFT,normal
T003479,2026-09-11T11:07:04,AC92418944,AC30729474,668.73,UPI,normal
T003480,2026-09-11T11:07:14,AC11549722,AC79448796,500.00,UPI,structuring
T003481,2026-09-11T11:07:56,AC13422671,AC99635023,772.31,UPI,normal
T003482,2026-09-11T11:08:08,AC26093192,AC22374072,164.57,IMPS,normal
T003483,2026-09-11T11:09:09,AC38881120,AC79448796,500.00,UPI,structuring
T003484,2026-09-11T11:09:32,AC83639904,AC84363365,3361.64,IMPS,normal
T003485,2026-09-11T11:11:29,AC63550032,AC19736972,336.67,UPI,normal
T003486,2026-09-11T11:12:02,AC97366946,AC71561748,2552.02,UPI,normal
T003487,2026-09-11T11:12:26,AC18628964,AC79448796,500.00,UPI,structuring
T003488,2026-09-11T11:12:46,AC69819079,AC79448796,500.00,UPI,structuring
T003489,2026-09-11T11:15:30,AC81281134,AC79448796,499.00,UPI,structuring
T003490,2026-09-11T11:16:06,AC24264840,AC79448796,450.00,UPI,structuring
T003491,2026-09-11T11:16:25,AC45951526,AC79448796,500.00,UPI,structuring
T003492,2026-09-11T11:18:11,AC80721337,AC79448796,500.00,UPI,structuring
T003493,2026-09-11T11:18:21,AC38816302,AC29190316,927.27,UPI,normal
T003494,2026-09-11T11:19:07,AC98115205,AC79448796,450.00,UPI,structuring
T003495,2026-09-11T11:21:46,AC41317839,AC28422000,173.90,UPI,normal
T003496,2026-09-11T11:23:01,AC36658926,AC79448796,500.00,UPI,structuring
T003497,2026-09-11T11:24:17,AC91907998,AC52751778,1899.08,UPI,normal
T003498,2026-09-11T11:24:39,AC15313436,AC79448796,500.00,UPI,structuring
T003499,2026-09-11T11:25:44,AC18354761,AC84363365,717.79,NEFT,normal
T003500,2026-09-11T11:28:07,AC19719255,AC79448796,500.00,UPI,structuring
T003501,2026-09-11T11:28:09,AC68224916,AC69340085,572.88,UPI,normal
T003502,2026-09-11T11:28:33,AC42002360,AC79448796,500.00,UPI,structuring
T003503,2026-09-11T11:29:15,AC38881120,AC79448796,500.00,UPI,structuring
T003504,2026-09-11T11:30:13,AC89297484,AC12426922,2836.45,UPI,normal
T003505,2026-09-11T11:33:54,AC42301241,AC55362865,80.91,UPI,normal
T003506,2026-09-11T11:34:32,AC81751584,AC59117315,67.52,UPI,normal
T003507,2026-09-11T11:35:18,AC24264840,AC79448796,500.00,UPI,structuring
T003508,2026-09-11T11:35:19,AC73632401,AC40026139,980.40,NEFT,normal
T003509,2026-09-11T11:42:04,AC45643433,AC79448796,500.00,UPI,structuring
T003510,2026-09-11T11:42:36,AC95753514,AC67490644,334.64,UPI,normal
T003511,2026-09-11T11:42:42,AC73639532,AC30729474,791.38,UPI,normal
T003512,2026-09-11T11:43:04,AC36146343,AC12426922,2079.06,UPI,normal
T003513,2026-09-11T11:43:09,AC55997036,AC79448796,500.00,UPI,structuring
T003514,2026-09-11T11:51:17,AC47455108,AC79448796,500.00,UPI,structuring
T003515,2026-09-11T11:54:57,AC74758310,AC71561748,2489.70,UPI,normal
T003516,2026-09-11T11:55:22,AC97255749,AC79448796,500.00,UPI,structuring
T003517,2026-09-11T11:56:09,AC87097845,AC99635023,963.89,IMPS,normal
T003518,2026-09-11T12:02:11,AC24690326,AC79448796,500.00,UPI,structuring
T003519,2026-09-11T12:02:48,AC94378806,AC79448796,500.00,UPI,structuring
T003520,2026-09-11T12:03:24,AC39851095,AC79448796,500.00,UPI,structuring
T003521,2026-09-11T12:05:08,AC39936146,AC42297987,989.86,UPI,normal
T003522,2026-09-11T12:06:15,AC35428420,AC79448796,500.00,UPI,structuring
T003523,2026-09-11T12:08:20,AC75090595,AC99635023,1932.86,UPI,normal
T003524,2026-09-11T12:08:34,AC21282512,AC79448796,500.00,UPI,structuring
T003525,2026-09-11T12:08:53,AC94378806,AC79448796,500.00,UPI,structuring
T003526,2026-09-11T12:12:39,AC98358257,AC79448796,500.00,UPI,structuring
T003527,2026-09-11T12:15:27,AC45643433,AC79448796,500.00,UPI,structuring
T003528,2026-09-11T12:16:11,AC39589952,AC28422000,1168.69,UPI,normal
T003529,2026-09-11T12:16:35,AC62664205,AC55362865,189.22,UPI,normal
T003530,2026-09-11T12:16:44,AC98384612,AC30246633,1523.00,UPI,normal
T003531,2026-09-11T12:16:58,AC62148384,AC55362865,2313.54,UPI,normal
T003532,2026-09-11T12:19:31,AC39851095,AC79448796,500.00,UPI,structuring
T003533,2026-09-11T12:22:10,AC76453392,AC28422000,596.37,UPI,normal
T003534,2026-09-11T12:22:24,AC61780050,AC71561748,1845.39,UPI,normal
T003535,2026-09-11T12:24:32,AC50937131,AC79448796,500.00,UPI,structuring
T003536,2026-09-11T12:25:20,AC34313000,AC79448796,490.00,UPI,structuring
T003537,2026-09-11T12:25:28,AC21239731,AC79448796,500.00,UPI,structuring
T003538,2026-09-11T12:27:48,AC36658926,AC79448796,500.00,UPI,structuring
T003539,2026-09-11T12:28:03,AC15798969,AC79448796,500.00,UPI,structuring
T003540,2026-09-11T12:31:28,AC12059721,AC79448796,500.00,UPI,structuring
T003541,2026-09-11T12:31:29,AC58802897,AC75399034,2373.02,UPI,normal
T003542,2026-09-11T12:31:42,AC47369042,AC38546741,778.09,NEFT,normal
T003543,2026-09-11T12:31:43,AC31667923,AC79188088,3906.00,UPI,normal
T003544,2026-09-11T12:35:22,AC33877318,AC79448796,500.00,UPI,structuring
T003545,2026-09-11T12:37:02,AC13749650,AC79203339,418.23,UPI,normal
T003546,2026-09-11T12:38:24,AC78754679,AC79448796,500.00,UPI,structuring
T003547,2026-09-11T12:39:02,AC76437986,AC79448796,500.00,UPI,structuring
T003548,2026-09-11T12:43:07,AC42002360,AC79448796,450.00,UPI,structuring
T003549,2026-09-11T12:44:03,AC44709914,AC79448796,500.00,UPI,structuring
T003550,2026-09-11T12:44:38,AC57000147,AC29190316,887.63,IMPS,normal
T003551,2026-09-11T12:50:16,AC13749650,AC55362865,757.11,UPI,normal
T003552,2026-09-11T12:50:22,AC45494011,AC79448796,500.00,UPI,structuring
T003553,2026-09-11T12:52:19,AC47840101,AC40026139,288.79,UPI,normal
T003554,2026-09-11T12:52:56,AC95153029,AC79448796,500.00,UPI,structuring
T003555,2026-09-11T12:53:05,AC43614663,AC79448796,500.00,UPI,structuring
T003556,2026-09-11T12:55:30,AC28752741,AC79448796,500.00,UPI,structuring
T003557,2026-09-11T12:56:21,AC36658926,AC79448796,500.00,UPI,structuring
T003558,2026-09-11T12:56:40,AC25146464,AC79448796,500.00,UPI,structuring
T003559,2026-09-11T12:57:06,AC33131984,AC79203339,184.27,UPI,normal
T003560,2026-09-11T12:58:57,AC75507385,AC19375836,3035.00,NEFT,normal
T003561,2026-09-11T13:04:56,AC48646352,AC71561748,1959.78,IMPS,normal
T003562,2026-09-11T13:05:47,AC27592411,AC43971558,568.91,IMPS,normal
T003563,2026-09-11T13:05:48,AC73632401,AC28422000,366.74,UPI,normal
T003564,2026-09-11T13:06:59,AC34608019,AC79448796,500.00,UPI,structuring
T003565,2026-09-11T13:07:30,AC91628191,AC79448796,500.00,UPI,structuring
T003566,2026-09-11T13:10:37,AC41132723,AC69117285,2723.54,IMPS,normal
T003567,2026-09-11T13:14:31,AC26331285,AC79448796,500.00,UPI,structuring
T003568,2026-09-11T13:14:59,AC21239731,AC79448796,500.00,UPI,structuring
T003569,2026-09-11T13:15:07,AC40446731,AC64198427,196.20,UPI,normal
T003570,2026-09-11T13:15:44,AC21239731,AC79448796,450.00,UPI,structuring
T003571,2026-09-11T13:16:25,AC54246886,AC38546741,1539.34,UPI,normal
T003572,2026-09-11T13:16:51,AC12059721,AC79448796,500.00,UPI,structuring
T003573,2026-09-11T13:18:50,AC71967692,AC52410090,1783.33,UPI,normal
T003574,2026-09-11T13:21:14,AC25846520,AC12614954,877.65,IMPS,normal
T003575,2026-09-11T13:23:18,AC66673996,AC79448796,500.00,UPI,structuring
T003576,2026-09-11T13:26:34,AC95421789,AC42297987,2945.58,UPI,normal
T003577,2026-09-11T13:27:51,AC78144218,AC31849997,615.72,UPI,normal
T003578,2026-09-11T13:29:04,AC91628191,AC79448796,450.00,UPI,structuring
T003579,2026-09-11T13:31:32,AC45643433,AC79448796,500.00,UPI,structuring
T003580,2026-09-11T13:32:22,AC39851095,AC79448796,500.00,UPI,structuring
T003581,2026-09-11T13:32:53,AC21378775,AC71561748,2113.56,UPI,normal
T003582,2026-09-11T13:32:57,AC26093192,AC12426922,1438.38,UPI,normal
T003583,2026-09-11T13:34:47,AC78006237,AC79448796,500.00,UPI,structuring
T003584,2026-09-11T13:37:09,AC27388652,AC79448796,495.00,UPI,structuring
T003585,2026-09-11T13:37:20,AC39589952,AC12426922,797.54,UPI,normal
T003586,2026-09-11T13:38:04,AC84231009,AC79448796,500.00,UPI,structuring
T003587,2026-09-11T13:38:57,AC55520180,AC79448796,500.00,UPI,structuring
T003588,2026-09-11T13:40:59,AC77854192,AC55515398,2350.93,UPI,normal
T003589,2026-09-11T13:43:03,AC16655764,AC43971558,5332.23,UPI,normal
T003590,2026-09-11T13:43:17,AC82021083,AC79448796,450.00,UPI,structuring
T003591,2026-09-11T13:44:31,AC46496546,AC79448796,500.00,UPI,structuring
T003592,2026-09-11T13:47:20,AC27344259,AC79448796,500.00,UPI,structuring
T003593,2026-09-11T13:47:36,AC91628191,AC79448796,500.00,UPI,structuring
T003594,2026-09-11T13:52:24,AC34576324,AC69117285,728.10,IMPS,normal
T003595,2026-09-11T13:53:47,AC56573688,AC79448796,500.00,UPI,structuring
T003596,2026-09-11T13:54:06,AC51309941,AC79448796,500.00,UPI,structuring
T003597,2026-09-11T13:57:42,AC17933677,AC69117285,1897.12,IMPS,normal
T003598,2026-09-11T13:58:11,AC51874911,AC79448796,500.00,UPI,structuring
T003599,2026-09-11T14:00:40,AC57484087,AC74780629,296.00,UPI,normal
T003600,2026-09-11T14:01:16,AC21887116,AC79448796,500.00,UPI,structuring
T003601,2026-09-11T14:03:44,AC25146464,AC79448796,500.00,UPI,structuring
T003602,2026-09-11T14:05:46,AC96319863,AC84363365,591.15,UPI,normal
T003603,2026-09-11T14:06:54,AC35428420,AC79448796,450.00,UPI,structuring
T003604,2026-09-11T14:11:53,AC77867728,AC79448796,500.00,UPI,structuring
T003605,2026-09-11T14:12:43,AC15798969,AC79448796,500.00,UPI,structuring
T003606,2026-09-11T14:15:15,AC93742074,AC79448796,500.00,UPI,structuring
T003607,2026-09-11T14:15:16,AC66673996,AC79448796,500.00,UPI,structuring
T003608,2026-09-11T14:15:18,AC71230843,AC59148289,587.16,NEFT,normal
T003609,2026-09-11T14:17:22,AC26331285,AC79448796,500.00,UPI,structuring
T003610,2026-09-11T14:20:03,AC80901507,AC69117285,950.64,IMPS,normal
T003611,2026-09-11T14:23:13,AC77120755,AC79448796,500.00,UPI,structuring
T003612,2026-09-11T14:23:30,AC82023741,AC18288654,470.00,UPI,normal
T003613,2026-09-11T14:23:42,AC83849218,AC40026139,459.85,NEFT,normal
T003614,2026-09-11T14:23:49,AC30256261,AC57864027,2529.98,UPI,normal
T003615,2026-09-11T14:34:19,AC70002780,AC79448796,500.00,UPI,structuring
T003616,2026-09-11T14:35:24,AC73721294,AC79448796,500.00,UPI,structuring
T003617,2026-09-11T14:36:17,AC88592782,AC29190316,1566.74,UPI,normal
T003618,2026-09-11T14:41:36,AC26093192,AC99635023,1807.32,UPI,normal
T003619,2026-09-11T14:41:42,AC78006237,AC79448796,500.00,UPI,structuring
T003620,2026-09-11T14:43:17,AC94378806,AC79448796,500.00,UPI,structuring
T003621,2026-09-11T14:43:18,AC17721077,AC79448796,490.00,UPI,structuring
T003622,2026-09-11T14:44:05,AC45643433,AC79448796,500.00,UPI,structuring
T003623,2026-09-11T14:47:18,AC52164119,AC85201674,3582.00,UPI,normal
T003624,2026-09-11T14:47:48,AC78006237,AC79448796,500.00,UPI,structuring
T003625,2026-09-11T14:48:10,AC21887116,AC79448796,500.00,UPI,structuring
T003626,2026-09-11T14:51:30,AC39962626,AC38546741,386.86,UPI,normal
T003627,2026-09-11T14:53:22,AC32140838,AC40026139,396.11,UPI,normal
T003628,2026-09-11T14:53:37,AC49655179,AC79448796,500.00,UPI,structuring
T003629,2026-09-11T14:54:24,AC26331285,AC79448796,500.00,UPI,structuring
T003630,2026-09-11T14:57:28,AC98358257,AC79448796,500.00,UPI,structuring
T003631,2026-09-11T15:02:03,AC79092953,AC79448796,500.00,UPI,structuring
T003632,2026-09-11T15:02:25,AC35428420,AC79448796,500.00,UPI,structuring
T003633,2026-09-11T15:03:18,AC19719255,AC79448796,500.00,UPI,structuring
T003634,2026-09-11T15:06:52,AC44785794,AC59148289,768.94,UPI,normal
T003635,2026-09-11T15:08:34,AC30047826,AC79448796,450.00,UPI,structuring
T003636,2026-09-11T15:10:47,AC63128543,AC69117285,2257.14,IMPS,normal
T003637,2026-09-11T15:11:41,AC79571586,AC30729474,1116.06,IMPS,normal
T003638,2026-09-11T15:15:10,AC70025882,AC99635023,2080.32,UPI,normal
T003639,2026-09-11T15:15:13,AC30047826,AC79448796,500.00,UPI,structuring
T003640,2026-09-11T15:16:18,AC55520180,AC79448796,500.00,UPI,structuring
T003641,2026-09-11T15:16:52,AC27423955,AC79448796,500.00,UPI,structuring
T003642,2026-09-11T15:18:04,AC42974546,AC79448796,500.00,UPI,structuring
T003643,2026-09-11T15:18:43,AC83960561,AC79448796,500.00,UPI,structuring
T003644,2026-09-11T15:18:49,AC80881649,AC74758310,142.00,UPI,normal
T003645,2026-09-11T15:21:49,AC47502921,AC64198427,395.75,IMPS,normal
T003646,2026-09-11T15:22:22,AC78754679,AC79448796,450.00,UPI,structuring
T003647,2026-09-11T15:22:40,AC93443625,AC79448796,500.00,UPI,structuring
T003648,2026-09-11T15:23:09,AC12437810,AC79448796,500.00,UPI,structuring
T003649,2026-09-11T15:23:48,AC67085086,AC79448796,500.00,UPI,structuring
T003650,2026-09-11T15:25:40,AC97908110,AC67490644,3717.20,UPI,normal
T003651,2026-09-11T15:27:05,AC82023741,AC43239798,4280.00,UPI,normal
T003652,2026-09-11T15:28:41,AC17912728,AC29190316,2037.08,NEFT,normal
T003653,2026-09-11T15:29:50,AC98358257,AC79448796,500.00,UPI,structuring
T003654,2026-09-11T15:30:16,AC39936146,AC57864027,893.17,UPI,normal
T003655,2026-09-11T15:32:15,AC73721294,AC79448796,500.00,UPI,structuring
T003656,2026-09-11T15:33:12,AC61061966,AC12426922,3432.27,UPI,normal
T003657,2026-09-11T15:33:55,AC12437810,AC79448796,500.00,UPI,structuring
T003658,2026-09-11T15:34:04,AC79092953,AC79448796,500.00,UPI,structuring
T003659,2026-09-11T15:34:41,AC56911734,AC38546741,647.34,IMPS,normal
T003660,2026-09-11T15:37:52,AC81281134,AC79448796,500.00,UPI,structuring
T003661,2026-09-11T15:39:30,AC78006237,AC79448796,500.00,UPI,structuring
T003662,2026-09-11T15:39:51,AC32420002,AC38546741,341.94,UPI,normal
T003663,2026-09-11T15:42:54,AC52110478,AC22374072,769.78,UPI,normal
T003664,2026-09-11T15:43:06,AC46094290,AC79448796,500.00,UPI,structuring
T003665,2026-09-11T15:43:34,AC43614663,AC79448796,500.00,UPI,structuring
T003666,2026-09-11T15:45:17,AC64317606,AC79448796,500.00,UPI,structuring
T003667,2026-09-11T15:46:14,AC23618316,AC39472579,275.37,NEFT,normal
T003668,2026-09-11T15:46:21,AC44970682,AC79448796,500.00,UPI,structuring
T003669,2026-09-11T15:47:15,AC49655179,AC79448796,495.00,UPI,structuring
T003670,2026-09-11T15:47:17,AC84231009,AC79448796,500.00,UPI,structuring
T003671,2026-09-11T15:48:09,AC27580355,AC58940600,923.00,NEFT,normal
T003672,2026-09-11T15:49:42,AC42002360,AC79448796,500.00,UPI,structuring
T003673,2026-09-11T15:50:24,AC56647663,AC79448796,500.00,UPI,structuring
T003674,2026-09-11T15:53:55,AC79019441,AC79448796,500.00,UPI,structuring
T003675,2026-09-11T15:54:26,AC19824854,AC12426922,2475.23,UPI,normal
T003676,2026-09-11T15:57:15,AC18941925,AC79448796,499.00,UPI,structuring
T003677,2026-09-11T15:57:23,AC33877318,AC79448796,500.00,UPI,structuring
T003678,2026-09-11T15:57:42,AC57030900,AC50638453,538.72,IMPS,normal
T003679,2026-09-11T15:58:51,AC38558820,AC55515398,1245.22,NEFT,normal
T003680,2026-09-11T15:59:04,AC57709585,AC50638453,635.61,IMPS,normal
T003681,2026-09-11T15:59:33,AC91628191,AC79448796,500.00,UPI,structuring
T003682,2026-09-11T16:01:31,AC45494011,AC79448796,500.00,UPI,structuring
T003683,2026-09-11T16:02:30,AC48917884,AC79448796,450.00,UPI,structuring
T003684,2026-09-11T16:03:04,AC64317606,AC79448796,450.00,UPI,structuring
T003685,2026-09-11T16:06:54,AC69812891,AC59117315,854.50,IMPS,normal
T003686,2026-09-11T16:07:58,AC25809806,AC38546741,1968.56,UPI,normal
T003687,2026-09-11T16:09:05,AC28752741,AC79448796,450.00,UPI,structuring
T003688,2026-09-11T16:09:45,AC94378806,AC79448796,499.00,UPI,structuring
T003689,2026-09-11T16:10:15,AC40811860,AC79448796,495.00,UPI,structuring
T003690,2026-09-11T16:10:22,AC46298660,AC79448796,500.00,UPI,structuring
T003691,2026-09-11T16:10:51,AC38019720,AC71561748,1034.84,UPI,normal
T003692,2026-09-11T16:12:18,AC77120755,AC79448796,500.00,UPI,structuring
T003693,2026-09-11T16:13:26,AC91996233,AC69117285,2981.08,IMPS,normal
T003694,2026-09-11T16:13:56,AC66070842,AC79448796,500.00,UPI,structuring
T003695,2026-09-11T16:14:26,AC50937131,AC79448796,500.00,UPI,structuring
T003696,2026-09-11T16:17:36,AC33877318,AC79448796,500.00,UPI,structuring
T003697,2026-09-11T16:19:24,AC34367415,AC79448796,500.00,UPI,structuring
T003698,2026-09-11T16:19:36,AC16761851,AC79448796,500.00,UPI,structuring
T003699,2026-09-11T16:19:50,AC44970682,AC79448796,500.00,UPI,structuring
T003700,2026-09-11T16:20:14,AC84231009,AC79448796,500.00,UPI,structuring
T003701,2026-09-11T16:20:40,AC74239549,AC67490644,229.53,UPI,normal
T003702,2026-09-11T16:25:05,AC56171824,AC12426922,2201.16,NEFT,normal
T003703,2026-09-11T16:25:32,AC19039243,AC67917877,290.26,IMPS,normal
T003704,2026-09-11T16:25:51,AC17721077,AC79448796,500.00,UPI,structuring
T003705,2026-09-11T16:26:47,AC55997036,AC79448796,500.00,UPI,structuring
T003706,2026-09-11T16:28:06,AC50937131,AC79448796,500.00,UPI,structuring
T003707,2026-09-11T16:29:47,AC42974546,AC79448796,500.00,UPI,structuring
T003708,2026-09-11T16:29:56,AC33877318,AC79448796,500.00,UPI,structuring
T003709,2026-09-11T16:30:02,AC56647663,AC79448796,500.00,UPI,structuring
T003710,2026-09-11T16:30:59,AC18174466,AC99635023,369.76,UPI,normal
T003711,2026-09-11T16:32:01,AC35428420,AC79448796,500.00,UPI,structuring
T003712,2026-09-11T16:33:41,AC44841887,AC43971558,508.90,UPI,normal
T003713,2026-09-11T16:33:45,AC21535642,AC31671607,204.63,UPI,normal
T003714,2026-09-11T16:34:50,AC47455108,AC79448796,500.00,UPI,structuring
T003715,2026-09-11T16:35:44,AC45951526,AC79448796,500.00,UPI,structuring
T003716,2026-09-11T16:36:13,AC45150991,AC79448796,495.00,UPI,structuring
T003717,2026-09-11T16:36:51,AC27050801,AC22374072,255.45,UPI,normal
T003718,2026-09-11T16:36:51,AC88061052,AC30729474,661.63,UPI,normal
T003719,2026-09-11T16:39:07,AC30106149,AC40026139,1112.40,UPI,normal
T003720,2026-09-11T16:39:29,AC77867728,AC79448796,499.00,UPI,structuring
T003721,2026-09-11T16:40:42,AC78710461,AC79203339,862.13,UPI,normal
T003722,2026-09-11T16:40:51,AC69139937,AC36272404,400.46,UPI,normal
T003723,2026-09-11T16:43:28,AC28752741,AC79448796,500.00,UPI,structuring
T003724,2026-09-11T16:47:33,AC40970943,AC99635023,1569.29,IMPS,normal
T003725,2026-09-11T16:48:24,AC83960310,AC28422000,362.00,UPI,normal
T003726,2026-09-11T16:49:15,AC74477539,AC30729474,1983.68,NEFT,normal
T003727,2026-09-11T16:49:22,AC81380338,AC71561748,3153.65,UPI,normal
T003728,2026-09-11T16:56:07,AC15313436,AC79448796,499.00,UPI,structuring
T003729,2026-09-11T16:56:35,AC77867728,AC79448796,500.00,UPI,structuring
T003730,2026-09-11T17:00:44,AC53895707,AC79448796,500.00,UPI,structuring
T003731,2026-09-11T17:00:45,AC41132723,AC30729474,133.10,UPI,normal
T003732,2026-09-11T17:01:07,AC76437986,AC79448796,500.00,UPI,structuring
T003733,2026-09-11T17:04:48,AC27359750,AC69117285,2301.49,NEFT,normal
T003734,2026-09-11T17:05:48,AC93082061,AC69117285,2990.77,NEFT,normal
T003735,2026-09-11T17:06:10,AC21239731,AC79448796,500.00,UPI,structuring
T003736,2026-09-11T17:07:18,AC24264840,AC79448796,500.00,UPI,structuring
T003737,2026-09-11T17:07:19,AC89297484,AC62662255,214.03,UPI,normal
T003738,2026-09-11T17:08:00,AC93443625,AC79448796,500.00,UPI,structuring
T003739,2026-09-11T17:08:14,AC70241505,AC22374072,388.71,UPI,normal
T003740,2026-09-11T17:10:49,AC82021083,AC79448796,500.00,UPI,structuring
T003741,2026-09-11T17:14:21,AC12437810,AC79448796,500.00,UPI,structuring
T003742,2026-09-11T17:14:27,AC94641177,AC71561748,1388.19,IMPS,normal
T003743,2026-09-11T17:17:40,AC62759119,AC79448796,500.00,UPI,structuring
T003744,2026-09-11T17:17:51,AC78144218,AC96363470,642.85,UPI,normal
T003745,2026-09-11T17:18:29,AC69819079,AC79448796,500.00,UPI,structuring
T003746,2026-09-11T17:18:53,AC40675978,AC79448796,450.00,UPI,structuring
T003747,2026-09-11T17:19:35,AC50937131,AC79448796,500.00,UPI,structuring
T003748,2026-09-11T17:20:36,AC25809806,AC99635023,508.78,UPI,normal
T003749,2026-09-11T17:23:48,AC21887116,AC79448796,500.00,UPI,structuring
T003750,2026-09-11T17:27:10,AC55997036,AC79448796,495.00,UPI,structuring
T003751,2026-09-11T17:27:56,AC93742074,AC79448796,500.00,UPI,structuring
T003752,2026-09-11T17:28:52,AC27359750,AC22633303,1140.09,NEFT,normal
T003753,2026-09-11T17:29:48,AC25146464,AC79448796,500.00,UPI,structuring
T003754,2026-09-11T17:31:22,AC33131984,AC69117285,1820.38,NEFT,normal
T003755,2026-09-11T17:33:43,AC12474155,AC79448796,495.00,UPI,structuring
T003756,2026-09-11T17:38:21,AC34608019,AC79448796,500.00,UPI,structuring
T003757,2026-09-11T17:39:32,AC46094290,AC79448796,500.00,UPI,structuring
T003758,2026-09-11T17:45:00,AC48917884,AC79448796,495.00,UPI,structuring
T003759,2026-09-11T17:45:32,AC21887116,AC79448796,500.00,UPI,structuring
T003760,2026-09-11T17:49:02,AC55997036,AC79448796,500.00,UPI,structuring
T003761,2026-09-11T17:49:03,AC93443625,AC79448796,500.00,UPI,structuring
T003762,2026-09-11T17:49:28,AC30399018,AC67917877,2016.53,NEFT,normal
T003763,2026-09-11T17:49:42,AC62992312,AC12426922,3817.64,NEFT,normal
T003764,2026-09-11T17:50:33,AC92306098,AC75399034,242.76,UPI,normal
T003765,2026-09-11T17:52:21,AC28752741,AC79448796,500.00,UPI,structuring
T003766,2026-09-11T17:56:24,AC96290869,AC36272404,1047.17,NEFT,normal
T003767,2026-09-11T17:58:44,AC41132723,AC99635023,46.61,UPI,normal
T003768,2026-09-11T17:59:58,AC55997036,AC79448796,500.00,UPI,structuring
T003769,2026-09-11T18:00:23,AC41132723,AC28422000,197.74,NEFT,normal
T003770,2026-09-11T18:06:05,AC10549434,AC59148289,387.51,NEFT,normal
T003771,2026-09-11T18:06:59,AC83270296,AC79448796,500.00,UPI,structuring
T003772,2026-09-11T18:08:32,AC15798969,AC79448796,500.00,UPI,structuring
T003773,2026-09-11T18:09:51,AC56625835,AC71561748,1233.05,UPI,normal
T003774,2026-09-11T18:12:11,AC56647663,AC79448796,500.00,UPI,structuring
T003775,2026-09-11T18:12:16,AC22007414,AC79448796,500.00,UPI,structuring
T003776,2026-09-11T18:13:02,AC55520180,AC79448796,500.00,UPI,structuring
T003777,2026-09-11T18:13:30,AC22007414,AC79448796,500.00,UPI,structuring
T003778,2026-09-11T18:14:41,AC52110478,AC59148289,1365.24,UPI,normal
T003779,2026-09-11T18:19:27,AC79476293,AC31849997,1377.38,UPI,normal
T003780,2026-09-11T18:21:57,AC21239731,AC79448796,500.00,UPI,structuring
T003781,2026-09-11T18:22:17,AC70002780,AC79448796,499.00,UPI,structuring
T003782,2026-09-11T18:23:10,AC44811353,AC71561748,2499.90,UPI,normal
T003783,2026-09-11T18:24:04,AC24264840,AC79448796,499.00,UPI,structuring
T003784,2026-09-11T18:24:22,AC12510524,AC26093192,3695.00,UPI,normal
T003785,2026-09-11T18:25:28,AC45046288,AC99635023,830.45,IMPS,normal
T003786,2026-09-11T18:25:36,AC76627625,AC75399034,247.56,UPI,normal
T003787,2026-09-11T18:28:02,AC46094290,AC79448796,500.00,UPI,structuring
T003788,2026-09-11T18:30:17,AC98358257,AC79448796,500.00,UPI,structuring
T003789,2026-09-11T18:31:34,AC68240437,AC22633303,285.84,UPI,normal
T003790,2026-09-11T18:32:30,AC83960310,AC26421523,189.30,UPI,normal
T003791,2026-09-11T18:33:33,AC39851095,AC79448796,500.00,UPI,structuring
T003792,2026-09-11T18:34:16,AC25716331,AC70690025,869.00,UPI,normal
T003793,2026-09-11T18:36:15,AC34576324,AC69340085,309.02,NEFT,normal
T003794,2026-09-11T18:36:43,AC62664205,AC69117285,1126.07,UPI,normal
T003795,2026-09-11T18:37:08,AC78006237,AC79448796,500.00,UPI,structuring
T003796,2026-09-11T18:38:43,AC59217612,AC12426922,2008.89,UPI,normal
T003797,2026-09-11T18:39:18,AC70825377,AC59148289,182.02,UPI,normal
T003798,2026-09-11T18:39:35,AC16761851,AC79448796,500.00,UPI,structuring
T003799,2026-09-11T18:39:58,AC69819079,AC79448796,450.00,UPI,structuring
T003800,2026-09-11T18:40:57,AC17912728,AC52410090,597.59,UPI,normal
T003801,2026-09-11T18:43:59,AC76385704,AC79448796,495.00,UPI,structuring
T003802,2026-09-11T18:44:05,AC23793831,AC40026139,1616.64,NEFT,normal
T003803,2026-09-11T18:47:35,AC56625835,AC96363470,345.60,UPI,normal
T003804,2026-09-11T18:54:47,AC87097845,AC68224916,4864.00,UPI,normal
T003805,2026-09-11T19:03:13,AC70904451,AC79448796,500.00,UPI,structuring
T003806,2026-09-11T19:03:20,AC88248519,AC29190316,388.23,IMPS,normal
T003807,2026-09-11T19:05:04,AC15798969,AC79448796,500.00,UPI,structuring
T003808,2026-09-11T19:05:11,AC74780629,AC22374072,492.92,NEFT,normal
T003809,2026-09-11T19:05:17,AC88061052,AC40026139,657.78,UPI,normal
T003810,2026-09-11T19:05:23,AC68224916,AC39472579,449.85,NEFT,normal
T003811,2026-09-11T19:05:33,AC38558820,AC69340085,402.55,IMPS,normal
T003812,2026-09-11T19:05:52,AC34313000,AC79448796,500.00,UPI,structuring
T003813,2026-09-11T19:07:00,AC56171824,AC39472579,814.60,UPI,normal
T003814,2026-09-11T19:08:41,AC24690326,AC79448796,500.00,UPI,structuring
T003815,2026-09-11T19:10:25,AC39962626,AC39472579,876.66,IMPS,normal
T003816,2026-09-11T19:12:14,AC30287103,AC26421523,1451.98,UPI,normal
T003817,2026-09-11T19:12:29,AC66070842,AC79448796,500.00,UPI,structuring
T003818,2026-09-11T19:12:37,AC55520180,AC79448796,500.00,UPI,structuring
T003819,2026-09-11T19:16:36,AC18941925,AC79448796,500.00,UPI,structuring
T003820,2026-09-11T19:16:41,AC40675978,AC79448796,500.00,UPI,structuring
T003821,2026-09-11T19:18:09,AC82903368,AC40026139,482.99,NEFT,normal
T003822,2026-09-11T19:30:45,AC26331285,AC79448796,499.00,UPI,structuring
T003823,2026-09-11T19:31:23,AC17299905,AC79448796,500.00,UPI,structuring
T003824,2026-09-11T19:31:47,AC63428001,AC71561748,3171.01,UPI,normal
T003825,2026-09-11T19:33:16,AC89070818,AC99635023,12550.33,UPI,normal
T003826,2026-09-11T19:34:30,AC81281134,AC79448796,500.00,UPI,structuring
T003827,2026-09-11T19:37:58,AC16655764,AC72778440,549.19,UPI,normal
T003828,2026-09-11T19:41:23,AC64317606,AC79448796,450.00,UPI,structuring
T003829,2026-09-11T19:42:08,AC80721337,AC79448796,500.00,UPI,structuring
T003830,2026-09-11T19:42:52,AC52164119,AC57864027,1422.79,UPI,normal
T003831,2026-09-11T19:43:33,AC18941925,AC79448796,450.00,UPI,structuring
T003832,2026-09-11T19:45:50,AC14959258,AC79448796,500.00,UPI,structuring
T003833,2026-09-11T19:47:12,AC95153029,AC79448796,500.00,UPI,structuring
T003834,2026-09-11T19:48:24,AC73667109,AC71561748,551.10,IMPS,normal
T003835,2026-09-11T19:50:07,AC23618316,AC69340085,268.56,UPI,normal
T003836,2026-09-11T19:51:16,AC81924865,AC30729474,692.48,UPI,normal
T003837,2026-09-11T19:52:06,AC80721337,AC79448796,500.00,UPI,structuring
T003838,2026-09-11T19:52:15,AC98115205,AC79448796,500.00,UPI,structuring
T003839,2026-09-11T19:54:13,AC15798969,AC79448796,500.00,UPI,structuring
T003840,2026-09-11T19:55:10,AC37080875,AC79448796,500.00,UPI,structuring
T003841,2026-09-11T19:55:12,AC35215622,AC99635023,414.89,IMPS,normal
T003842,2026-09-11T19:56:13,AC13099855,AC66542771,261.86,IMPS,normal
T003843,2026-09-11T19:57:12,AC12474155,AC79448796,500.00,UPI,structuring
T003844,2026-09-11T19:58:05,AC21378775,AC29190316,441.36,IMPS,normal
T003845,2026-09-11T19:59:24,AC91354422,AC71561748,3026.32,UPI,normal
T003846,2026-09-11T19:59:56,AC81281134,AC22633303,1259.81,UPI,normal
T003847,2026-09-11T20:01:31,AC21527244,AC36272404,4099.18,UPI,normal
T003848,2026-09-11T20:13:43,AC83270296,AC79448796,500.00,UPI,structuring
T003849,2026-09-11T20:17:14,AC44970682,AC79448796,500.00,UPI,structuring
T003850,2026-09-11T20:18:24,AC38881120,AC79448796,500.00,UPI,structuring
T003851,2026-09-11T20:19:23,AC49655179,AC79448796,500.00,UPI,structuring
T003852,2026-09-11T20:19:41,AC79092953,AC79448796,500.00,UPI,structuring
T003853,2026-09-11T20:20:45,AC96290869,AC71561748,2952.69,UPI,normal
T003854,2026-09-11T20:21:47,AC36658926,AC79448796,500.00,UPI,structuring
T003855,2026-09-11T20:23:55,AC63428001,AC88592782,3205.00,UPI,normal
T003856,2026-09-11T20:26:22,AC53753544,AC30729474,770.52,NEFT,normal
T003857,2026-09-11T20:29:09,AC37631611,AC79448796,500.00,UPI,structuring
T003858,2026-09-11T20:31:42,AC91733095,AC69117285,2007.07,UPI,normal
T003859,2026-09-11T20:32:08,AC66455770,AC69117285,507.30,NEFT,normal
T003860,2026-09-11T20:32:51,AC42974546,AC79448796,500.00,UPI,structuring
T003861,2026-09-11T20:35:16,AC19229206,AC43971558,6199.07,UPI,normal
T003862,2026-09-11T20:36:03,AC51309941,AC79448796,500.00,UPI,structuring
T003863,2026-09-11T20:37:24,AC45951526,AC79448796,500.00,UPI,structuring
T003864,2026-09-11T20:38:07,AC21239731,AC79448796,500.00,UPI,structuring
T003865,2026-09-11T20:40:54,AC58153450,AC39472579,649.85,NEFT,normal
T003866,2026-09-11T20:47:12,AC37543491,AC12871813,4493.00,NEFT,normal
T003867,2026-09-11T20:47:19,AC27344259,AC79448796,500.00,UPI,structuring
T003868,2026-09-11T20:49:14,AC35428420,AC79448796,500.00,UPI,structuring
T003869,2026-09-11T20:49:42,AC74239549,AC29190316,358.56,UPI,normal
T003870,2026-09-11T20:51:16,AC93443625,AC79448796,500.00,UPI,structuring
T003871,2026-09-11T20:52:13,AC27388652,AC79448796,500.00,UPI,structuring
T003872,2026-09-11T20:52:30,AC31669330,AC79448796,500.00,UPI,structuring
T003873,2026-09-11T20:52:54,AC66673996,AC79448796,500.00,UPI,structuring
T003874,2026-09-11T20:54:05,AC91907998,AC40026139,949.27,UPI,normal
T003875,2026-09-11T20:55:58,AC68224916,AC19814103,262.98,UPI,normal
T003876,2026-09-11T20:57:11,AC12437810,AC79448796,500.00,UPI,structuring
T003877,2026-09-11T20:58:03,AC11549722,AC79448796,500.00,UPI,structuring
T003878,2026-09-11T21:00:10,AC17299905,AC79448796,495.00,UPI,structuring
T003879,2026-09-11T21:04:35,AC12510524,AC19814103,1394.31,UPI,normal
T003880,2026-09-11T21:05:56,AC24063279,AC79448796,500.00,UPI,structuring
T003881,2026-09-11T21:07:29,AC69819079,AC79448796,500.00,UPI,structuring
T003882,2026-09-11T21:07:51,AC77867728,AC79448796,500.00,UPI,structuring
T003883,2026-09-11T21:09:07,AC23741157,AC88295746,2421.00,NEFT,normal
T003884,2026-09-11T21:10:02,AC70002780,AC79448796,500.00,UPI,structuring
T003885,2026-09-11T21:10:43,AC31783965,AC31671607,684.77,UPI,normal
T003886,2026-09-11T21:10:48,AC12259115,AC79448796,495.00,UPI,structuring
T003887,2026-09-11T21:11:03,AC69819079,AC79448796,495.00,UPI,structuring
T003888,2026-09-11T21:11:03,AC46308897,AC79448796,500.00,UPI,structuring
T003889,2026-09-11T21:16:05,AC34313000,AC79448796,500.00,UPI,structuring
T003890,2026-09-11T21:16:22,AC17299905,AC79448796,500.00,UPI,structuring
T003891,2026-09-11T21:16:44,AC55520180,AC79448796,500.00,UPI,structuring
T003892,2026-09-11T21:17:33,AC79571586,AC69117285,3270.42,NEFT,normal
T003893,2026-09-11T21:17:42,AC56911734,AC42297987,185.84,UPI,normal
T003894,2026-09-11T21:17:43,AC97197858,AC65740154,4671.00,NEFT,normal
T003895,2026-09-11T21:19:05,AC33877318,AC79448796,500.00,UPI,structuring
T003896,2026-09-11T21:20:34,AC30306925,AC55515398,1088.92,NEFT,normal
T003897,2026-09-11T21:21:00,AC34576324,AC29190316,707.60,NEFT,normal
T003898,2026-09-11T21:22:14,AC83270296,AC79448796,500.00,UPI,structuring
T003899,2026-09-11T21:22:19,AC41132723,AC40026139,744.93,UPI,normal
T003900,2026-09-11T21:27:03,AC34367415,AC79448796,500.00,UPI,structuring
T003901,2026-09-11T21:28:00,AC77867728,AC79448796,500.00,UPI,structuring
T003902,2026-09-11T21:28:00,AC55997036,AC79448796,500.00,UPI,structuring
T003903,2026-09-11T21:30:44,AC45951526,AC79448796,500.00,UPI,structuring
T003904,2026-09-11T21:34:53,AC95153029,AC79448796,500.00,UPI,structuring
T003905,2026-09-11T21:35:36,AC21887116,AC79448796,500.00,UPI,structuring
T003906,2026-09-11T21:35:53,AC25716331,AC67917877,938.22,UPI,normal
T003907,2026-09-11T21:36:23,AC50937131,AC79448796,500.00,UPI,structuring
T003908,2026-09-11T21:36:51,AC91628191,AC79448796,500.00,UPI,structuring
T003909,2026-09-11T21:37:36,AC93760773,AC84363365,645.76,UPI,normal
T003910,2026-09-11T21:40:48,AC58530762,AC39472579,166.44,NEFT,normal
T003911,2026-09-11T21:41:15,AC77120755,AC79448796,500.00,UPI,structuring
T003912,2026-09-11T21:41:50,AC66070842,AC79448796,500.00,UPI,structuring
T003913,2026-09-11T21:41:54,AC12059721,AC79448796,500.00,UPI,structuring
T003914,2026-09-11T21:42:45,AC40811860,AC79448796,500.00,UPI,structuring
T003915,2026-09-11T21:43:26,AC22562241,AC71561748,2312.38,IMPS,normal
T003916,2026-09-11T21:45:30,AC57000147,AC99635023,627.18,NEFT,normal
T003917,2026-09-11T21:45:43,AC97255749,AC79448796,500.00,UPI,structuring
T003918,2026-09-11T21:49:30,AC88295746,AC69117285,3196.68,UPI,normal
T003919,2026-09-11T21:53:28,AC32329304,AC40026139,430.08,UPI,normal
T003920,2026-09-11T21:53:40,AC11911654,AC72778440,833.86,UPI,normal
T003921,2026-09-11T21:53:44,AC77264814,AC30729474,214.63,IMPS,normal
T003922,2026-09-11T21:54:03,AC44709914,AC79448796,500.00,UPI,structuring
T003923,2026-09-11T21:56:02,AC51874911,AC79448796,500.00,UPI,structuring
T003924,2026-09-11T21:56:42,AC49655179,AC79448796,490.00,UPI,structuring
T003925,2026-09-11T21:57:26,AC17299905,AC79448796,450.00,UPI,structuring
T003926,2026-09-11T21:58:58,AC97255749,AC79448796,500.00,UPI,structuring
T003927,2026-09-11T22:02:12,AC47455108,AC79448796,500.00,UPI,structuring
T003928,2026-09-11T22:02:46,AC19719255,AC79448796,500.00,UPI,structuring
T003929,2026-09-11T22:02:48,AC64317606,AC79448796,500.00,UPI,structuring
T003930,2026-09-11T22:05:32,AC43614663,AC79448796,495.00,UPI,structuring
T003931,2026-09-11T22:06:21,AC77867728,AC79448796,500.00,UPI,structuring
T003932,2026-09-11T22:06:49,AC98358257,AC79448796,490.00,UPI,structuring
T003933,2026-09-11T22:07:06,AC13740078,AC99635023,459.22,UPI,normal
T003934,2026-09-11T22:07:42,AC12437810,AC79448796,500.00,UPI,structuring
T003935,2026-09-11T22:08:06,AC95359381,AC79448796,499.00,UPI,structuring
T003936,2026-09-11T22:08:29,AC19375836,AC30729474,891.56,IMPS,normal
T003937,2026-09-11T22:08:42,AC78754679,AC79448796,500.00,UPI,structuring
T003938,2026-09-11T22:08:54,AC56171824,AC29190316,518.28,IMPS,normal
T003939,2026-09-11T22:09:47,AC51874911,AC79448796,500.00,UPI,structuring
T003940,2026-09-11T22:12:49,AC66070842,AC79448796,450.00,UPI,structuring
T003941,2026-09-11T22:14:03,AC83960561,AC79448796,500.00,UPI,structuring
T003942,2026-09-11T22:14:57,AC23896513,AC64198427,357.83,IMPS,normal
T003943,2026-09-11T22:15:30,AC98115205,AC79448796,500.00,UPI,structuring
T003944,2026-09-11T22:16:01,AC15798969,AC79448796,500.00,UPI,structuring
T003945,2026-09-11T22:18:06,AC53895707,AC79448796,500.00,UPI,structuring
T003946,2026-09-11T22:20:36,AC79358465,AC99635023,196.09,UPI,normal
T003947,2026-09-11T22:22:26,AC53752583,AC75399034,197.09,NEFT,normal
T003948,2026-09-11T22:23:34,AC54629703,AC30729474,527.77,UPI,normal
T003949,2026-09-11T22:23:54,AC78006237,AC79448796,500.00,UPI,structuring
T003950,2026-09-11T22:23:57,AC56574257,AC99635023,312.41,UPI,normal
T003951,2026-09-11T22:26:54,AC21397668,AC69340085,253.17,NEFT,normal
T003952,2026-09-11T22:28:26,AC69819079,AC79448796,500.00,UPI,structuring
T003953,2026-09-11T22:28:28,AC90836544,AC42297987,784.01,UPI,normal
T003954,2026-09-11T22:34:27,AC94378806,AC79448796,500.00,UPI,structuring
T003955,2026-09-11T22:35:28,AC70904451,AC79448796,500.00,UPI,structuring
T003956,2026-09-11T22:38:42,AC63428001,AC52751778,744.63,NEFT,normal
T003957,2026-09-11T22:39:05,AC51309941,AC79448796,500.00,UPI,structuring
T003958,2026-09-11T22:39:16,AC46230636,AC69117285,3620.99,UPI,normal
T003959,2026-09-11T22:41:55,AC46094290,AC79448796,500.00,UPI,structuring
T003960,2026-09-11T22:42:02,AC92306098,AC43971558,1105.29,UPI,normal
T003961,2026-09-11T22:43:37,AC27580355,AC26421523,2626.61,UPI,normal
T003962,2026-09-11T22:46:22,AC87832216,AC99635023,475.27,UPI,normal
T003963,2026-09-11T22:48:58,AC68202938,AC99635023,355.75,UPI,normal
T003964,2026-09-11T22:49:40,AC15798969,AC79448796,500.00,UPI,structuring
T003965,2026-09-11T22:49:53,AC13422671,AC62662255,2258.19,UPI,normal
T003966,2026-09-11T22:52:26,AC24264840,AC79448796,450.00,UPI,structuring
T003967,2026-09-11T22:52:28,AC39589952,AC39472579,1273.57,UPI,normal
T003968,2026-09-11T22:54:17,AC18302983,AC62662255,411.51,UPI,normal
T003969,2026-09-11T22:54:25,AC70025882,AC59117315,247.51,UPI,normal
T003970,2026-09-11T22:54:50,AC13697544,AC29190316,875.79,UPI,normal
T003971,2026-09-11T22:57:21,AC35428420,AC79448796,495.00,UPI,structuring
T003972,2026-09-11T22:57:45,AC55641228,AC22374072,722.07,UPI,normal
T003973,2026-09-12T07:02:31,AC50937131,AC79448796,500.00,UPI,structuring
T003974,2026-09-12T07:02:41,AC44970682,AC79448796,500.00,UPI,structuring
T003975,2026-09-12T07:04:30,AC46496546,AC79448796,500.00,UPI,structuring
T003976,2026-09-12T07:05:00,AC31783965,AC59148289,131.19,NEFT,normal
T003977,2026-09-12T07:06:12,AC30306925,AC84363365,108.55,IMPS,normal
T003978,2026-09-12T07:07:42,AC83589642,AC40026139,877.52,UPI,normal
T003979,2026-09-12T07:09:05,AC66599395,AC75399034,1987.22,IMPS,normal
T003980,2026-09-12T07:11:00,AC46496546,AC79448796,495.00,UPI,structuring
T003981,2026-09-12T07:11:20,AC77120755,AC79448796,500.00,UPI,structuring
T003982,2026-09-12T07:12:17,AC78754679,AC79448796,495.00,UPI,structuring
T003983,2026-09-12T07:17:25,AC77854192,AC52410090,2333.95,UPI,normal
T003984,2026-09-12T07:18:49,AC56573688,AC79448796,500.00,UPI,structuring
T003985,2026-09-12T07:20:48,AC11549722,AC79448796,500.00,UPI,structuring
T003986,2026-09-12T07:23:09,AC21527244,AC39472579,837.93,UPI,normal
T003987,2026-09-12T07:23:14,AC76385704,AC79448796,500.00,UPI,structuring
T003988,2026-09-12T07:24:02,AC23618316,AC78710461,3486.00,UPI,normal
T003989,2026-09-12T07:24:34,AC40811860,AC79448796,500.00,UPI,structuring
T003990,2026-09-12T07:25:30,AC30256261,AC19814103,273.94,NEFT,normal
T003991,2026-09-12T07:27:21,AC31669330,AC79448796,500.00,UPI,structuring
T003992,2026-09-12T07:29:49,AC89297484,AC66542771,663.41,IMPS,normal
T003993,2026-09-12T07:34:18,AC40811860,AC79448796,500.00,UPI,structuring
T003994,2026-09-12T07:35:46,AC38558820,AC55362865,675.09,IMPS,normal
T003995,2026-09-12T07:35:57,AC95153029,AC79448796,500.00,UPI,structuring
T003996,2026-09-12T07:36:52,AC23831903,AC52751778,188.25,UPI,normal
T003997,2026-09-12T07:38:55,AC69139937,AC99635023,305.88,IMPS,normal
T003998,2026-09-12T07:39:42,AC45643433,AC79448796,500.00,UPI,structuring
T003999,2026-09-12T07:41:01,AC79092953,AC79448796,495.00,UPI,structuring
T004000,2026-09-12T07:42:09,AC45494011,AC79448796,500.00,UPI,structuring
T004001,2026-09-12T07:42:53,AC51309941,AC79448796,500.00,UPI,structuring
T004002,2026-09-12T07:46:42,AC37080875,AC79448796,500.00,UPI,structuring
T004003,2026-09-12T07:49:17,AC18941925,AC79448796,500.00,UPI,structuring
T004004,2026-09-12T07:49:19,AC19719255,AC79448796,500.00,UPI,structuring
T004005,2026-09-12T07:52:52,AC21282512,AC79448796,500.00,UPI,structuring
T004006,2026-09-12T07:55:20,AC13028344,AC30729474,690.52,UPI,normal
T004007,2026-09-12T07:56:55,AC93742074,AC79448796,500.00,UPI,structuring
T004008,2026-09-12T07:59:14,AC78754679,AC79448796,500.00,UPI,structuring
T004009,2026-09-12T07:59:20,AC11549722,AC40026139,977.83,IMPS,normal
T004010,2026-09-12T07:59:29,AC46298660,AC79448796,500.00,UPI,structuring
T004011,2026-09-12T08:00:53,AC86583954,AC79448796,500.00,UPI,structuring
T004012,2026-09-12T08:01:50,AC44970682,AC79448796,500.00,UPI,structuring
T004013,2026-09-12T08:03:37,AC14959258,AC79448796,495.00,UPI,structuring
T004014,2026-09-12T08:04:33,AC74477539,AC99635023,3773.10,UPI,normal
T004015,2026-09-12T08:04:57,AC31669330,AC79448796,500.00,UPI,structuring
T004016,2026-09-12T08:07:03,AC66070842,AC79448796,500.00,UPI,structuring
T004017,2026-09-12T08:08:09,AC42002360,AC79448796,500.00,UPI,structuring
T004018,2026-09-12T08:08:29,AC56573688,AC79448796,500.00,UPI,structuring
T004019,2026-09-12T08:09:17,AC84231009,AC79448796,500.00,UPI,structuring
T004020,2026-09-12T08:09:24,AC39851095,AC79448796,500.00,UPI,structuring
T004021,2026-09-12T08:11:03,AC98358257,AC79448796,500.00,UPI,structuring
T004022,2026-09-12T08:11:05,AC49655179,AC79448796,500.00,UPI,structuring
T004023,2026-09-12T08:12:04,AC12259115,AC79448796,500.00,UPI,structuring
T004024,2026-09-12T08:12:25,AC36192056,AC30729474,807.49,UPI,normal
T004025,2026-09-12T08:12:43,AC95132904,AC79203339,764.79,UPI,normal
T004026,2026-09-12T08:16:22,AC62664205,AC99635023,709.92,UPI,normal
T004027,2026-09-12T08:16:48,AC28377915,AC52410090,996.32,IMPS,normal
T004028,2026-09-12T08:19:54,AC82021083,AC79448796,500.00,UPI,structuring
T004029,2026-09-12T08:21:12,AC27344259,AC79448796,500.00,UPI,structuring
T004030,2026-09-12T08:23:02,AC65740154,AC59148289,2171.94,UPI,normal
T004031,2026-09-12T08:23:04,AC79019441,AC79448796,500.00,UPI,structuring
T004032,2026-09-12T08:24:52,AC22007414,AC79448796,500.00,UPI,structuring
T004033,2026-09-12T08:27:01,AC78006237,AC79448796,450.00,UPI,structuring
T004034,2026-09-12T08:28:34,AC16761851,AC79448796,500.00,UPI,structuring
T004035,2026-09-12T08:29:26,AC15798969,AC79448796,500.00,UPI,structuring
T004036,2026-09-12T08:30:24,AC95359381,AC79448796,500.00,UPI,structuring
T004037,2026-09-12T08:31:59,AC73551145,AC59148289,3413.76,UPI,normal
T004038,2026-09-12T08:34:11,AC37631611,AC79448796,500.00,UPI,structuring
T004039,2026-09-12T08:34:49,AC38881120,AC79448796,500.00,UPI,structuring
T004040,2026-09-12T08:38:01,AC19722233,AC26616417,4646.00,UPI,normal
T004041,2026-09-12T08:38:04,AC12510524,AC84363365,540.83,NEFT,normal
T004042,2026-09-12T08:39:57,AC42974546,AC79448796,500.00,UPI,structuring
T004043,2026-09-12T08:41:57,AC17912728,AC75399034,2664.77,UPI,normal
T004044,2026-09-12T08:42:20,AC93443625,AC79448796,500.00,UPI,structuring
T004045,2026-09-12T08:44:21,AC17721077,AC79448796,500.00,UPI,structuring
T004046,2026-09-12T08:47:43,AC15313436,AC79448796,450.00,UPI,structuring
T004047,2026-09-12T08:48:10,AC30047826,AC79448796,500.00,UPI,structuring
T004048,2026-09-12T08:48:16,AC89297484,AC40026139,693.69,UPI,normal
T004049,2026-09-12T08:48:55,AC81281134,AC79448796,500.00,UPI,structuring
T004050,2026-09-12T08:49:01,AC98115205,AC79448796,499.00,UPI,structuring
T004051,2026-09-12T08:49:11,AC94378806,AC79448796,500.00,UPI,structuring
T004052,2026-09-12T08:49:42,AC42002360,AC79448796,500.00,UPI,structuring
T004053,2026-09-12T08:52:17,AC73667109,AC40026139,567.33,NEFT,normal
T004054,2026-09-12T08:52:55,AC83960561,AC79448796,490.00,UPI,structuring
T004055,2026-09-12T08:53:16,AC37080875,AC79448796,500.00,UPI,structuring
T004056,2026-09-12T08:54:11,AC24264840,AC79448796,500.00,UPI,structuring
T004057,2026-09-12T08:57:23,AC25146464,AC79448796,499.00,UPI,structuring
T004058,2026-09-12T08:58:08,AC45951526,AC79448796,500.00,UPI,structuring
T004059,2026-09-12T08:58:13,AC77867728,AC79448796,499.00,UPI,structuring
T004060,2026-09-12T08:59:33,AC82021083,AC79448796,495.00,UPI,structuring
T004061,2026-09-12T09:00:49,AC40970943,AC52410090,292.28,NEFT,normal
T004062,2026-09-12T09:03:21,AC51309941,AC79448796,500.00,UPI,structuring
T004063,2026-09-12T09:06:17,AC51874911,AC79448796,499.00,UPI,structuring
T004064,2026-09-12T09:06:36,AC66673996,AC79448796,500.00,UPI,structuring
T004065,2026-09-12T09:08:02,AC50937131,AC79448796,500.00,UPI,structuring
T004066,2026-09-12T09:09:15,AC35428420,AC79448796,500.00,UPI,structuring
T004067,2026-09-12T09:09:20,AC29938108,AC69340085,553.89,UPI,normal
T004068,2026-09-12T09:09:36,AC34313000,AC79448796,499.00,UPI,structuring
T004069,2026-09-12T09:09:56,AC13697544,AC21535642,4323.00,UPI,normal
T004070,2026-09-12T09:10:44,AC56647663,AC79448796,500.00,UPI,structuring
T004071,2026-09-12T09:11:20,AC18628964,AC79448796,500.00,UPI,structuring
T004072,2026-09-12T09:11:54,AC34256684,AC79203339,559.92,UPI,normal
T004073,2026-09-12T09:12:17,AC70002780,AC79448796,500.00,UPI,structuring
T004074,2026-09-12T09:12:35,AC75507385,AC29190316,1674.83,UPI,normal
T004075,2026-09-12T09:12:51,AC34313000,AC79448796,495.00,UPI,structuring
T004076,2026-09-12T09:16:23,AC44709914,AC79448796,500.00,UPI,structuring
T004077,2026-09-12T09:17:29,AC27423955,AC79448796,500.00,UPI,structuring
T004078,2026-09-12T09:17:50,AC76662562,AC26421523,1091.55,UPI,normal
T004079,2026-09-12T09:18:35,AC21527244,AC29190316,549.05,NEFT,normal
T004080,2026-09-12T09:20:02,AC95359381,AC79448796,500.00,UPI,structuring
T004081,2026-09-12T09:20:15,AC47502921,AC57864027,857.73,UPI,normal
T004082,2026-09-12T09:22:04,AC70241505,AC76640001,1094.00,NEFT,normal
T004083,2026-09-12T09:24:42,AC45494011,AC79448796,499.00,UPI,structuring
T004084,2026-09-12T09:26:17,AC35428420,AC79448796,500.00,UPI,structuring
T004085,2026-09-12T09:29:00,AC12059721,AC79448796,500.00,UPI,structuring
T004086,2026-09-12T09:29:10,AC57484087,AC35583179,521.00,UPI,normal
T004087,2026-09-12T09:29:15,AC56100526,AC55362865,149.23,UPI,normal
T004088,2026-09-12T09:30:16,AC45643433,AC79448796,500.00,UPI,structuring
T004089,2026-09-12T09:31:59,AC66599395,AC39472579,138.56,UPI,normal
T004090,2026-09-12T09:34:49,AC89297484,AC40026139,695.77,UPI,normal
T004091,2026-09-12T09:36:01,AC29619183,AC84363365,1843.32,NEFT,normal
T004092,2026-09-12T09:36:45,AC43614663,AC79448796,500.00,UPI,structuring
T004093,2026-09-12T09:36:48,AC76662562,AC96363470,417.99,UPI,normal
T004094,2026-09-12T09:40:19,AC72492024,AC29190316,3940.48,UPI,normal
T004095,2026-09-12T09:41:32,AC64485395,AC79448796,450.00,UPI,structuring
T004096,2026-09-12T09:42:20,AC86583954,AC79448796,500.00,UPI,structuring
T004097,2026-09-12T09:42:32,AC24063279,AC79448796,500.00,UPI,structuring
T004098,2026-09-12T09:42:53,AC66230047,AC72778440,1047.47,UPI,normal
T004099,2026-09-12T09:43:03,AC44709914,AC79448796,500.00,UPI,structuring
T004100,2026-09-12T09:46:06,AC11549722,AC79448796,495.00,UPI,structuring
T004101,2026-09-12T09:46:42,AC74160948,AC22633920,4877.00,IMPS,normal
T004102,2026-09-12T09:47:45,AC19437596,AC69340085,453.59,NEFT,normal
T004103,2026-09-12T09:50:56,AC80721337,AC79448796,495.00,UPI,structuring
T004104,2026-09-12T09:51:54,AC76140059,AC28422000,4573.68,UPI,normal
T004105,2026-09-12T09:51:56,AC98358257,AC79448796,500.00,UPI,structuring
T004106,2026-09-12T09:55:05,AC92418944,AC19814103,1025.19,NEFT,normal
T004107,2026-09-12T09:57:21,AC73721294,AC79448796,490.00,UPI,structuring
T004108,2026-09-12T09:57:58,AC18941925,AC79448796,500.00,UPI,structuring
T004109,2026-09-12T09:58:16,AC87097845,AC59148289,510.40,NEFT,normal
T004110,2026-09-12T09:59:43,AC56573688,AC79448796,500.00,UPI,structuring
T004111,2026-09-12T10:02:21,AC26487605,AC28689916,1349.00,UPI,normal
T004112,2026-09-12T10:02:34,AC52164119,AC40026139,2135.97,IMPS,normal
T004113,2026-09-12T10:03:41,AC73632401,AC31849997,1361.02,NEFT,normal
T004114,2026-09-12T10:05:39,AC77264814,AC40026139,616.79,NEFT,normal
T004115,2026-09-12T10:08:06,AC54246886,AC69340085,631.96,UPI,normal
T004116,2026-09-12T10:09:16,AC97255749,AC79448796,500.00,UPI,structuring
T004117,2026-09-12T10:11:06,AC97255749,AC79448796,500.00,UPI,structuring
T004118,2026-09-12T10:12:33,AC42130069,AC59148289,607.17,NEFT,normal
T004119,2026-09-12T10:13:01,AC27874421,AC39472579,676.18,UPI,normal
T004120,2026-09-12T10:13:43,AC84550146,AC67490644,1427.22,UPI,normal
T004121,2026-09-12T10:13:58,AC93443625,AC79448796,500.00,UPI,structuring
T004122,2026-09-12T10:14:07,AC67085086,AC79448796,500.00,UPI,structuring
T004123,2026-09-12T10:15:39,AC92891895,AC26421523,1765.99,UPI,normal
T004124,2026-09-12T10:16:07,AC89297484,AC99855030,2234.62,UPI,normal
T004125,2026-09-12T10:17:31,AC81380338,AC99635023,149.52,NEFT,normal
T004126,2026-09-12T10:17:33,AC94378806,AC79448796,500.00,UPI,structuring
T004127,2026-09-12T10:18:58,AC93443625,AC79448796,500.00,UPI,structuring
T004128,2026-09-12T10:23:02,AC87832216,AC59148289,766.23,UPI,normal
T004129,2026-09-12T10:23:33,AC24690326,AC79448796,500.00,UPI,structuring
T004130,2026-09-12T10:25:05,AC34313000,AC79448796,500.00,UPI,structuring
T004131,2026-09-12T10:25:49,AC19824854,AC66542771,340.42,UPI,normal
T004132,2026-09-12T10:26:13,AC66673996,AC79448796,500.00,UPI,structuring
T004133,2026-09-12T10:29:54,AC64317606,AC79448796,500.00,UPI,structuring
T004134,2026-09-12T10:32:42,AC27388652,AC79448796,500.00,UPI,structuring
T004135,2026-09-12T10:34:24,AC37080875,AC79448796,499.00,UPI,structuring
T004136,2026-09-12T10:36:07,AC18628964,AC79448796,500.00,UPI,structuring
T004137,2026-09-12T10:37:01,AC12474155,AC79448796,500.00,UPI,structuring
T004138,2026-09-12T10:37:46,AC26331285,AC79448796,500.00,UPI,structuring
T004139,2026-09-12T10:38:33,AC91628191,AC79448796,500.00,UPI,structuring
T004140,2026-09-12T10:39:32,AC50298754,AC59117315,975.08,UPI,normal
T004141,2026-09-12T10:40:04,AC40446731,AC67917877,1528.60,IMPS,normal
T004142,2026-09-12T10:40:44,AC70288912,AC59148289,785.04,UPI,normal
T004143,2026-09-12T10:42:49,AC45150991,AC79448796,500.00,UPI,structuring
T004144,2026-09-12T10:47:28,AC99686414,AC75399034,1141.60,UPI,normal
T004145,2026-09-12T10:51:13,AC76140059,AC98618129,3095.21,UPI,normal
T004146,2026-09-12T10:55:16,AC43614663,AC79448796,500.00,UPI,structuring
T004147,2026-09-12T10:55:22,AC93443625,AC79448796,500.00,UPI,structuring
T004148,2026-09-12T10:55:41,AC94378806,AC79448796,499.00,UPI,structuring
T004149,2026-09-12T10:56:30,AC27388652,AC79448796,500.00,UPI,structuring
T004150,2026-09-12T10:57:16,AC98115205,AC79448796,490.00,UPI,structuring
T004151,2026-09-12T10:57:36,AC38881120,AC79448796,500.00,UPI,structuring
T004152,2026-09-12T10:58:42,AC56647663,AC79448796,500.00,UPI,structuring
T004153,2026-09-12T10:59:34,AC81483341,AC26421523,3556.31,UPI,normal
T004154,2026-09-12T11:01:25,AC17912728,AC40026139,490.84,UPI,normal
T004155,2026-09-12T11:03:07,AC77120755,AC79448796,450.00,UPI,structuring
T004156,2026-09-12T11:09:29,AC12474155,AC79448796,500.00,UPI,structuring
T004157,2026-09-12T11:11:03,AC27388652,AC79448796,500.00,UPI,structuring
T004158,2026-09-12T11:11:11,AC81924865,AC99635023,754.25,NEFT,normal
T004159,2026-09-12T11:12:05,AC42974546,AC79448796,500.00,UPI,structuring
T004160,2026-09-12T11:13:45,AC62759119,AC79448796,500.00,UPI,structuring
T004161,2026-09-12T11:15:02,AC17721077,AC79448796,500.00,UPI,structuring
T004162,2026-09-12T11:15:41,AC18628964,AC79448796,500.00,UPI,structuring
T004163,2026-09-12T11:18:35,AC19719255,AC79448796,500.00,UPI,structuring
T004164,2026-09-12T11:20:55,AC38881120,AC79448796,500.00,UPI,structuring
T004165,2026-09-12T11:21:17,AC55520180,AC79448796,500.00,UPI,structuring
T004166,2026-09-12T11:21:38,AC14959258,AC79448796,500.00,UPI,structuring
T004167,2026-09-12T11:25:11,AC45150991,AC79448796,490.00,UPI,structuring
T004168,2026-09-12T11:25:50,AC44709914,AC79448796,500.00,UPI,structuring
T004169,2026-09-12T11:29:11,AC56573688,AC79448796,495.00,UPI,structuring
T004170,2026-09-12T11:30:51,AC56573688,AC79448796,500.00,UPI,structuring
T004171,2026-09-12T11:35:07,AC17299905,AC79448796,500.00,UPI,structuring
T004172,2026-09-12T11:37:43,AC53753544,AC99855030,420.78,IMPS,normal
T004173,2026-09-12T11:37:58,AC80721337,AC79448796,500.00,UPI,structuring
T004174,2026-09-12T11:41:25,AC48870700,AC84363365,275.20,IMPS,normal
T004175,2026-09-12T11:43:53,AC92891895,AC44811353,1190.00,UPI,normal
T004176,2026-09-12T11:49:56,AC59982352,AC30729474,342.63,IMPS,normal
T004177,2026-09-12T11:50:13,AC43614663,AC79448796,500.00,UPI,structuring
T004178,2026-09-12T11:53:47,AC10549434,AC63453132,471.27,IMPS,normal
T004179,2026-09-12T11:55:00,AC82021083,AC79448796,500.00,UPI,structuring
T004180,2026-09-12T11:56:32,AC64485395,AC79448796,500.00,UPI,structuring
T004181,2026-09-12T11:59:58,AC62992312,AC67917877,92.11,UPI,normal
T004182,2026-09-12T12:02:40,AC45150991,AC79448796,500.00,UPI,structuring
T004183,2026-09-12T12:06:12,AC36832537,AC31849997,1485.25,UPI,normal
T004184,2026-09-12T12:06:21,AC51554798,AC31849997,959.70,UPI,normal
T004185,2026-09-12T12:07:34,AC21239731,AC79448796,500.00,UPI,structuring
T004186,2026-09-12T12:07:47,AC93742074,AC79448796,500.00,UPI,structuring
T004187,2026-09-12T12:09:34,AC38881120,AC79448796,500.00,UPI,structuring
T004188,2026-09-12T12:10:16,AC76262352,AC59148289,324.79,NEFT,normal
T004189,2026-09-12T12:10:51,AC33877318,AC79448796,500.00,UPI,structuring
T004190,2026-09-12T12:11:54,AC38881120,AC79448796,500.00,UPI,structuring
T004191,2026-09-12T12:12:10,AC28377915,AC99635023,322.47,UPI,normal
T004192,2026-09-12T12:13:27,AC34367415,AC79448796,490.00,UPI,structuring
T004193,2026-09-12T12:14:23,AC31783965,AC29190316,1583.61,UPI,normal
T004194,2026-09-12T12:14:33,AC86583954,AC79448796,500.00,UPI,structuring
T004195,2026-09-12T12:14:44,AC25146464,AC79448796,500.00,UPI,structuring
T004196,2026-09-12T12:16:41,AC78754679,AC79448796,500.00,UPI,structuring
T004197,2026-09-12T12:16:56,AC45494011,AC79448796,500.00,UPI,structuring
T004198,2026-09-12T12:18:04,AC66070842,AC79448796,500.00,UPI,structuring
T004199,2026-09-12T12:21:07,AC56573688,AC79448796,500.00,UPI,structuring
T004200,2026-09-12T12:21:21,AC66070842,AC79448796,500.00,UPI,structuring
T004201,2026-09-12T12:23:03,AC55997036,AC79448796,500.00,UPI,structuring
T004202,2026-09-12T12:25:44,AC43857462,AC98618129,1197.83,UPI,normal
T004203,2026-09-12T12:26:23,AC88710264,AC67917877,295.19,UPI,normal
T004204,2026-09-12T12:27:15,AC34576324,AC30729474,1170.64,IMPS,normal
T004205,2026-09-12T12:28:22,AC46496546,AC79448796,500.00,UPI,structuring
T004206,2026-09-12T12:28:38,AC46496546,AC79448796,500.00,UPI,structuring
T004207,2026-09-12T12:28:52,AC73093067,AC40026139,1589.54,NEFT,normal
T004208,2026-09-12T12:31:51,AC79019441,AC79448796,495.00,UPI,structuring
T004209,2026-09-12T12:32:12,AC21138017,AC59148289,226.17,NEFT,normal
T004210,2026-09-12T12:33:28,AC52763335,AC59117315,679.81,UPI,normal
T004211,2026-09-12T12:33:58,AC79092953,AC79448796,500.00,UPI,structuring
T004212,2026-09-12T12:35:47,AC62148384,AC84363365,115.72,UPI,normal
T004213,2026-09-12T12:36:01,AC84231009,AC79448796,500.00,UPI,structuring
T004214,2026-09-12T12:36:03,AC77120755,AC79448796,500.00,UPI,structuring
T004215,2026-09-12T12:36:52,AC33960779,AC63453132,2119.72,NEFT,normal
T004216,2026-09-12T12:37:14,AC78754679,AC79448796,500.00,UPI,structuring
T004217,2026-09-12T12:39:08,AC84231009,AC79448796,500.00,UPI,structuring
T004218,2026-09-12T12:39:12,AC36658926,AC79448796,500.00,UPI,structuring
T004219,2026-09-12T12:41:24,AC18941925,AC79448796,500.00,UPI,structuring
T004220,2026-09-12T12:43:47,AC80490681,AC88592782,2556.00,UPI,normal
T004221,2026-09-12T12:46:51,AC37080875,AC79448796,500.00,UPI,structuring
T004222,2026-09-12T12:48:05,AC96290869,AC39472579,1295.68,UPI,normal
T004223,2026-09-12T12:49:08,AC58940600,AC62662255,936.86,NEFT,normal
T004224,2026-09-12T12:50:03,AC49655179,AC79448796,500.00,UPI,structuring
T004225,2026-09-12T12:51:44,AC95359381,AC79448796,490.00,UPI,structuring
T004226,2026-09-12T12:52:09,AC47840101,AC52410090,388.63,UPI,normal
T004227,2026-09-12T12:53:34,AC98115205,AC79448796,499.00,UPI,structuring
T004228,2026-09-12T12:54:56,AC48917884,AC79448796,495.00,UPI,structuring
T004229,2026-09-12T12:55:05,AC55987803,AC59148289,354.38,NEFT,normal
T004230,2026-09-12T12:59:15,AC79092953,AC79448796,500.00,UPI,structuring
T004231,2026-09-12T13:00:25,AC10527808,AC63453132,3163.16,UPI,normal
T004232,2026-09-12T13:02:44,AC95153029,AC79448796,495.00,UPI,structuring
T004233,2026-09-12T13:04:14,AC66673996,AC79448796,500.00,UPI,structuring
T004234,2026-09-12T13:04:41,AC24264840,AC79448796,500.00,UPI,structuring
T004235,2026-09-12T13:12:23,AC37631611,AC79448796,500.00,UPI,structuring
T004236,2026-09-12T13:13:01,AC59217612,AC43971558,5697.91,UPI,normal
T004237,2026-09-12T13:13:22,AC48917884,AC79448796,500.00,UPI,structuring
T004238,2026-09-12T13:13:56,AC91907998,AC84363365,195.19,NEFT,normal
T004239,2026-09-12T13:15:20,AC21138017,AC99635023,207.54,IMPS,normal
T004240,2026-09-12T13:15:39,AC86583954,AC79448796,500.00,UPI,structuring
T004241,2026-09-12T13:16:39,AC46496546,AC79448796,500.00,UPI,structuring
T004242,2026-09-12T13:20:46,AC78006237,AC79448796,500.00,UPI,structuring
T004243,2026-09-12T13:21:23,AC36658926,AC79448796,500.00,UPI,structuring
T004244,2026-09-12T13:22:53,AC77120755,AC79448796,490.00,UPI,structuring
T004245,2026-09-12T13:23:27,AC19375836,AC39472579,325.57,IMPS,normal
T004246,2026-09-12T13:27:20,AC28752741,AC79448796,500.00,UPI,structuring
T004247,2026-09-12T13:27:55,AC50937131,AC79448796,500.00,UPI,structuring
T004248,2026-09-12T13:28:19,AC67085086,AC79448796,500.00,UPI,structuring
T004249,2026-09-12T13:29:38,AC15313436,AC79448796,500.00,UPI,structuring
T004250,2026-09-12T13:30:56,AC74160468,AC40026139,2504.79,UPI,normal
T004251,2026-09-12T13:36:49,AC72492024,AC28422000,694.40,NEFT,normal
T004252,2026-09-12T13:36:55,AC98027796,AC67490644,161.01,IMPS,normal
T004253,2026-09-12T13:37:22,AC27550747,AC30729474,2698.46,UPI,normal
T004254,2026-09-12T13:41:39,AC23793831,AC40026139,455.93,UPI,normal
T004255,2026-09-12T13:46:04,AC78006237,AC79448796,500.00,UPI,structuring
T004256,2026-09-12T13:57:14,AC81751584,AC38019720,3313.00,UPI,normal
T004257,2026-09-12T13:58:13,AC14959258,AC79448796,500.00,UPI,structuring
T004258,2026-09-12T14:03:57,AC70002780,AC79448796,500.00,UPI,structuring
T004259,2026-09-12T14:05:36,AC63128543,AC63453132,333.94,UPI,normal
T004260,2026-09-12T14:07:31,AC77867728,AC79448796,500.00,UPI,structuring
T004261,2026-09-12T14:08:27,AC56647663,AC79448796,500.00,UPI,structuring
T004262,2026-09-12T14:08:58,AC46298660,AC79448796,500.00,UPI,structuring
T004263,2026-09-12T14:09:56,AC93742074,AC79448796,500.00,UPI,structuring
T004264,2026-09-12T14:13:05,AC79092953,AC79448796,500.00,UPI,structuring
T004265,2026-09-12T14:13:25,AC14959258,AC79448796,500.00,UPI,structuring
T004266,2026-09-12T14:14:52,AC79092953,AC79448796,500.00,UPI,structuring
T004267,2026-09-12T14:15:53,AC62472380,AC29190316,327.43,NEFT,normal
T004268,2026-09-12T14:17:52,AC12871813,AC66542771,984.06,UPI,normal
T004269,2026-09-12T14:17:56,AC41132723,AC30246633,31500.00,IMPS,normal
T004270,2026-09-12T14:18:12,AC12059721,AC79448796,500.00,UPI,structuring
T004271,2026-09-12T14:20:41,AC26331285,AC79448796,500.00,UPI,structuring
T004272,2026-09-12T14:22:10,AC68224916,AC50638453,473.20,NEFT,normal
T004273,2026-09-12T14:27:25,AC47369042,AC40026139,436.91,NEFT,normal
T004274,2026-09-12T14:27:52,AC31669330,AC79448796,500.00,UPI,structuring
T004275,2026-09-12T14:28:19,AC21887116,AC79448796,495.00,UPI,structuring
T004276,2026-09-12T14:28:24,AC29552354,AC55362865,628.42,UPI,normal
T004277,2026-09-12T14:29:13,AC18628964,AC79448796,500.00,UPI,structuring
T004278,2026-09-12T14:34:43,AC95359381,AC79448796,500.00,UPI,structuring
T004279,2026-09-12T14:35:16,AC85893910,AC79203339,270.35,NEFT,normal
T004280,2026-09-12T14:41:57,AC79019441,AC79448796,500.00,UPI,structuring
T004281,2026-09-12T14:43:53,AC25482486,AC40026139,1376.73,NEFT,normal
T004282,2026-09-12T14:44:52,AC70904451,AC79448796,500.00,UPI,structuring
T004283,2026-09-12T14:46:10,AC15313436,AC79448796,500.00,UPI,structuring
T004284,2026-09-12T14:50:13,AC79188088,AC52751778,767.35,UPI,normal
T004285,2026-09-12T14:53:41,AC48917884,AC79448796,500.00,UPI,structuring
T004286,2026-09-12T14:53:44,AC86583954,AC79448796,500.00,UPI,structuring
T004287,2026-09-12T14:53:44,AC79092953,AC79448796,500.00,UPI,structuring
T004288,2026-09-12T14:54:20,AC63746500,AC19736972,1143.27,IMPS,normal
T004289,2026-09-12T14:54:52,AC24063279,AC79448796,500.00,UPI,structuring
T004290,2026-09-12T15:00:11,AC70002780,AC79448796,500.00,UPI,structuring
T004291,2026-09-12T15:02:06,AC91847639,AC40026139,774.37,UPI,normal
T004292,2026-09-12T15:02:41,AC34608019,AC79448796,500.00,UPI,structuring
T004293,2026-09-12T15:07:25,AC55520180,AC79448796,500.00,UPI,structuring
T004294,2026-09-12T15:09:02,AC12437810,AC79448796,500.00,UPI,structuring
T004295,2026-09-12T15:09:31,AC82021083,AC79448796,500.00,UPI,structuring
T004296,2026-09-12T15:10:11,AC56573688,AC79448796,500.00,UPI,structuring
T004297,2026-09-12T15:11:15,AC66238912,AC43971558,107.70,UPI,normal
T004298,2026-09-12T15:11:34,AC36658926,AC79448796,500.00,UPI,structuring
T004299,2026-09-12T15:11:59,AC66978001,AC59117315,2094.48,UPI,normal
T004300,2026-09-12T15:12:12,AC45150991,AC79448796,490.00,UPI,structuring
T004301,2026-09-12T15:12:14,AC79019441,AC79448796,500.00,UPI,structuring
T004302,2026-09-12T15:15:07,AC68005893,AC79448796,500.00,UPI,structuring
T004303,2026-09-12T15:15:09,AC31667923,AC63453132,348.09,UPI,normal
T004304,2026-09-12T15:16:46,AC49655179,AC79448796,500.00,UPI,structuring
T004305,2026-09-12T15:17:20,AC44709914,AC79448796,500.00,UPI,structuring
T004306,2026-09-12T15:17:44,AC69139937,AC40026139,277.42,IMPS,normal
T004307,2026-09-12T15:20:50,AC29552354,AC63453132,3205.09,IMPS,normal
T004308,2026-09-12T15:24:01,AC70002780,AC79448796,500.00,UPI,structuring
T004309,2026-09-12T15:25:04,AC95359381,AC79448796,500.00,UPI,structuring
T004310,2026-09-12T15:26:45,AC81924865,AC36272404,1814.00,IMPS,normal
T004311,2026-09-12T15:28:26,AC71967692,AC39472579,651.91,UPI,normal
T004312,2026-09-12T15:28:51,AC95341298,AC55515398,2595.45,UPI,normal
T004313,2026-09-12T15:29:01,AC43857462,AC19814103,504.77,UPI,normal
T004314,2026-09-12T15:30:01,AC70002780,AC79448796,500.00,UPI,structuring
T004315,2026-09-12T15:31:36,AC27423955,AC79448796,500.00,UPI,structuring
T004316,2026-09-12T15:31:45,AC37631611,AC79448796,500.00,UPI,structuring
T004317,2026-09-12T15:35:33,AC93742074,AC79448796,500.00,UPI,structuring
T004318,2026-09-12T15:39:28,AC91628191,AC79448796,500.00,UPI,structuring
T004319,2026-09-12T15:41:51,AC46298660,AC79448796,500.00,UPI,structuring
T004320,2026-09-12T15:41:56,AC47502921,AC69340085,427.13,UPI,normal
T004321,2026-09-12T15:42:38,AC27388652,AC79448796,500.00,UPI,structuring
T004322,2026-09-12T15:43:37,AC45643433,AC79448796,500.00,UPI,structuring
T004323,2026-09-12T15:43:43,AC68005893,AC79448796,500.00,UPI,structuring
T004324,2026-09-12T15:44:15,AC45643433,AC79448796,500.00,UPI,structuring
T004325,2026-09-12T15:44:25,AC66070842,AC79448796,500.00,UPI,structuring
T004326,2026-09-12T15:44:46,AC76385704,AC79448796,499.00,UPI,structuring
T004327,2026-09-12T15:44:47,AC47455108,AC79448796,500.00,UPI,structuring
T004328,2026-09-12T15:45:33,AC45150991,AC79448796,500.00,UPI,structuring
T004329,2026-09-12T15:46:54,AC83960561,AC79448796,499.00,UPI,structuring
T004330,2026-09-12T15:47:21,AC76662562,AC66542771,584.77,UPI,normal
T004331,2026-09-12T15:47:50,AC42002360,AC79448796,500.00,UPI,structuring
T004332,2026-09-12T15:48:23,AC21282512,AC79448796,500.00,UPI,structuring
T004333,2026-09-12T15:49:21,AC38816302,AC50638453,559.80,NEFT,normal
T004334,2026-09-12T15:49:35,AC36658926,AC79448796,500.00,UPI,structuring
T004335,2026-09-12T15:52:55,AC93082061,AC67917877,521.67,NEFT,normal
T004336,2026-09-12T15:54:27,AC56573688,AC79448796,495.00,UPI,structuring
T004337,2026-09-12T15:56:08,AC21643368,AC50638453,913.27,UPI,normal
T004338,2026-09-12T15:58:10,AC51403729,AC89070818,4382.00,NEFT,normal
T004339,2026-09-12T15:59:43,AC32420002,AC39472579,1024.24,NEFT,normal
T004340,2026-09-12T16:01:06,AC77867728,AC79448796,500.00,UPI,structuring
T004341,2026-09-12T16:06:00,AC30047826,AC79448796,500.00,UPI,structuring
T004342,2026-09-12T16:08:14,AC95153029,AC79448796,500.00,UPI,structuring
T004343,2026-09-12T16:08:17,AC45494011,AC79448796,500.00,UPI,structuring
T004344,2026-09-12T16:08:29,AC51309941,AC79448796,499.00,UPI,structuring
T004345,2026-09-12T16:08:39,AC87457446,AC40026139,578.78,UPI,normal
T004346,2026-09-12T16:09:22,AC50234045,AC55515398,416.10,UPI,normal
T004347,2026-09-12T16:09:52,AC56625835,AC72778440,1386.77,UPI,normal
T004348,2026-09-12T16:11:12,AC77330181,AC99635023,672.97,UPI,normal
T004349,2026-09-12T16:11:54,AC11549722,AC79448796,500.00,UPI,structuring
T004350,2026-09-12T16:11:55,AC36832537,AC30729474,421.93,UPI,normal
T004351,2026-09-12T16:11:56,AC51874911,AC79448796,500.00,UPI,structuring
T004352,2026-09-12T16:11:56,AC46298660,AC79448796,450.00,UPI,structuring
T004353,2026-09-12T16:12:31,AC21282512,AC79448796,500.00,UPI,structuring
T004354,2026-09-12T16:15:19,AC16761851,AC79448796,500.00,UPI,structuring
T004355,2026-09-12T16:16:01,AC25146464,AC79448796,500.00,UPI,structuring
T004356,2026-09-12T16:18:57,AC18628964,AC79448796,500.00,UPI,structuring
T004357,2026-09-12T16:19:35,AC77264814,AC64198427,761.25,UPI,normal
T004358,2026-09-12T16:24:05,AC83960561,AC79448796,500.00,UPI,structuring
T004359,2026-09-12T16:25:19,AC19719255,AC79448796,490.00,UPI,structuring
T004360,2026-09-12T16:26:22,AC21887116,AC79448796,500.00,UPI,structuring
T004361,2026-09-12T16:27:44,AC70904451,AC79448796,500.00,UPI,structuring
T004362,2026-09-12T16:29:02,AC12437810,AC79448796,500.00,UPI,structuring
T004363,2026-09-12T16:31:49,AC55997036,AC79448796,500.00,UPI,structuring
T004364,2026-09-12T16:32:14,AC21535642,AC96319863,883.00,UPI,normal
T004365,2026-09-12T16:33:28,AC12059721,AC79448796,500.00,UPI,structuring
T004366,2026-09-12T16:34:27,AC46298660,AC79448796,500.00,UPI,structuring
T004367,2026-09-12T16:36:38,AC42002360,AC79448796,500.00,UPI,structuring
T004368,2026-09-12T16:37:19,AC78006237,AC79448796,500.00,UPI,structuring
T004369,2026-09-12T16:38:39,AC15313436,AC79448796,500.00,UPI,structuring
T004370,2026-09-12T16:40:39,AC38881120,AC79448796,450.00,UPI,structuring
T004371,2026-09-12T16:40:55,AC58530762,AC42297987,472.10,UPI,normal
T004372,2026-09-12T16:42:21,AC24690326,AC79448796,500.00,UPI,structuring
T004373,2026-09-12T16:42:48,AC50234045,AC29190316,570.82,UPI,normal
T004374,2026-09-12T16:45:55,AC40675978,AC79448796,500.00,UPI,structuring
T004375,2026-09-12T16:49:33,AC21282512,AC79448796,500.00,UPI,structuring
T004376,2026-09-12T16:49:55,AC70904451,AC79448796,500.00,UPI,structuring
T004377,2026-09-12T16:51:26,AC12474155,AC79448796,500.00,UPI,structuring
T004378,2026-09-12T16:52:43,AC98358257,AC79448796,500.00,UPI,structuring
T004379,2026-09-12T16:53:46,AC74353833,AC52751778,938.68,UPI,normal
T004380,2026-09-12T16:54:51,AC70904451,AC79448796,500.00,UPI,structuring
T004381,2026-09-12T16:55:04,AC47840101,AC55515398,192.94,UPI,normal
T004382,2026-09-12T16:58:32,AC37080875,AC79448796,500.00,UPI,structuring
T004383,2026-09-12T16:58:45,AC34313000,AC79448796,500.00,UPI,structuring
T004384,2026-09-12T17:00:40,AC82021083,AC79448796,500.00,UPI,structuring
T004385,2026-09-12T17:01:11,AC40675978,AC79448796,490.00,UPI,structuring
T004386,2026-09-12T17:01:44,AC82021083,AC79448796,500.00,UPI,structuring
T004387,2026-09-12T17:02:03,AC24690326,AC79448796,500.00,UPI,structuring
T004388,2026-09-12T17:03:05,AC55997036,AC79448796,500.00,UPI,structuring
T004389,2026-09-12T17:03:23,AC24264840,AC79448796,500.00,UPI,structuring
T004390,2026-09-12T17:05:17,AC27388652,AC79448796,500.00,UPI,structuring
T004391,2026-09-12T17:16:44,AC40432459,AC52751778,575.76,UPI,normal
T004392,2026-09-12T17:18:46,AC86583954,AC79448796,500.00,UPI,structuring
T004393,2026-09-12T17:20:38,AC97255749,AC79448796,500.00,UPI,structuring
T004394,2026-09-12T17:20:51,AC76385704,AC79448796,500.00,UPI,structuring
T004395,2026-09-12T17:26:06,AC47369042,AC29190316,515.35,UPI,normal
T004396,2026-09-12T17:28:14,AC50234045,AC59148289,368.89,UPI,normal
T004397,2026-09-12T17:28:30,AC27388652,AC79448796,500.00,UPI,structuring
T004398,2026-09-12T17:31:14,AC83270296,AC79448796,500.00,UPI,structuring
T004399,2026-09-12T17:31:19,AC91628191,AC79448796,500.00,UPI,structuring
T004400,2026-09-12T17:31:25,AC83960561,AC79448796,500.00,UPI,structuring
T004401,2026-09-12T17:31:27,AC14959258,AC79448796,500.00,UPI,structuring
T004402,2026-09-12T17:31:36,AC70002780,AC79448796,500.00,UPI,structuring
T004403,2026-09-12T17:32:36,AC16761851,AC79448796,500.00,UPI,structuring
T004404,2026-09-12T17:36:20,AC76140059,AC20986393,2039.00,IMPS,normal
T004405,2026-09-12T17:37:21,AC76453392,AC40026139,932.25,NEFT,normal
T004406,2026-09-12T17:39:01,AC28689916,AC77330181,1748.00,UPI,normal
T004407,2026-09-12T17:40:31,AC34313000,AC79448796,495.00,UPI,structuring
T004408,2026-09-12T17:41:19,AC68005893,AC79448796,500.00,UPI,structuring
T004409,2026-09-12T17:43:23,AC57484087,AC40026139,305.89,NEFT,normal
T004410,2026-09-12T17:43:27,AC40675978,AC79448796,450.00,UPI,structuring
T004411,2026-09-12T17:45:32,AC31669330,AC79448796,495.00,UPI,structuring
T004412,2026-09-12T17:47:38,AC19824854,AC42297987,659.47,IMPS,normal
T004413,2026-09-12T17:48:00,AC19229206,AC57864027,951.50,NEFT,normal
T004414,2026-09-12T17:48:18,AC25846520,AC40026139,469.01,UPI,normal
T004415,2026-09-12T17:49:56,AC23715389,AC99635023,3250.40,UPI,normal
T004416,2026-09-12T17:50:17,AC77867728,AC79448796,500.00,UPI,structuring
T004417,2026-09-12T17:53:15,AC99686414,AC17784483,590.00,UPI,normal
T004418,2026-09-12T17:55:16,AC70002780,AC79448796,500.00,UPI,structuring
T004419,2026-09-12T17:55:41,AC27344259,AC79448796,500.00,UPI,structuring
T004420,2026-09-12T17:57:03,AC25146464,AC79448796,500.00,UPI,structuring
T004421,2026-09-12T17:58:38,AC53895707,AC79448796,500.00,UPI,structuring
T004422,2026-09-12T17:58:51,AC97255749,AC79448796,500.00,UPI,structuring
T004423,2026-09-12T17:59:18,AC51874911,AC79448796,500.00,UPI,structuring
T004424,2026-09-12T17:59:51,AC98115205,AC79448796,500.00,UPI,structuring
T004425,2026-09-12T18:00:21,AC12259115,AC79448796,500.00,UPI,structuring
T004426,2026-09-12T18:02:53,AC64485395,AC79448796,500.00,UPI,structuring
T004427,2026-09-12T18:03:56,AC45951526,AC79448796,500.00,UPI,structuring
T004428,2026-09-12T18:04:43,AC98358257,AC79448796,500.00,UPI,structuring
T004429,2026-09-12T18:05:58,AC21282512,AC79448796,500.00,UPI,structuring
T004430,2026-09-12T18:07:31,AC34608019,AC79448796,500.00,UPI,structuring
T004431,2026-09-12T18:08:13,AC66230047,AC40026139,1783.04,UPI,normal
T004432,2026-09-12T18:09:31,AC88295746,AC99635023,646.22,NEFT,normal
T004433,2026-09-12T18:10:59,AC38019720,AC36272404,557.19,IMPS,normal
T004434,2026-09-12T18:11:15,AC90836544,AC59117315,3015.48,UPI,normal
T004435,2026-09-12T18:11:53,AC84231009,AC79448796,500.00,UPI,structuring
T004436,2026-09-12T18:13:28,AC71967692,AC99635023,370.64,NEFT,normal
T004437,2026-09-12T18:13:57,AC40432459,AC28422000,631.85,UPI,normal
T004438,2026-09-12T18:15:46,AC16252221,AC39472579,925.53,UPI,normal
T004439,2026-09-12T18:16:11,AC46308897,AC79448796,500.00,UPI,structuring
T004440,2026-09-12T18:16:19,AC95153029,AC79448796,500.00,UPI,structuring
T004441,2026-09-12T18:17:00,AC58530762,AC26421523,425.76,UPI,normal
T004442,2026-09-12T18:18:35,AC24063279,AC79448796,450.00,UPI,structuring
T004443,2026-09-12T18:19:18,AC18941925,AC79448796,500.00,UPI,structuring
T004444,2026-09-12T18:20:55,AC76437986,AC79448796,500.00,UPI,structuring
T004445,2026-09-12T18:21:00,AC66978001,AC52410090,1287.84,UPI,normal
T004446,2026-09-12T18:23:00,AC67783637,AC29190316,371.04,UPI,normal
T004447,2026-09-12T18:25:35,AC12437810,AC79448796,500.00,UPI,structuring
T004448,2026-09-12T18:29:45,AC18354761,AC40026139,594.22,UPI,normal
T004449,2026-09-12T18:29:47,AC30246633,AC73667109,30600.00,IMPS,normal
T004450,2026-09-12T18:31:24,AC47203213,AC55515398,387.69,NEFT,normal
T004451,2026-09-12T18:32:57,AC94378806,AC79448796,500.00,UPI,structuring
T004452,2026-09-12T18:33:36,AC98384612,AC39472579,820.90,UPI,normal
T004453,2026-09-12T18:33:52,AC35583179,AC29190316,213.12,NEFT,normal
T004454,2026-09-12T18:33:59,AC24063279,AC79448796,495.00,UPI,structuring
T004455,2026-09-12T18:36:50,AC17299905,AC79448796,495.00,UPI,structuring
T004456,2026-09-12T18:37:31,AC31669330,AC79448796,500.00,UPI,structuring
T004457,2026-09-12T18:39:04,AC40811860,AC79448796,500.00,UPI,structuring
T004458,2026-09-12T18:40:21,AC79019441,AC79448796,495.00,UPI,structuring
T004459,2026-09-12T18:42:38,AC62148384,AC99635023,993.74,IMPS,normal
T004460,2026-09-12T18:43:35,AC12437810,AC79448796,500.00,UPI,structuring
T004461,2026-09-12T18:44:09,AC53464097,AC66119495,4176.00,UPI,normal
T004462,2026-09-12T18:48:10,AC14959258,AC79448796,500.00,UPI,structuring
T004463,2026-09-12T18:48:33,AC40432459,AC39936146,2297.00,UPI,normal
T004464,2026-09-12T18:49:11,AC73721294,AC79448796,500.00,UPI,structuring
T004465,2026-09-12T18:49:47,AC53895707,AC79448796,500.00,UPI,structuring
T004466,2026-09-12T18:53:36,AC46308897,AC79448796,500.00,UPI,structuring
T004467,2026-09-12T18:56:32,AC98115205,AC79448796,500.00,UPI,structuring
T004468,2026-09-12T18:59:57,AC62759119,AC79448796,495.00,UPI,structuring
T004469,2026-09-12T19:00:41,AC56647663,AC79448796,500.00,UPI,structuring
T004470,2026-09-12T19:00:42,AC73551145,AC40026139,665.45,UPI,normal
T004471,2026-09-12T19:02:01,AC81366283,AC42297987,925.93,UPI,normal
T004472,2026-09-12T19:03:00,AC17299905,AC79448796,500.00,UPI,structuring
T004473,2026-09-12T19:03:14,AC53752583,AC57864027,424.90,IMPS,normal
T004474,2026-09-12T19:03:19,AC94378806,AC79448796,500.00,UPI,structuring
T004475,2026-09-12T19:04:39,AC34608019,AC79448796,500.00,UPI,structuring
T004476,2026-09-12T19:04:55,AC17721077,AC79448796,500.00,UPI,structuring
T004477,2026-09-12T19:05:06,AC97366946,AC59148289,2562.39,UPI,normal
T004478,2026-09-12T19:05:19,AC43857462,AC67917877,358.63,NEFT,normal
T004479,2026-09-12T19:07:04,AC17721077,AC79448796,450.00,UPI,structuring
T004480,2026-09-12T19:07:36,AC55987803,AC52751778,548.89,IMPS,normal
T004481,2026-09-12T19:09:53,AC35428420,AC79448796,499.00,UPI,structuring
T004482,2026-09-12T19:11:18,AC17933677,AC52410090,775.11,IMPS,normal
T004483,2026-09-12T19:11:31,AC45150991,AC79448796,500.00,UPI,structuring
T004484,2026-09-12T19:14:05,AC45951526,AC79448796,500.00,UPI,structuring
T004485,2026-09-12T19:15:41,AC12259115,AC79448796,500.00,UPI,structuring
T004486,2026-09-12T19:17:00,AC18302983,AC30729474,507.86,UPI,normal
T004487,2026-09-12T19:19:04,AC59081935,AC99635023,134.75,UPI,normal
T004488,2026-09-12T19:21:28,AC67085086,AC79448796,500.00,UPI,structuring
T004489,2026-09-12T19:27:03,AC50234045,AC72778440,195.32,IMPS,normal
T004490,2026-09-12T19:28:06,AC22007414,AC79448796,500.00,UPI,structuring
T004491,2026-09-12T19:30:01,AC36658926,AC79448796,500.00,UPI,structuring
T004492,2026-09-12T19:31:01,AC18941925,AC79448796,500.00,UPI,structuring
T004493,2026-09-12T19:31:15,AC95153029,AC79448796,500.00,UPI,structuring
T004494,2026-09-12T19:32:25,AC94378806,AC79448796,500.00,UPI,structuring
T004495,2026-09-12T19:35:29,AC63128543,AC30729474,409.64,IMPS,normal
T004496,2026-09-12T19:35:34,AC93094361,AC59117315,479.70,NEFT,normal
T004497,2026-09-12T19:35:54,AC91354422,AC37543491,4734.00,UPI,normal
T004498,2026-09-12T19:35:55,AC21887116,AC79448796,495.00,UPI,structuring
T004499,2026-09-12T19:38:59,AC78754679,AC79448796,499.00,UPI,structuring
T004500,2026-09-12T19:39:59,AC50298754,AC30729474,2749.05,UPI,normal
T004501,2026-09-12T19:40:39,AC35428420,AC79448796,500.00,UPI,structuring
T004502,2026-09-12T19:44:50,AC29676659,AC19722233,3134.00,NEFT,normal
T004503,2026-09-12T19:45:49,AC21282512,AC79448796,500.00,UPI,structuring
T004504,2026-09-12T19:45:56,AC57000147,AC99635023,1062.19,NEFT,normal
T004505,2026-09-12T19:47:18,AC18628964,AC79448796,500.00,UPI,structuring
T004506,2026-09-12T19:48:12,AC76385704,AC79448796,495.00,UPI,structuring
T004507,2026-09-12T19:48:48,AC67085086,AC79448796,500.00,UPI,structuring
T004508,2026-09-12T19:49:44,AC64317606,AC79448796,500.00,UPI,structuring
T004509,2026-09-12T19:50:15,AC95153029,AC79448796,500.00,UPI,structuring
T004510,2026-09-12T19:50:32,AC69819079,AC79448796,490.00,UPI,structuring
T004511,2026-09-12T19:50:33,AC97255749,AC79448796,500.00,UPI,structuring
T004512,2026-09-12T19:53:13,AC95149012,AC75399034,779.74,NEFT,normal
T004513,2026-09-12T19:54:48,AC27388652,AC79448796,499.00,UPI,structuring
T004514,2026-09-12T19:55:19,AC61780050,AC63453132,2048.54,UPI,normal
T004515,2026-09-12T19:55:59,AC45150991,AC67490644,1217.75,UPI,normal
T004516,2026-09-12T19:57:06,AC16761851,AC79448796,450.00,UPI,structuring
T004517,2026-09-12T19:57:18,AC74939188,AC99635023,283.50,UPI,normal
T004518,2026-09-12T19:58:02,AC95132904,AC69340085,285.17,NEFT,normal
T004519,2026-09-12T19:58:17,AC45494011,AC79448796,500.00,UPI,structuring
T004520,2026-09-12T19:59:01,AC73721294,AC79448796,500.00,UPI,structuring
T004521,2026-09-12T19:59:05,AC12059721,AC79448796,500.00,UPI,structuring
T004522,2026-09-12T19:59:11,AC95359381,AC79448796,500.00,UPI,structuring
T004523,2026-09-12T20:02:02,AC50937131,AC79448796,500.00,UPI,structuring
T004524,2026-09-12T20:03:03,AC12259115,AC79448796,490.00,UPI,structuring
T004525,2026-09-12T20:03:38,AC35428420,AC79448796,500.00,UPI,structuring
T004526,2026-09-12T20:03:41,AC10031310,AC82023741,2975.00,UPI,normal
T004527,2026-09-12T20:06:57,AC26331285,AC79448796,500.00,UPI,structuring
T004528,2026-09-12T20:08:04,AC37543491,AC62662255,1618.63,IMPS,normal
T004529,2026-09-12T20:09:55,AC91628191,AC79448796,500.00,UPI,structuring
T004530,2026-09-12T20:11:02,AC76453392,AC57864027,470.78,UPI,normal
T004531,2026-09-12T20:12:59,AC76385704,AC79448796,500.00,UPI,structuring
T004532,2026-09-12T20:14:49,AC26843185,AC79203339,371.14,UPI,normal
T004533,2026-09-12T20:16:15,AC56625835,AC59148289,1856.23,IMPS,normal
T004534,2026-09-12T20:19:30,AC12510524,AC79203339,3146.01,UPI,normal
T004535,2026-09-12T20:20:39,AC83589642,AC40026139,561.31,UPI,normal
T004536,2026-09-12T20:21:58,AC18628964,AC79448796,500.00,UPI,structuring
T004537,2026-09-12T20:23:45,AC14959258,AC79448796,500.00,UPI,structuring
T004538,2026-09-12T20:25:14,AC45951526,AC79448796,500.00,UPI,structuring
T004539,2026-09-12T20:25:38,AC24241764,AC52410090,724.37,UPI,normal
T004540,2026-09-12T20:26:17,AC34313000,AC79448796,500.00,UPI,structuring
T004541,2026-09-12T20:28:05,AC14959258,AC79448796,450.00,UPI,structuring
T004542,2026-09-12T20:29:10,AC32420002,AC59148289,566.43,UPI,normal
T004543,2026-09-12T20:30:00,AC23793831,AC62662255,997.44,UPI,normal
T004544,2026-09-12T20:30:39,AC27344259,AC79448796,500.00,UPI,structuring
T004545,2026-09-12T20:32:46,AC96290869,AC36272404,771.64,UPI,normal
T004546,2026-09-12T20:33:16,AC45494011,AC79448796,500.00,UPI,structuring
T004547,2026-09-12T20:33:32,AC33651543,AC42297987,1228.68,UPI,normal
T004548,2026-09-12T20:33:35,AC30926211,AC23618316,3459.00,UPI,normal
T004549,2026-09-12T20:35:26,AC51309941,AC79448796,500.00,UPI,structuring
T004550,2026-09-12T20:35:27,AC79019441,AC79448796,500.00,UPI,structuring
T004551,2026-09-12T20:35:28,AC83517017,AC38546741,4133.21,UPI,normal
T004552,2026-09-12T20:36:13,AC56647663,AC79448796,500.00,UPI,structuring
T004553,2026-09-12T20:37:07,AC79476293,AC99635023,2081.35,UPI,normal
T004554,2026-09-12T20:38:16,AC95359381,AC79448796,500.00,UPI,structuring
T004555,2026-09-12T20:39:14,AC56100526,AC72778440,703.36,UPI,normal
T004556,2026-09-12T20:39:18,AC15313436,AC79448796,500.00,UPI,structuring
T004557,2026-09-12T20:39:55,AC45951526,AC79448796,500.00,UPI,structuring
T004558,2026-09-12T20:40:44,AC92083983,AC59117315,1433.54,UPI,normal
T004559,2026-09-12T20:40:51,AC78006237,AC79448796,500.00,UPI,structuring
T004560,2026-09-12T20:42:23,AC76437986,AC79448796,500.00,UPI,structuring
T004561,2026-09-12T20:45:00,AC72544046,AC30729474,379.86,UPI,normal
T004562,2026-09-12T20:53:01,AC81281134,AC79448796,500.00,UPI,structuring
T004563,2026-09-12T20:55:03,AC79188088,AC26421523,1220.33,UPI,normal
T004564,2026-09-12T20:55:34,AC10527808,AC30729474,415.49,UPI,normal
T004565,2026-09-12T20:57:23,AC21282512,AC79448796,500.00,UPI,structuring
T004566,2026-09-12T20:57:33,AC61061966,AC99635023,822.77,UPI,normal
T004567,2026-09-12T20:57:59,AC68005893,AC79448796,500.00,UPI,structuring
T004568,2026-09-12T20:58:06,AC79578048,AC55362865,463.92,NEFT,normal
T004569,2026-09-12T21:05:43,AC23793831,AC30729474,569.14,UPI,normal
T004570,2026-09-12T21:05:48,AC70904451,AC79448796,500.00,UPI,structuring
T004571,2026-09-12T21:06:51,AC49321318,AC40026139,1105.21,UPI,normal
T004572,2026-09-12T21:08:00,AC46298660,AC79448796,500.00,UPI,structuring
T004573,2026-09-12T21:08:19,AC51309941,AC79448796,500.00,UPI,structuring
T004574,2026-09-12T21:09:21,AC27423955,AC79448796,500.00,UPI,structuring
T004575,2026-09-12T21:09:23,AC27344259,AC79448796,500.00,UPI,structuring
T004576,2026-09-12T21:13:40,AC29619183,AC84363365,744.02,UPI,normal
T004577,2026-09-12T21:14:15,AC39589952,AC36272404,2064.73,UPI,normal
T004578,2026-09-12T21:14:30,AC17999533,AC67490644,2981.91,UPI,normal
T004579,2026-09-12T21:16:06,AC76437986,AC79448796,500.00,UPI,structuring
T004580,2026-09-12T21:18:01,AC21239731,AC79448796,500.00,UPI,structuring
T004581,2026-09-12T21:18:21,AC39851095,AC79448796,495.00,UPI,structuring
T004582,2026-09-12T21:18:26,AC12437810,AC79448796,500.00,UPI,structuring
T004583,2026-09-12T21:21:45,AC43239798,AC75627516,2628.00,UPI,normal
T004584,2026-09-12T21:23:09,AC66070842,AC79448796,500.00,UPI,structuring
T004585,2026-09-12T21:23:14,AC63241552,AC64198427,369.22,UPI,normal
T004586,2026-09-12T21:24:25,AC29938108,AC20986393,2361.00,NEFT,normal
T004587,2026-09-12T21:24:58,AC49655179,AC79448796,500.00,UPI,structuring
T004588,2026-09-12T21:28:09,AC78754679,AC79448796,500.00,UPI,structuring
T004589,2026-09-12T21:28:16,AC91733095,AC63453132,1067.39,UPI,normal
T004590,2026-09-12T21:31:13,AC77867728,AC79448796,450.00,UPI,structuring
T004591,2026-09-12T21:33:12,AC21643368,AC69340085,636.91,IMPS,normal
T004592,2026-09-12T21:36:28,AC24241764,AC40026139,828.07,NEFT,normal
T004593,2026-09-12T21:36:48,AC45643433,AC79448796,500.00,UPI,structuring
T004594,2026-09-12T21:39:04,AC56647663,AC79448796,500.00,UPI,structuring
T004595,2026-09-12T21:42:16,AC46094290,AC79448796,500.00,UPI,structuring
T004596,2026-09-12T21:42:22,AC40675978,AC79448796,500.00,UPI,structuring
T004597,2026-09-12T21:43:05,AC12437810,AC79448796,500.00,UPI,structuring
T004598,2026-09-12T21:43:20,AC97255749,AC79448796,499.00,UPI,structuring
T004599,2026-09-12T21:43:43,AC37631611,AC79448796,500.00,UPI,structuring
T004600,2026-09-12T21:43:59,AC86583954,AC79448796,500.00,UPI,structuring
T004601,2026-09-12T21:44:50,AC44709914,AC79448796,500.00,UPI,structuring
T004602,2026-09-12T21:49:12,AC64317606,AC79448796,500.00,UPI,structuring
T004603,2026-09-12T21:50:49,AC22007414,AC79448796,490.00,UPI,structuring
T004604,2026-09-12T21:51:05,AC56100526,AC39472579,581.21,UPI,normal
T004605,2026-09-12T21:52:35,AC18724149,AC29190316,822.29,UPI,normal
T004606,2026-09-12T21:53:26,AC80721337,AC79448796,500.00,UPI,structuring
T004607,2026-09-12T21:53:44,AC44970682,AC79448796,500.00,UPI,structuring
T004608,2026-09-12T21:56:02,AC17912728,AC99635023,619.05,UPI,normal
T004609,2026-09-12T21:56:19,AC59217612,AC75399034,574.57,NEFT,normal
T004610,2026-09-12T21:58:22,AC12510524,AC99635023,717.74,IMPS,normal
T004611,2026-09-12T22:00:32,AC44709914,AC79448796,500.00,UPI,structuring
T004612,2026-09-12T22:04:06,AC16761851,AC79448796,500.00,UPI,structuring
T004613,2026-09-12T22:07:40,AC66673996,AC79448796,500.00,UPI,structuring
T004614,2026-09-12T22:07:49,AC34367415,AC79448796,500.00,UPI,structuring
T004615,2026-09-12T22:08:39,AC23741157,AC12614954,2269.67,UPI,normal
T004616,2026-09-12T22:11:25,AC24690326,AC79448796,500.00,UPI,structuring
T004617,2026-09-12T22:11:37,AC37631611,AC79448796,495.00,UPI,structuring
T004618,2026-09-12T22:12:10,AC56647663,AC79448796,500.00,UPI,structuring
T004619,2026-09-12T22:12:31,AC44970682,AC79448796,500.00,UPI,structuring
T004620,2026-09-12T22:13:57,AC50234045,AC55362865,297.67,IMPS,normal
T004621,2026-09-12T22:14:05,AC86665755,AC40026139,522.37,UPI,normal
T004622,2026-09-12T22:14:26,AC83744576,AC40026139,636.13,IMPS,normal
T004623,2026-09-12T22:15:04,AC86583954,AC79448796,500.00,UPI,structuring
T004624,2026-09-12T22:15:06,AC79092953,AC79448796,495.00,UPI,structuring
T004625,2026-09-12T22:17:35,AC58153450,AC99635023,602.23,NEFT,normal
T004626,2026-09-12T22:18:10,AC98384612,AC82903368,1553.00,UPI,normal
T004627,2026-09-12T22:19:40,AC46094290,AC79448796,450.00,UPI,structuring
T004628,2026-09-12T22:20:35,AC33131984,AC40026139,608.62,UPI,normal
T004629,2026-09-12T22:25:06,AC78006237,AC79448796,500.00,UPI,structuring
T004630,2026-09-12T22:26:34,AC47840101,AC99855030,1587.86,UPI,normal
T004631,2026-09-12T22:26:47,AC39962626,AC67917877,360.49,IMPS,normal
T004632,2026-09-12T22:26:57,AC43614663,AC79448796,500.00,UPI,structuring
T004633,2026-09-12T22:28:46,AC11549722,AC79448796,500.00,UPI,structuring
T004634,2026-09-12T22:29:07,AC66978001,AC43971558,1447.33,IMPS,normal
T004635,2026-09-12T22:30:05,AC16761851,AC79448796,500.00,UPI,structuring
T004636,2026-09-12T22:36:38,AC95153029,AC79448796,500.00,UPI,structuring
T004637,2026-09-12T22:37:56,AC51874911,AC79448796,500.00,UPI,structuring
T004638,2026-09-12T22:41:28,AC31783965,AC99635023,522.33,NEFT,normal
T004639,2026-09-12T22:43:29,AC26331285,AC79448796,500.00,UPI,structuring
T004640,2026-09-12T22:48:41,AC68005893,AC79448796,500.00,UPI,structuring
T004641,2026-09-12T22:50:51,AC25146464,AC79448796,500.00,UPI,structuring
T004642,2026-09-12T22:51:58,AC79019441,AC79448796,500.00,UPI,structuring
T004643,2026-09-12T22:52:27,AC13099855,AC66542771,1709.65,UPI,normal
T004644,2026-09-12T22:52:56,AC39287351,AC59117315,931.56,IMPS,normal
T004645,2026-09-12T22:53:08,AC46308897,AC79448796,490.00,UPI,structuring
T004646,2026-09-12T22:53:35,AC47455108,AC79448796,450.00,UPI,structuring
T004647,2026-09-12T22:54:31,AC45150991,AC79448796,500.00,UPI,structuring
T004648,2026-09-12T22:55:15,AC67783637,AC72778440,1482.95,IMPS,normal
T004649,2026-09-12T22:57:08,AC42974546,AC79448796,500.00,UPI,structuring
T004650,2026-09-12T22:59:33,AC94212661,AC28422000,198.85,UPI,normal
T004651,2026-09-13T07:00:00,AC17721077,AC79448796,500.00,UPI,structuring
T004652,2026-09-13T07:00:30,AC11911654,AC30729474,813.04,IMPS,normal
T004653,2026-09-13T07:01:33,AC69491792,AC30729474,819.10,UPI,normal
T004654,2026-09-13T07:02:22,AC40811860,AC79448796,500.00,UPI,structuring
T004655,2026-09-13T07:04:08,AC30047826,AC79448796,500.00,UPI,structuring
T004656,2026-09-13T07:05:14,AC91733095,AC27050801,2830.00,UPI,normal
T004657,2026-09-13T07:07:21,AC29938108,AC52751778,381.27,UPI,normal
T004658,2026-09-13T07:07:42,AC34608019,AC79448796,500.00,UPI,structuring
T004659,2026-09-13T07:09:38,AC24063279,AC79448796,490.00,UPI,structuring
T004660,2026-09-13T07:10:03,AC31783965,AC41317839,1561.00,UPI,normal
T004661,2026-09-13T07:10:56,AC83270296,AC79448796,500.00,UPI,structuring
T004662,2026-09-13T07:12:11,AC55909953,AC52751778,217.15,UPI,normal
T004663,2026-09-13T07:15:01,AC20815439,AC98618129,664.87,UPI,normal
T004664,2026-09-13T07:15:30,AC76437986,AC79448796,500.00,UPI,structuring
T004665,2026-09-13T07:20:20,AC15313436,AC79448796,500.00,UPI,structuring
T004666,2026-09-13T07:20:39,AC70904451,AC79448796,500.00,UPI,structuring
T004667,2026-09-13T07:22:22,AC98115205,AC79448796,500.00,UPI,structuring
T004668,2026-09-13T07:22:50,AC83270296,AC79448796,500.00,UPI,structuring
T004669,2026-09-13T07:23:52,AC39902737,AC38546741,1371.18,NEFT,normal
T004670,2026-09-13T07:26:11,AC80721337,AC79448796,500.00,UPI,structuring
T004671,2026-09-13T07:33:01,AC69139937,AC81366283,1361.00,UPI,normal
T004672,2026-09-13T07:34:58,AC76385704,AC79448796,500.00,UPI,structuring
T004673,2026-09-13T07:35:52,AC16761851,AC79448796,500.00,UPI,structuring
T004674,2026-09-13T07:37:04,AC56573688,AC79448796,500.00,UPI,structuring
T004675,2026-09-13T07:38:31,AC92418944,AC63453132,291.57,UPI,normal
T004676,2026-09-13T07:39:25,AC34367415,AC79448796,499.00,UPI,structuring
T004677,2026-09-13T07:39:52,AC57000147,AC30729474,201.53,UPI,normal
T004678,2026-09-13T07:41:22,AC83960310,AC30729474,699.19,IMPS,normal
T004679,2026-09-13T07:43:10,AC78144218,AC39472579,5733.53,UPI,normal
T004680,2026-09-13T07:46:09,AC24264840,AC79448796,500.00,UPI,structuring
T004681,2026-09-13T07:49:15,AC13740078,AC99635023,597.66,UPI,normal
T004682,2026-09-13T07:51:27,AC44785794,AC59148289,565.65,NEFT,normal
T004683,2026-09-13T07:51:56,AC45494011,AC79448796,499.00,UPI,structuring
T004684,2026-09-13T07:56:48,AC12259115,AC79448796,500.00,UPI,structuring
T004685,2026-09-13T07:57:18,AC34367415,AC79448796,495.00,UPI,structuring
T004686,2026-09-13T07:58:27,AC44709914,AC79448796,500.00,UPI,structuring
T004687,2026-09-13T08:00:54,AC45150991,AC79448796,450.00,UPI,structuring
T004688,2026-09-13T08:01:06,AC21239731,AC79448796,500.00,UPI,structuring
T004689,2026-09-13T08:01:44,AC94378806,AC79448796,500.00,UPI,structuring
T004690,2026-09-13T08:02:39,AC45265254,AC84363365,351.25,UPI,normal
T004691,2026-09-13T08:04:05,AC11549722,AC79448796,500.00,UPI,structuring
T004692,2026-09-13T08:05:30,AC50937131,AC79448796,450.00,UPI,structuring
T004693,2026-09-13T08:05:43,AC46094290,AC79448796,500.00,UPI,structuring
T004694,2026-09-13T08:07:06,AC17299905,AC79448796,500.00,UPI,structuring
T004695,2026-09-13T08:09:09,AC11549722,AC79448796,500.00,UPI,structuring
T004696,2026-09-13T08:09:23,AC39287351,AC12614954,365.05,NEFT,normal
T004697,2026-09-13T08:09:51,AC59982352,AC55515398,331.09,IMPS,normal
T004698,2026-09-13T08:12:15,AC55997036,AC79448796,500.00,UPI,structuring
T004699,2026-09-13T08:13:11,AC34608019,AC79448796,500.00,UPI,structuring
T004700,2026-09-13T08:13:56,AC38881120,AC79448796,500.00,UPI,structuring
T004701,2026-09-13T08:15:54,AC45643433,AC79448796,500.00,UPI,structuring
T004702,2026-09-13T08:16:49,AC82903368,AC19814103,312.58,UPI,normal
T004703,2026-09-13T08:17:46,AC43352343,AC96363470,350.92,NEFT,normal
T004704,2026-09-13T08:20:22,AC10256129,AC84363365,1069.41,IMPS,normal
T004705,2026-09-13T08:20:31,AC80881649,AC36272404,327.21,UPI,normal
T004706,2026-09-13T08:22:05,AC68005893,AC79448796,500.00,UPI,structuring
T004707,2026-09-13T08:22:22,AC17299905,AC79448796,500.00,UPI,structuring
T004708,2026-09-13T08:22:38,AC15798969,AC79448796,500.00,UPI,structuring
T004709,2026-09-13T08:23:12,AC45951526,AC79448796,500.00,UPI,structuring
T004710,2026-09-13T08:24:33,AC28999723,AC72778440,2548.11,UPI,normal
T004711,2026-09-13T08:24:34,AC12437810,AC79448796,500.00,UPI,structuring
T004712,2026-09-13T08:28:02,AC34367415,AC79448796,500.00,UPI,structuring
T004713,2026-09-13T08:29:10,AC51309941,AC79448796,500.00,UPI,structuring
T004714,2026-09-13T08:32:49,AC70712824,AC40026139,463.95,IMPS,normal
T004715,2026-09-13T08:33:06,AC30256261,AC39472579,309.94,UPI,normal
T004716,2026-09-13T08:35:01,AC47455108,AC79448796,500.00,UPI,structuring
T004717,2026-09-13T08:35:41,AC23741157,AC31849997,660.57,UPI,normal
T004718,2026-09-13T08:36:17,AC93443625,AC79448796,500.00,UPI,structuring
T004719,2026-09-13T08:36:59,AC42974546,AC79448796,500.00,UPI,structuring
T004720,2026-09-13T08:37:03,AC68240437,AC79203339,1295.36,IMPS,normal
T004721,2026-09-13T08:38:25,AC74160468,AC63453132,873.38,UPI,normal
T004722,2026-09-13T08:39:45,AC48917884,AC79448796,500.00,UPI,structuring
T004723,2026-09-13T08:39:45,AC81366283,AC59117315,253.52,IMPS,normal
T004724,2026-09-13T08:42:46,AC46308897,AC79448796,500.00,UPI,structuring
T004725,2026-09-13T08:43:55,AC19719255,AC79448796,490.00,UPI,structuring
T004726,2026-09-13T08:43:57,AC24690326,AC79448796,500.00,UPI,structuring
T004727,2026-09-13T08:44:02,AC20418044,AC39472579,436.92,UPI,normal
T004728,2026-09-13T08:44:22,AC58530762,AC55515398,292.84,UPI,normal
T004729,2026-09-13T08:45:16,AC22007414,AC79448796,450.00,UPI,structuring
T004730,2026-09-13T08:45:54,AC53895707,AC79448796,500.00,UPI,structuring
T004731,2026-09-13T08:47:56,AC20815439,AC30729474,163.27,NEFT,normal
T004732,2026-09-13T08:48:55,AC74160468,AC99635023,990.66,NEFT,normal
T004733,2026-09-13T08:49:41,AC70002780,AC79448796,490.00,UPI,structuring
T004734,2026-09-13T08:53:04,AC48917884,AC79448796,500.00,UPI,structuring
T004735,2026-09-13T08:53:12,AC63241552,AC40026139,2612.19,NEFT,normal
T004736,2026-09-13T08:55:35,AC69819079,AC79448796,500.00,UPI,structuring
T004737,2026-09-13T08:57:21,AC82021083,AC79448796,500.00,UPI,structuring
T004738,2026-09-13T09:03:37,AC82021083,AC79448796,495.00,UPI,structuring
T004739,2026-09-13T09:05:53,AC76385704,AC79448796,499.00,UPI,structuring
T004740,2026-09-13T09:07:48,AC83960561,AC79448796,499.00,UPI,structuring
T004741,2026-09-13T09:09:09,AC28752741,AC79448796,500.00,UPI,structuring
T004742,2026-09-13T09:09:18,AC40675978,AC79448796,500.00,UPI,structuring
T004743,2026-09-13T09:10:23,AC55330357,AC31671607,414.21,UPI,normal
T004744,2026-09-13T09:11:22,AC97255749,AC79448796,500.00,UPI,structuring
T004745,2026-09-13T09:13:40,AC38881120,AC79448796,500.00,UPI,structuring
T004746,2026-09-13T09:13:48,AC21239731,AC79448796,490.00,UPI,structuring
T004747,2026-09-13T09:16:54,AC26331285,AC79448796,450.00,UPI,structuring
T004748,2026-09-13T09:19:37,AC66673996,AC79448796,500.00,UPI,structuring
T004749,2026-09-13T09:24:25,AC42284650,AC52751778,2757.04,IMPS,normal
T004750,2026-09-13T09:24:41,AC77120755,AC79448796,495.00,UPI,structuring
T004751,2026-09-13T09:25:55,AC34608019,AC79448796,500.00,UPI,structuring
T004752,2026-09-13T09:26:11,AC26843185,AC99635023,273.12,NEFT,normal
T004753,2026-09-13T09:32:23,AC34576324,AC52751778,1238.96,UPI,normal
T004754,2026-09-13T09:32:38,AC45150991,AC79448796,500.00,UPI,structuring
T004755,2026-09-13T09:34:36,AC30926211,AC52751778,451.81,UPI,normal
T004756,2026-09-13T09:36:01,AC37080875,AC79448796,500.00,UPI,structuring
T004757,2026-09-13T09:43:26,AC64485395,AC79448796,500.00,UPI,structuring
T004758,2026-09-13T09:44:33,AC85196458,AC29190316,2233.88,NEFT,normal
T004759,2026-09-13T09:44:41,AC25146464,AC79448796,499.00,UPI,structuring
T004760,2026-09-13T09:44:57,AC50234045,AC99635023,1893.86,IMPS,normal
T004761,2026-09-13T09:45:01,AC55520180,AC79448796,500.00,UPI,structuring
T004762,2026-09-13T09:45:25,AC66070842,AC79448796,499.00,UPI,structuring
T004763,2026-09-13T09:47:30,AC31669330,AC79448796,500.00,UPI,structuring
T004764,2026-09-13T09:52:22,AC64485395,AC79448796,500.00,UPI,structuring
T004765,2026-09-13T09:53:27,AC95153029,AC79448796,500.00,UPI,structuring
T004766,2026-09-13T09:54:47,AC37080875,AC79448796,500.00,UPI,structuring
T004767,2026-09-13T09:55:18,AC66673996,AC79448796,500.00,UPI,structuring
T004768,2026-09-13T09:55:47,AC46496546,AC79448796,500.00,UPI,structuring
T004769,2026-09-13T09:57:04,AC26331285,AC79448796,500.00,UPI,structuring
T004770,2026-09-13T09:58:24,AC18941925,AC79448796,495.00,UPI,structuring
T004771,2026-09-13T09:59:48,AC34313000,AC79448796,500.00,UPI,structuring
T004772,2026-09-13T10:01:39,AC80721337,AC79448796,500.00,UPI,structuring
T004773,2026-09-13T10:03:15,AC12059721,AC55515398,707.88,UPI,normal
T004774,2026-09-13T10:04:37,AC82569631,AC99635023,1382.44,UPI,normal
T004775,2026-09-13T10:06:20,AC66119495,AC31849997,1470.91,UPI,normal
T004776,2026-09-13T10:12:11,AC76385704,AC79448796,500.00,UPI,structuring
T004777,2026-09-13T10:13:07,AC64485395,AC79448796,500.00,UPI,structuring
T004778,2026-09-13T10:14:23,AC86665755,AC39472579,338.75,IMPS,normal
T004779,2026-09-13T10:19:05,AC38558820,AC40026139,309.03,UPI,normal
T004780,2026-09-13T10:20:02,AC57000147,AC39472579,1127.24,UPI,normal
T004781,2026-09-13T10:20:19,AC42002360,AC79448796,500.00,UPI,structuring
T004782,2026-09-13T10:21:45,AC21397668,AC96363470,1512.48,UPI,normal
T004783,2026-09-13T10:21:58,AC57740731,AC32140838,4166.00,IMPS,normal
T004784,2026-09-13T10:22:07,AC82021083,AC79448796,500.00,UPI,structuring
T004785,2026-09-13T10:22:37,AC12474155,AC79448796,500.00,UPI,structuring
T004786,2026-09-13T10:24:52,AC64485395,AC79448796,500.00,UPI,structuring
T004787,2026-09-13T10:26:06,AC15313436,AC79448796,490.00,UPI,structuring
T004788,2026-09-13T10:26:52,AC78006237,AC79448796,500.00,UPI,structuring
T004789,2026-09-13T10:29:36,AC26093192,AC64198427,179.90,UPI,normal
T004790,2026-09-13T10:31:03,AC95359381,AC79448796,450.00,UPI,structuring
T004791,2026-09-13T10:32:59,AC69819079,AC79448796,500.00,UPI,structuring
T004792,2026-09-13T10:35:40,AC51874911,AC79448796,500.00,UPI,structuring
T004793,2026-09-13T10:37:43,AC76627625,AC55515398,9988.92,IMPS,normal
T004794,2026-09-13T10:37:51,AC39589952,AC40026139,1637.70,IMPS,normal
T004795,2026-09-13T10:43:03,AC33651543,AC59117315,180.31,IMPS,normal
T004796,2026-09-13T10:43:33,AC12259115,AC79448796,500.00,UPI,structuring
T004797,2026-09-13T10:45:25,AC77120755,AC79448796,500.00,UPI,structuring
T004798,2026-09-13T10:46:21,AC77120755,AC79448796,500.00,UPI,structuring
T004799,2026-09-13T10:49:49,AC11549722,AC79448796,490.00,UPI,structuring
T004800,2026-09-13T10:50:02,AC45150991,AC79448796,500.00,UPI,structuring
T004801,2026-09-13T10:52:31,AC62759119,AC79448796,500.00,UPI,structuring
T004802,2026-09-13T10:58:26,AC40811860,AC79448796,500.00,UPI,structuring
T004803,2026-09-13T11:01:00,AC46094290,AC79448796,500.00,UPI,structuring
T004804,2026-09-13T11:01:46,AC84231009,AC79448796,500.00,UPI,structuring
T004805,2026-09-13T11:05:10,AC70904451,AC12614954,616.69,NEFT,normal
T004806,2026-09-13T11:05:16,AC27344259,AC79448796,500.00,UPI,structuring
T004807,2026-09-13T11:05:18,AC12474155,AC79448796,490.00,UPI,structuring
T004808,2026-09-13T11:05:46,AC25809806,AC26421523,530.43,IMPS,normal
T004809,2026-09-13T11:09:01,AC44709914,AC79448796,500.00,UPI,structuring
T004810,2026-09-13T11:09:27,AC21239731,AC12614954,1304.98,NEFT,normal
T004811,2026-09-13T11:11:05,AC44709914,AC79448796,500.00,UPI,structuring
T004812,2026-09-13T11:14:14,AC97255749,AC79448796,499.00,UPI,structuring
T004813,2026-09-13T11:14:20,AC12437810,AC79448796,500.00,UPI,structuring
T004814,2026-09-13T11:14:55,AC18427393,AC79203339,226.47,UPI,normal
T004815,2026-09-13T11:15:00,AC64317606,AC79448796,499.00,UPI,structuring
T004816,2026-09-13T11:15:32,AC23119148,AC26421523,351.29,IMPS,normal
T004817,2026-09-13T11:15:46,AC20815439,AC38546741,402.61,IMPS,normal
T004818,2026-09-13T11:18:39,AC81483341,AC75627516,3632.00,IMPS,normal
T004819,2026-09-13T11:19:24,AC49321318,AC55515398,613.99,UPI,normal
T004820,2026-09-13T11:19:28,AC73721294,AC79448796,500.00,UPI,structuring
T004821,2026-09-13T11:21:13,AC27550747,AC72778440,565.63,UPI,normal
T004822,2026-09-13T11:21:26,AC73721294,AC79448796,500.00,UPI,structuring
T004823,2026-09-13T11:21:46,AC40675978,AC79448796,500.00,UPI,structuring
T004824,2026-09-13T11:22:39,AC77120755,AC79448796,500.00,UPI,structuring
T004825,2026-09-13T11:26:46,AC68240437,AC52751778,1906.60,UPI,normal
T004826,2026-09-13T11:27:56,AC51309941,AC79448796,500.00,UPI,structuring
T004827,2026-09-13T11:33:02,AC84231009,AC79448796,500.00,UPI,structuring
T004828,2026-09-13T11:37:18,AC77120755,AC79448796,500.00,UPI,structuring
T004829,2026-09-13T11:42:17,AC96319863,AC69340085,122.72,UPI,normal
T004830,2026-09-13T11:43:08,AC26487605,AC38546741,712.61,NEFT,normal
T004831,2026-09-13T11:43:11,AC51309941,AC79448796,500.00,UPI,structuring
T004832,2026-09-13T11:45:09,AC77867728,AC79448796,500.00,UPI,structuring
T004833,2026-09-13T11:46:17,AC42762079,AC66542771,478.48,UPI,normal
T004834,2026-09-13T11:47:22,AC45951526,AC79448796,500.00,UPI,structuring
T004835,2026-09-13T11:50:56,AC36658926,AC79448796,450.00,UPI,structuring
T004836,2026-09-13T11:53:17,AC21239731,AC79448796,500.00,UPI,structuring
T004837,2026-09-13T11:57:00,AC25482486,AC55515398,5573.11,UPI,normal
T004838,2026-09-13T12:00:12,AC22007414,AC79448796,500.00,UPI,structuring
T004839,2026-09-13T12:02:00,AC40811860,AC79448796,490.00,UPI,structuring
T004840,2026-09-13T12:03:15,AC80224010,AC30729474,524.59,UPI,normal
T004841,2026-09-13T12:04:45,AC48578460,AC40026139,248.31,UPI,normal
T004842,2026-09-13T12:05:08,AC12510524,AC66542771,1799.30,IMPS,normal
T004843,2026-09-13T12:05:55,AC76385704,AC79448796,500.00,UPI,structuring
T004844,2026-09-13T12:06:08,AC56573688,AC79448796,500.00,UPI,structuring
T004845,2026-09-13T12:08:37,AC12259115,AC79448796,500.00,UPI,structuring
T004846,2026-09-13T12:08:50,AC12059721,AC79448796,500.00,UPI,structuring
T004847,2026-09-13T12:09:30,AC39902737,AC95753514,3560.00,NEFT,normal
T004848,2026-09-13T12:09:37,AC42002360,AC79448796,500.00,UPI,structuring
T004849,2026-09-13T12:11:01,AC43614663,AC79448796,500.00,UPI,structuring
T004850,2026-09-13T12:14:21,AC26843185,AC29190316,1008.96,NEFT,normal
T004851,2026-09-13T12:18:31,AC89774974,AC59148289,309.94,UPI,normal
T004852,2026-09-13T12:21:04,AC34367415,AC79448796,500.00,UPI,structuring
T004853,2026-09-13T12:22:11,AC55520180,AC79448796,500.00,UPI,structuring
T004854,2026-09-13T12:22:48,AC80901507,AC72778440,512.94,UPI,normal
T004855,2026-09-13T12:23:01,AC95153029,AC79448796,500.00,UPI,structuring
T004856,2026-09-13T12:24:00,AC97255749,AC79448796,500.00,UPI,structuring
T004857,2026-09-13T12:27:56,AC46094290,AC79448796,500.00,UPI,structuring
T004858,2026-09-13T12:29:29,AC31669330,AC79448796,500.00,UPI,structuring
T004859,2026-09-13T12:32:48,AC76453392,AC43971558,3673.07,NEFT,normal
T004860,2026-09-13T12:33:18,AC98358257,AC79448796,500.00,UPI,structuring
T004861,2026-09-13T12:34:27,AC30302435,AC99635023,2656.83,UPI,normal
T004862,2026-09-13T12:36:47,AC46496546,AC79448796,500.00,UPI,structuring
T004863,2026-09-13T12:39:37,AC12259115,AC79448796,500.00,UPI,structuring
T004864,2026-09-13T12:40:18,AC34256684,AC67490644,1698.80,UPI,normal
T004865,2026-09-13T12:41:23,AC68224916,AC40026139,1900.98,IMPS,normal
T004866,2026-09-13T12:41:27,AC44970682,AC79448796,500.00,UPI,structuring
T004867,2026-09-13T12:42:13,AC79019441,AC79448796,450.00,UPI,structuring
T004868,2026-09-13T12:44:56,AC74477539,AC28422000,738.69,UPI,normal
T004869,2026-09-13T12:53:06,AC68240437,AC63453132,678.20,UPI,normal
T004870,2026-09-13T12:54:28,AC56911734,AC19814103,635.70,IMPS,normal
T004871,2026-09-13T12:55:16,AC45265254,AC29190316,413.61,IMPS,normal
T004872,2026-09-13T12:55:51,AC22046497,AC29309252,200000.00,NEFT,round_trip
T004873,2026-09-13T12:56:34,AC17784483,AC35990584,2017.00,NEFT,normal
T004874,2026-09-13T12:56:53,AC57722796,AC26421523,2171.56,IMPS,normal
T004875,2026-09-13T12:58:20,AC78149300,AC59117315,412.92,UPI,normal
T004876,2026-09-13T12:58:23,AC94378806,AC79448796,450.00,UPI,structuring
T004877,2026-09-13T12:58:26,AC81281134,AC79448796,450.00,UPI,structuring
T004878,2026-09-13T12:59:12,AC47455108,AC79448796,500.00,UPI,structuring
T004879,2026-09-13T13:02:04,AC24690326,AC79448796,500.00,UPI,structuring
T004880,2026-09-13T13:03:19,AC57709585,AC79203339,1329.14,UPI,normal
T004881,2026-09-13T13:03:50,AC69819079,AC36272404,1256.39,UPI,normal
T004882,2026-09-13T13:05:52,AC30047826,AC79448796,500.00,UPI,structuring
T004883,2026-09-13T13:09:11,AC99686414,AC94641177,1172.00,NEFT,normal
T004884,2026-09-13T13:11:47,AC70904451,AC79448796,450.00,UPI,structuring
T004885,2026-09-13T13:14:16,AC58802897,AC19736972,432.83,IMPS,normal
T004886,2026-09-13T13:16:19,AC31669330,AC79448796,500.00,UPI,structuring
T004887,2026-09-13T13:19:11,AC81483341,AC62662255,802.66,UPI,normal
T004888,2026-09-13T13:20:11,AC61061966,AC99635023,1189.32,IMPS,normal
T004889,2026-09-13T13:21:42,AC83960561,AC79448796,500.00,UPI,structuring
T004890,2026-09-13T13:24:15,AC19719255,AC79448796,500.00,UPI,structuring
T004891,2026-09-13T13:24:20,AC30047826,AC79448796,450.00,UPI,structuring
T004892,2026-09-13T13:29:54,AC96319863,AC30729474,229.72,UPI,normal
T004893,2026-09-13T13:30:00,AC16761851,AC79448796,500.00,UPI,structuring
T004894,2026-09-13T13:31:55,AC51874911,AC79448796,500.00,UPI,structuring
T004895,2026-09-13T13:33:01,AC64317606,AC79448796,500.00,UPI,structuring
T004896,2026-09-13T13:33:29,AC84231009,AC79448796,500.00,UPI,structuring
T004897,2026-09-13T13:33:39,AC76262352,AC42297987,382.05,IMPS,normal
T004898,2026-09-13T13:36:47,AC46308897,AC79448796,500.00,UPI,structuring
T004899,2026-09-13T13:37:02,AC95153029,AC79448796,500.00,UPI,structuring
T004900,2026-09-13T13:39:01,AC13629581,AC40026139,472.67,IMPS,normal
T004901,2026-09-13T13:40:45,AC91628191,AC79448796,450.00,UPI,structuring
T004902,2026-09-13T13:41:52,AC15798969,AC79448796,500.00,UPI,structuring
T004903,2026-09-13T13:41:56,AC68224916,AC66542771,568.44,NEFT,normal
T004904,2026-09-13T13:45:11,AC63241552,AC84363365,479.19,UPI,normal
T004905,2026-09-13T13:45:19,AC83061791,AC42297987,928.53,UPI,normal
T004906,2026-09-13T13:46:27,AC12474155,AC79448796,500.00,UPI,structuring
T004907,2026-09-13T13:46:55,AC66599395,AC63453132,1736.82,NEFT,normal
T004908,2026-09-13T13:49:06,AC76662562,AC40026139,1938.89,IMPS,normal
T004909,2026-09-13T13:49:52,AC18142912,AC55515398,881.67,NEFT,normal
T004910,2026-09-13T13:50:34,AC83960561,AC79448796,500.00,UPI,structuring
T004911,2026-09-13T13:52:19,AC24264840,AC79448796,500.00,UPI,structuring
T004912,2026-09-13T13:53:24,AC27423955,AC79448796,500.00,UPI,structuring
T004913,2026-09-13T13:54:51,AC18354761,AC39472579,504.78,UPI,normal
T004914,2026-09-13T13:54:56,AC79092953,AC79448796,500.00,UPI,structuring
T004915,2026-09-13T13:56:27,AC46298660,AC79448796,500.00,UPI,structuring
T004916,2026-09-13T13:56:54,AC84231009,AC79448796,500.00,UPI,structuring
T004917,2026-09-13T14:02:38,AC47455108,AC79448796,500.00,UPI,structuring
T004918,2026-09-13T14:03:58,AC35428420,AC79448796,500.00,UPI,structuring
T004919,2026-09-13T14:04:39,AC37543491,AC28422000,1053.18,UPI,normal
T004920,2026-09-13T14:05:06,AC78754679,AC79448796,500.00,UPI,structuring
T004921,2026-09-13T14:08:50,AC81281134,AC79448796,500.00,UPI,structuring
T004922,2026-09-13T14:09:12,AC37080875,AC79448796,500.00,UPI,structuring
T004923,2026-09-13T14:12:43,AC53895707,AC79448796,500.00,UPI,structuring
T004924,2026-09-13T14:15:56,AC53895707,AC79448796,500.00,UPI,structuring
T004925,2026-09-13T14:17:18,AC55520180,AC79448796,500.00,UPI,structuring
T004926,2026-09-13T14:17:39,AC82021083,AC79448796,500.00,UPI,structuring
T004927,2026-09-13T14:20:04,AC21887116,AC79448796,500.00,UPI,structuring
T004928,2026-09-13T14:24:05,AC37080875,AC79448796,499.00,UPI,structuring
T004929,2026-09-13T14:25:42,AC21282512,AC79448796,500.00,UPI,structuring
T004930,2026-09-13T14:26:23,AC77867728,AC79448796,500.00,UPI,structuring
T004931,2026-09-13T14:28:58,AC26331285,AC79448796,490.00,UPI,structuring
T004932,2026-09-13T14:29:02,AC12259115,AC79448796,500.00,UPI,structuring
T004933,2026-09-13T14:29:29,AC40675978,AC79448796,500.00,UPI,structuring
T004934,2026-09-13T14:29:58,AC42002360,AC79448796,500.00,UPI,structuring
T004935,2026-09-13T14:30:33,AC42762079,AC67490644,802.07,UPI,normal
T004936,2026-09-13T14:31:55,AC66599395,AC19814103,621.14,UPI,normal
T004937,2026-09-13T14:34:03,AC47455108,AC79448796,500.00,UPI,structuring
T004938,2026-09-13T14:34:13,AC46298660,AC79448796,500.00,UPI,structuring
T004939,2026-09-13T14:34:33,AC82903368,AC39472579,126.98,UPI,normal
T004940,2026-09-13T14:35:11,AC51874911,AC79448796,500.00,UPI,structuring
T004941,2026-09-13T14:36:02,AC34313000,AC79448796,500.00,UPI,structuring
T004942,2026-09-13T14:37:09,AC46298660,AC79448796,500.00,UPI,structuring
T004943,2026-09-13T14:38:04,AC91628191,AC79448796,500.00,UPI,structuring
T004944,2026-09-13T14:38:24,AC79092953,AC79448796,500.00,UPI,structuring
T004945,2026-09-13T14:38:46,AC96290869,AC69340085,1611.71,UPI,normal
T004946,2026-09-13T14:40:41,AC25146464,AC79448796,495.00,UPI,structuring
T004947,2026-09-13T14:41:23,AC91354422,AC30729474,919.95,UPI,normal
T004948,2026-09-13T14:42:26,AC11549722,AC79448796,499.00,UPI,structuring
T004949,2026-09-13T14:42:42,AC26331285,AC79448796,500.00,UPI,structuring
T004950,2026-09-13T14:43:36,AC17721077,AC79448796,500.00,UPI,structuring
T004951,2026-09-13T14:43:48,AC55520180,AC79448796,500.00,UPI,structuring
T004952,2026-09-13T14:44:29,AC51856109,AC28422000,1389.60,UPI,normal
T004953,2026-09-13T14:45:22,AC68005893,AC79448796,499.00,UPI,structuring
T004954,2026-09-13T14:48:05,AC52110478,AC39472579,2935.01,UPI,normal
T004955,2026-09-13T14:50:45,AC56573688,AC79448796,500.00,UPI,structuring
T004956,2026-09-13T14:50:46,AC12059721,AC79448796,490.00,UPI,structuring
T004957,2026-09-13T14:52:51,AC83270296,AC79448796,495.00,UPI,structuring
T004958,2026-09-13T14:54:53,AC12437810,AC79448796,500.00,UPI,structuring
T004959,2026-09-13T14:55:38,AC17721077,AC79448796,500.00,UPI,structuring
T004960,2026-09-13T14:55:40,AC51554798,AC67917877,331.82,UPI,normal
T004961,2026-09-13T14:58:07,AC45951526,AC79448796,500.00,UPI,structuring
T004962,2026-09-13T15:00:23,AC83960561,AC79448796,500.00,UPI,structuring
T004963,2026-09-13T15:00:43,AC83960561,AC79448796,490.00,UPI,structuring
T004964,2026-09-13T15:00:57,AC62759119,AC79448796,500.00,UPI,structuring
T004965,2026-09-13T15:03:35,AC95359381,AC79448796,500.00,UPI,structuring
T004966,2026-09-13T15:07:17,AC68005893,AC79448796,500.00,UPI,structuring
T004967,2026-09-13T15:07:28,AC53464097,AC67490644,244.52,UPI,normal
T004968,2026-09-13T15:10:35,AC21527244,AC59148289,1929.57,UPI,normal
T004969,2026-09-13T15:11:18,AC46298660,AC79448796,490.00,UPI,structuring
T004970,2026-09-13T15:12:54,AC46308897,AC79448796,500.00,UPI,structuring
T004971,2026-09-13T15:13:47,AC37631611,AC79448796,500.00,UPI,structuring
T004972,2026-09-13T15:14:07,AC19719255,AC79448796,500.00,UPI,structuring
T004973,2026-09-13T15:15:36,AC37910936,AC47203213,2935.00,UPI,normal
T004974,2026-09-13T15:15:37,AC56171824,AC40026139,1441.54,IMPS,normal
T004975,2026-09-13T15:15:59,AC14959258,AC79448796,500.00,UPI,structuring
T004976,2026-09-13T15:17:37,AC44841887,AC99635023,629.99,UPI,normal
T004977,2026-09-13T15:17:38,AC40675978,AC79448796,500.00,UPI,structuring
T004978,2026-09-13T15:20:19,AC33651543,AC52410090,3937.62,UPI,normal
T004979,2026-09-13T15:20:30,AC24063279,AC79448796,450.00,UPI,structuring
T004980,2026-09-13T15:20:54,AC75507385,AC38546741,66.82,NEFT,normal
T004981,2026-09-13T15:21:48,AC91628191,AC79448796,500.00,UPI,structuring
T004982,2026-09-13T15:22:17,AC98217056,AC30729474,1310.44,UPI,normal
T004983,2026-09-13T15:23:40,AC43239798,AC99635023,136.85,IMPS,normal
T004984,2026-09-13T15:23:55,AC85748230,AC22374072,588.14,UPI,normal
T004985,2026-09-13T15:25:07,AC15798969,AC79448796,500.00,UPI,structuring
T004986,2026-09-13T15:25:15,AC31669330,AC79448796,500.00,UPI,structuring
T004987,2026-09-13T15:25:54,AC33877318,AC79448796,500.00,UPI,structuring
T004988,2026-09-13T15:25:55,AC34367415,AC79448796,500.00,UPI,structuring
T004989,2026-09-13T15:26:07,AC16655764,AC28422000,2379.22,IMPS,normal
T004990,2026-09-13T15:26:08,AC12510524,AC57864027,1817.30,NEFT,normal
T004991,2026-09-13T15:27:46,AC44970682,AC79448796,450.00,UPI,structuring
T004992,2026-09-13T15:28:00,AC91847639,AC59117315,305.21,UPI,normal
T004993,2026-09-13T15:28:31,AC91628191,AC79448796,490.00,UPI,structuring
T004994,2026-09-13T15:31:29,AC44709914,AC79448796,450.00,UPI,structuring
T004995,2026-09-13T15:32:51,AC43614663,AC79448796,500.00,UPI,structuring
T004996,2026-09-13T15:35:55,AC12437810,AC79448796,500.00,UPI,structuring
T004997,2026-09-13T15:36:05,AC86583954,AC79448796,500.00,UPI,structuring
T004998,2026-09-13T15:36:30,AC95153029,AC79448796,500.00,UPI,structuring
T004999,2026-09-13T15:37:03,AC78754679,AC79448796,500.00,UPI,structuring
T005000,2026-09-13T15:38:27,AC97908110,AC50638453,435.32,NEFT,normal
T005001,2026-09-13T15:38:36,AC19719255,AC79448796,500.00,UPI,structuring
T005002,2026-09-13T15:38:47,AC27344259,AC79448796,500.00,UPI,structuring
T005003,2026-09-13T15:39:11,AC97197858,AC59148289,656.66,IMPS,normal
T005004,2026-09-13T15:40:57,AC93742074,AC79448796,500.00,UPI,structuring
T005005,2026-09-13T15:44:58,AC19719255,AC79448796,500.00,UPI,structuring
T005006,2026-09-13T15:45:39,AC78754679,AC79448796,450.00,UPI,structuring
T005007,2026-09-13T15:45:56,AC34367415,AC79448796,500.00,UPI,structuring
T005008,2026-09-13T15:46:21,AC64485395,AC79448796,500.00,UPI,structuring
T005009,2026-09-13T15:47:04,AC56171824,AC29190316,371.75,UPI,normal
T005010,2026-09-13T15:47:07,AC45494011,AC79448796,495.00,UPI,structuring
T005011,2026-09-13T15:49:07,AC47455108,AC79448796,495.00,UPI,structuring
T005012,2026-09-13T15:50:18,AC22007414,AC79448796,499.00,UPI,structuring
T005013,2026-09-13T15:53:50,AC66070842,AC79448796,500.00,UPI,structuring
T005014,2026-09-13T15:55:23,AC15798969,AC79448796,500.00,UPI,structuring
T005015,2026-09-13T15:57:23,AC76385704,AC79448796,500.00,UPI,structuring
T005016,2026-09-13T15:59:29,AC83849218,AC36272404,386.94,UPI,normal
T005017,2026-09-13T16:00:23,AC70025882,AC22374072,2849.96,IMPS,normal
T005018,2026-09-13T16:01:45,AC27580355,AC40026139,440.69,UPI,normal
T005019,2026-09-13T16:03:28,AC43239798,AC55362865,6898.27,UPI,normal
T005020,2026-09-13T16:06:02,AC61780050,AC84363365,254.51,UPI,normal
T005021,2026-09-13T16:06:44,AC15313436,AC79448796,500.00,UPI,structuring
T005022,2026-09-13T16:08:56,AC34313000,AC79448796,500.00,UPI,structuring
T005023,2026-09-13T16:10:04,AC82569631,AC66126116,299.00,UPI,normal
T005024,2026-09-13T16:12:02,AC76662562,AC57864027,1119.93,IMPS,normal
T005025,2026-09-13T16:13:37,AC62759119,AC79448796,500.00,UPI,structuring
T005026,2026-09-13T16:13:43,AC12474155,AC79448796,500.00,UPI,structuring
T005027,2026-09-13T16:13:45,AC83589642,AC64198427,879.03,NEFT,normal
T005028,2026-09-13T16:14:04,AC49655179,AC79448796,500.00,UPI,structuring
T005029,2026-09-13T16:14:38,AC94378806,AC79448796,450.00,UPI,structuring
T005030,2026-09-13T16:16:04,AC98358257,AC79448796,499.00,UPI,structuring
T005031,2026-09-13T16:16:25,AC58153450,AC99635023,1423.04,UPI,normal
T005032,2026-09-13T16:16:37,AC46298660,AC79448796,500.00,UPI,structuring
T005033,2026-09-13T16:18:18,AC37643310,AC22633303,664.27,IMPS,normal
T005034,2026-09-13T16:19:28,AC21887116,AC79448796,500.00,UPI,structuring
T005035,2026-09-13T16:21:51,AC93742074,AC79448796,500.00,UPI,structuring
T005036,2026-09-13T16:27:21,AC64317606,AC79448796,500.00,UPI,structuring
T005037,2026-09-13T16:28:48,AC43239798,AC29190316,340.57,NEFT,normal
T005038,2026-09-13T16:29:31,AC46308897,AC79448796,500.00,UPI,structuring
T005039,2026-09-13T16:30:21,AC22562241,AC63453132,1455.56,UPI,normal
T005040,2026-09-13T16:30:53,AC39673100,AC59148289,3372.56,IMPS,normal
T005041,2026-09-13T16:33:32,AC98662305,AC40026139,120.09,NEFT,normal
T005042,2026-09-13T16:36:16,AC45643433,AC79448796,499.00,UPI,structuring
T005043,2026-09-13T16:37:11,AC37631611,AC79448796,500.00,UPI,structuring
T005044,2026-09-13T16:37:30,AC75507385,AC40026139,153.80,NEFT,normal
T005045,2026-09-13T16:39:56,AC86583954,AC79448796,500.00,UPI,structuring
T005046,2026-09-13T16:40:18,AC39851095,AC79448796,500.00,UPI,structuring
T005047,2026-09-13T16:40:30,AC80721337,AC79448796,500.00,UPI,structuring
T005048,2026-09-13T16:40:46,AC91996233,AC57859883,320000.00,NEFT,layering
T005049,2026-09-13T16:41:29,AC10256129,AC40026139,280.98,NEFT,normal
T005050,2026-09-13T16:42:21,AC18174466,AC95149012,2132.00,UPI,normal
T005051,2026-09-13T16:43:29,AC83960310,AC27874421,3411.00,NEFT,normal
T005052,2026-09-13T16:45:47,AC62664205,AC40026139,1652.99,UPI,normal
T005053,2026-09-13T16:47:23,AC14959258,AC79448796,500.00,UPI,structuring
T005054,2026-09-13T16:48:15,AC77330181,AC55362865,658.23,UPI,normal
T005055,2026-09-13T16:50:38,AC51874911,AC79448796,500.00,UPI,structuring
T005056,2026-09-13T16:51:32,AC79019441,AC79448796,500.00,UPI,structuring
T005057,2026-09-13T16:52:27,AC62148384,AC28422000,260.89,NEFT,normal
T005058,2026-09-13T16:57:00,AC15798969,AC79448796,500.00,UPI,structuring
T005059,2026-09-13T16:57:13,AC45150991,AC79448796,500.00,UPI,structuring
T005060,2026-09-13T16:57:32,AC55520180,AC79448796,500.00,UPI,structuring
T005061,2026-09-13T16:57:57,AC44709914,AC79448796,500.00,UPI,structuring
T005062,2026-09-13T16:59:33,AC70904451,AC79448796,495.00,UPI,structuring
T005063,2026-09-13T17:00:31,AC56647663,AC79448796,500.00,UPI,structuring
T005064,2026-09-13T17:00:52,AC84714297,AC42297987,798.84,UPI,normal
T005065,2026-09-13T17:04:30,AC40675978,AC79448796,500.00,UPI,structuring
T005066,2026-09-13T17:05:14,AC79019441,AC79448796,500.00,UPI,structuring
T005067,2026-09-13T17:06:16,AC37910936,AC38546741,365.92,UPI,normal
T005068,2026-09-13T17:07:00,AC57859883,AC34556192,315341.00,IMPS,layering
T005069,2026-09-13T17:09:39,AC27344259,AC79448796,500.00,UPI,structuring
T005070,2026-09-13T17:10:01,AC12059721,AC79448796,490.00,UPI,structuring
T005071,2026-09-13T17:12:00,AC53703122,AC99635023,2132.08,UPI,normal
T005072,2026-09-13T17:13:52,AC79092953,AC79448796,500.00,UPI,structuring
T005073,2026-09-13T17:15:57,AC12437810,AC79448796,500.00,UPI,structuring
T005074,2026-09-13T17:16:01,AC66455770,AC99635023,620.97,UPI,normal
T005075,2026-09-13T17:16:42,AC88220482,AC55362865,187.67,IMPS,normal
T005076,2026-09-13T17:18:01,AC56573688,AC79448796,500.00,UPI,structuring
T005077,2026-09-13T17:18:41,AC66673996,AC79448796,500.00,UPI,structuring
T005078,2026-09-13T17:19:45,AC21239731,AC79448796,499.00,UPI,structuring
T005079,2026-09-13T17:19:50,AC45494011,AC79448796,499.00,UPI,structuring
T005080,2026-09-13T17:23:00,AC19719255,AC79448796,500.00,UPI,structuring
T005081,2026-09-13T17:23:24,AC56647663,AC79448796,500.00,UPI,structuring
T005082,2026-09-13T17:24:04,AC84231009,AC79448796,500.00,UPI,structuring
T005083,2026-09-13T17:27:04,AC70904451,AC79448796,500.00,UPI,structuring
T005084,2026-09-13T17:29:14,AC47455108,AC79448796,500.00,UPI,structuring
T005085,2026-09-13T17:29:34,AC39851095,AC79448796,500.00,UPI,structuring
T005086,2026-09-13T17:29:49,AC70712824,AC29190316,754.44,UPI,normal
T005087,2026-09-13T17:31:12,AC94212661,AC12614954,4575.74,UPI,normal
T005088,2026-09-13T17:31:16,AC23076910,AC64198427,265.91,IMPS,normal
T005089,2026-09-13T17:36:07,AC51403729,AC99635023,515.88,NEFT,normal
T005090,2026-09-13T17:37:25,AC22007414,AC79448796,500.00,UPI,structuring
T005091,2026-09-13T17:42:25,AC64485395,AC79448796,500.00,UPI,structuring
T005092,2026-09-13T17:45:05,AC46094290,AC79448796,500.00,UPI,structuring
T005093,2026-09-13T17:45:36,AC42974546,AC79448796,495.00,UPI,structuring
T005094,2026-09-13T17:46:30,AC79092953,AC79448796,500.00,UPI,structuring
T005095,2026-09-13T17:49:18,AC37080875,AC79448796,500.00,UPI,structuring
T005096,2026-09-13T17:50:47,AC73639532,AC57864027,837.21,UPI,normal
T005097,2026-09-13T17:52:54,AC95359381,AC79448796,500.00,UPI,structuring
T005098,2026-09-13T17:53:25,AC39851095,AC79448796,500.00,UPI,structuring
T005099,2026-09-13T17:54:26,AC47369042,AC96363470,127.39,NEFT,normal
T005100,2026-09-13T17:54:33,AC61780050,AC39472579,672.83,UPI,normal
T005101,2026-09-13T17:54:49,AC46308897,AC79448796,500.00,UPI,structuring
T005102,2026-09-13T17:57:13,AC49655179,AC79448796,500.00,UPI,structuring
T005103,2026-09-13T17:57:46,AC89297484,AC50638453,319.69,UPI,normal
T005104,2026-09-13T18:03:50,AC55520180,AC79448796,500.00,UPI,structuring
T005105,2026-09-13T18:04:56,AC12259115,AC79448796,500.00,UPI,structuring
T005106,2026-09-13T18:05:29,AC31669330,AC79448796,500.00,UPI,structuring
T005107,2026-09-13T18:07:30,AC42974546,AC79448796,500.00,UPI,structuring
T005108,2026-09-13T18:11:12,AC83270296,AC79448796,490.00,UPI,structuring
T005109,2026-09-13T18:15:14,AC27344259,AC79448796,500.00,UPI,structuring
T005110,2026-09-13T18:20:40,AC18628964,AC79448796,500.00,UPI,structuring
T005111,2026-09-13T18:21:58,AC80721337,AC79448796,500.00,UPI,structuring
T005112,2026-09-13T18:22:12,AC13749650,AC99635023,441.42,UPI,normal
T005113,2026-09-13T18:33:05,AC46496546,AC79448796,499.00,UPI,structuring
T005114,2026-09-13T18:33:43,AC13749650,AC40026139,1026.19,UPI,normal
T005115,2026-09-13T18:34:08,AC88061052,AC96363470,1075.49,UPI,normal
T005116,2026-09-13T18:36:25,AC22215229,AC57864027,185.68,IMPS,normal
T005117,2026-09-13T18:39:09,AC24063279,AC79448796,500.00,UPI,structuring
T005118,2026-09-13T18:43:14,AC56573688,AC79448796,500.00,UPI,structuring
T005119,2026-09-13T18:43:32,AC45951526,AC79448796,499.00,UPI,structuring
T005120,2026-09-13T18:47:44,AC22007414,AC79448796,490.00,UPI,structuring
T005121,2026-09-13T18:52:11,AC26487605,AC39472579,229.92,UPI,normal
T005122,2026-09-13T18:52:18,AC27423955,AC79448796,450.00,UPI,structuring
T005123,2026-09-13T18:52:39,AC86665755,AC30729474,1884.02,UPI,normal
T005124,2026-09-13T18:54:15,AC45494011,AC79448796,500.00,UPI,structuring
T005125,2026-09-13T18:56:11,AC27344259,AC79448796,500.00,UPI,structuring
T005126,2026-09-13T18:58:42,AC67783637,AC79203339,570.77,UPI,normal
T005127,2026-09-13T18:59:22,AC82687908,AC39472579,767.57,IMPS,normal
T005128,2026-09-13T19:01:03,AC67085086,AC79448796,500.00,UPI,structuring
T005129,2026-09-13T19:01:46,AC39851095,AC19736972,1369.31,IMPS,normal
T005130,2026-09-13T19:04:40,AC26331285,AC79448796,500.00,UPI,structuring
T005131,2026-09-13T19:05:11,AC83960310,AC12614954,317.72,IMPS,normal
T005132,2026-09-13T19:08:53,AC69491792,AC99635023,3072.73,UPI,normal
T005133,2026-09-13T19:11:18,AC83849218,AC26421523,296.34,UPI,normal
T005134,2026-09-13T19:11:39,AC93760773,AC67490644,269.00,IMPS,normal
T005135,2026-09-13T19:12:21,AC66255890,AC42297987,213.81,UPI,normal
T005136,2026-09-13T19:17:02,AC84231009,AC79448796,495.00,UPI,structuring
T005137,2026-09-13T19:18:24,AC14959258,AC79448796,500.00,UPI,structuring
T005138,2026-09-13T19:20:56,AC27423955,AC79448796,500.00,UPI,structuring
T005139,2026-09-13T19:22:01,AC51309941,AC79448796,500.00,UPI,structuring
T005140,2026-09-13T19:22:47,AC34556192,AC10143467,312467.00,NEFT,layering
T005141,2026-09-13T19:27:57,AC68005893,AC79448796,500.00,UPI,structuring
T005142,2026-09-13T19:28:38,AC35428420,AC79448796,500.00,UPI,structuring
T005143,2026-09-13T19:29:35,AC66119495,AC99635023,528.62,UPI,normal
T005144,2026-09-13T19:31:03,AC27344259,AC79448796,500.00,UPI,structuring
T005145,2026-09-13T19:31:05,AC62759119,AC79448796,500.00,UPI,structuring
T005146,2026-09-13T19:31:05,AC63746500,AC52751778,438.69,UPI,normal
T005147,2026-09-13T19:33:04,AC18628964,AC79448796,500.00,UPI,structuring
T005148,2026-09-13T19:36:11,AC19719255,AC79448796,500.00,UPI,structuring
T005149,2026-09-13T19:39:16,AC15313436,AC79448796,500.00,UPI,structuring
T005150,2026-09-13T19:39:17,AC45150991,AC79448796,500.00,UPI,structuring
T005151,2026-09-13T19:39:56,AC64485395,AC79448796,500.00,UPI,structuring
T005152,2026-09-13T19:40:38,AC12510524,AC84363365,2036.29,NEFT,normal
T005153,2026-09-13T19:40:42,AC74758310,AC84363365,143.22,UPI,normal
T005154,2026-09-13T19:41:19,AC89297484,AC99635023,206.27,IMPS,normal
T005155,2026-09-13T19:42:03,AC47840101,AC19736972,309.39,IMPS,normal
T005156,2026-09-13T19:43:51,AC81281134,AC79448796,500.00,UPI,structuring
T005157,2026-09-13T19:47:31,AC66255890,AC63453132,985.59,UPI,normal
T005158,2026-09-13T19:47:45,AC68005893,AC79448796,500.00,UPI,structuring
T005159,2026-09-13T19:48:25,AC74628898,AC29190316,1061.54,UPI,normal
T005160,2026-09-13T19:48:35,AC25146464,AC79448796,500.00,UPI,structuring
T005161,2026-09-13T19:48:40,AC50234045,AC42297987,144.45,UPI,normal
T005162,2026-09-13T19:48:55,AC38881120,AC79448796,500.00,UPI,structuring
T005163,2026-09-13T19:51:37,AC95153029,AC79448796,500.00,UPI,structuring
T005164,2026-09-13T19:53:01,AC68005893,AC79448796,500.00,UPI,structuring
T005165,2026-09-13T19:53:45,AC40811860,AC79448796,500.00,UPI,structuring
T005166,2026-09-13T19:54:45,AC64317606,AC79448796,500.00,UPI,structuring
T005167,2026-09-13T19:54:46,AC78006237,AC79448796,500.00,UPI,structuring
T005168,2026-09-13T19:55:47,AC24063279,AC79448796,500.00,UPI,structuring
T005169,2026-09-13T19:59:38,AC35990584,AC99635023,2243.87,UPI,normal
T005170,2026-09-13T20:01:22,AC42974546,AC79448796,500.00,UPI,structuring
T005171,2026-09-13T20:04:49,AC79019441,AC79448796,500.00,UPI,structuring
T005172,2026-09-13T20:06:20,AC10143467,AC55007604,303310.00,IMPS,layering
T005173,2026-09-13T20:06:23,AC71967692,AC55515398,216.47,IMPS,normal
T005174,2026-09-13T20:10:23,AC22007414,AC79448796,500.00,UPI,structuring
T005175,2026-09-13T20:11:52,AC31669330,AC79448796,500.00,UPI,structuring
T005176,2026-09-13T20:13:02,AC44970682,AC79448796,499.00,UPI,structuring
T005177,2026-09-13T20:13:13,AC81232885,AC40970943,4879.00,IMPS,normal
T005178,2026-09-13T20:15:01,AC15313436,AC79448796,500.00,UPI,structuring
T005179,2026-09-13T20:16:01,AC68005893,AC63453132,964.49,UPI,normal
T005180,2026-09-13T20:17:47,AC34367415,AC79448796,500.00,UPI,structuring
T005181,2026-09-13T20:18:04,AC55909953,AC59117315,591.22,IMPS,normal
T005182,2026-09-13T20:18:11,AC76437986,AC79448796,500.00,UPI,structuring
T005183,2026-09-13T20:19:31,AC29361589,AC19736972,292.98,UPI,normal
T005184,2026-09-13T20:21:46,AC91220385,AC67490644,1246.13,UPI,normal
T005185,2026-09-13T20:24:48,AC24690326,AC79448796,500.00,UPI,structuring
T005186,2026-09-13T20:25:24,AC28752741,AC79448796,500.00,UPI,structuring
T005187,2026-09-13T20:26:47,AC43800696,AC36272404,358.52,UPI,normal
T005188,2026-09-13T20:29:19,AC12474155,AC79448796,500.00,UPI,structuring
T005189,2026-09-13T20:32:48,AC21535642,AC57864027,1435.10,UPI,normal
T005190,2026-09-13T20:33:45,AC74353833,AC19736972,1494.17,NEFT,normal
T005191,2026-09-13T20:34:50,AC27359750,AC98618129,1466.76,NEFT,normal
T005192,2026-09-13T20:35:08,AC37631611,AC79448796,500.00,UPI,structuring
T005193,2026-09-13T20:36:01,AC69072565,AC96363470,1731.86,IMPS,normal
T005194,2026-09-13T20:36:44,AC47455108,AC79448796,500.00,UPI,structuring
T005195,2026-09-13T20:38:34,AC21239731,AC79448796,500.00,UPI,structuring
T005196,2026-09-13T20:39:27,AC27423955,AC79448796,500.00,UPI,structuring
T005197,2026-09-13T20:42:59,AC20809644,AC39472579,383.79,UPI,normal
T005198,2026-09-13T20:46:27,AC18628964,AC79448796,495.00,UPI,structuring
T005199,2026-09-13T20:47:31,AC26331285,AC79448796,500.00,UPI,structuring
T005200,2026-09-13T20:51:20,AC62759119,AC79448796,499.00,UPI,structuring
T005201,2026-09-13T20:53:02,AC27344259,AC79448796,500.00,UPI,structuring
T005202,2026-09-13T20:53:07,AC98115205,AC79448796,500.00,UPI,structuring
T005203,2026-09-13T20:55:30,AC98358257,AC79448796,500.00,UPI,structuring
T005204,2026-09-13T20:59:02,AC66599395,AC59148289,295.87,UPI,normal
T005205,2026-09-13T20:59:26,AC37080875,AC79448796,500.00,UPI,structuring
T005206,2026-09-13T21:00:02,AC73721294,AC79448796,500.00,UPI,structuring
T005207,2026-09-13T21:00:11,AC26487605,AC73551145,364.00,IMPS,normal
T005208,2026-09-13T21:00:18,AC66255890,AC29190316,716.08,UPI,normal
T005209,2026-09-13T21:01:42,AC56647663,AC79448796,500.00,UPI,structuring
T005210,2026-09-13T21:04:45,AC47455108,AC79448796,500.00,UPI,structuring
T005211,2026-09-13T21:05:29,AC29619183,AC29190316,6343.72,UPI,normal
T005212,2026-09-13T21:07:27,AC84550146,AC42297987,142.49,NEFT,normal
T005213,2026-09-13T21:08:12,AC61780050,AC98618129,602.79,IMPS,normal
T005214,2026-09-13T21:09:21,AC16761851,AC79448796,500.00,UPI,structuring
T005215,2026-09-13T21:10:24,AC49321318,AC12614954,892.65,UPI,normal
T005216,2026-09-13T21:11:19,AC66119495,AC30729474,2916.17,UPI,normal
T005217,2026-09-13T21:11:44,AC25809806,AC98618129,2687.92,IMPS,normal
T005218,2026-09-13T21:12:24,AC40675978,AC79448796,500.00,UPI,structuring
T005219,2026-09-13T21:13:12,AC70904451,AC79448796,490.00,UPI,structuring
T005220,2026-09-13T21:13:39,AC39851095,AC79448796,500.00,UPI,structuring
T005221,2026-09-13T21:13:55,AC37080875,AC79448796,500.00,UPI,structuring
T005222,2026-09-13T21:14:37,AC12510524,AC99635023,764.16,UPI,normal
T005223,2026-09-13T21:15:34,AC45951526,AC79448796,500.00,UPI,structuring
T005224,2026-09-13T21:15:39,AC62992312,AC83849218,973.00,IMPS,normal
T005225,2026-09-13T21:15:50,AC15262308,AC30729474,687.58,NEFT,normal
T005226,2026-09-13T21:18:34,AC24264840,AC79448796,500.00,UPI,structuring
T005227,2026-09-13T21:18:37,AC56573688,AC79448796,490.00,UPI,structuring
T005228,2026-09-13T21:22:00,AC95341298,AC29190316,746.08,IMPS,normal
T005229,2026-09-13T21:22:28,AC83517017,AC39472579,385.09,IMPS,normal
T005230,2026-09-13T21:22:50,AC40675978,AC79448796,500.00,UPI,structuring
T005231,2026-09-13T21:28:31,AC39851095,AC79448796,495.00,UPI,structuring
T005232,2026-09-13T21:29:16,AC93443625,AC79448796,500.00,UPI,structuring
T005233,2026-09-13T21:30:28,AC62759119,AC79448796,500.00,UPI,structuring
T005234,2026-09-13T21:32:53,AC42002360,AC79448796,500.00,UPI,structuring
T005235,2026-09-13T21:33:55,AC24063279,AC79448796,500.00,UPI,structuring
T005236,2026-09-13T21:35:35,AC18941925,AC79448796,500.00,UPI,structuring
T005237,2026-09-13T21:36:19,AC37080875,AC79448796,500.00,UPI,structuring
T005238,2026-09-13T21:40:36,AC56647663,AC79448796,500.00,UPI,structuring
T005239,2026-09-13T21:40:38,AC18354761,AC57864027,543.56,UPI,normal
T005240,2026-09-13T21:41:32,AC24690326,AC79448796,500.00,UPI,structuring
T005241,2026-09-13T21:42:07,AC66070842,AC79448796,450.00,UPI,structuring
T005242,2026-09-13T21:44:48,AC11549722,AC79448796,500.00,UPI,structuring
T005243,2026-09-13T21:45:57,AC79092953,AC79448796,500.00,UPI,structuring
T005244,2026-09-13T21:46:04,AC55909953,AC55515398,800.12,UPI,normal
T005245,2026-09-13T21:46:46,AC77867728,AC79448796,495.00,UPI,structuring
T005246,2026-09-13T21:49:48,AC82021083,AC79448796,500.00,UPI,structuring
T005247,2026-09-13T21:51:24,AC92083983,AC40026139,1242.36,UPI,normal
T005248,2026-09-13T21:52:31,AC47455108,AC79448796,450.00,UPI,structuring
T005249,2026-09-13T21:53:01,AC64485395,AC79448796,500.00,UPI,structuring
T005250,2026-09-13T21:53:10,AC70002780,AC79448796,495.00,UPI,structuring
T005251,2026-09-13T21:54:07,AC93742074,AC79448796,500.00,UPI,structuring
T005252,2026-09-13T21:54:17,AC98027796,AC42297987,96.01,NEFT,normal
T005253,2026-09-13T21:54:18,AC82021083,AC79448796,500.00,UPI,structuring
T005254,2026-09-13T21:54:20,AC16761851,AC79448796,490.00,UPI,structuring
T005255,2026-09-13T21:55:51,AC39851095,AC79448796,500.00,UPI,structuring
T005256,2026-09-13T21:57:25,AC21378775,AC38546741,680.39,UPI,normal
T005257,2026-09-13T21:57:42,AC79092953,AC79448796,499.00,UPI,structuring
T005258,2026-09-13T21:57:57,AC18505221,AC52751778,233.11,UPI,normal
T005259,2026-09-13T21:58:55,AC21887116,AC79448796,500.00,UPI,structuring
T005260,2026-09-13T22:00:39,AC37631611,AC79448796,500.00,UPI,structuring
T005261,2026-09-13T22:01:17,AC99745048,AC30729474,1174.74,IMPS,normal
T005262,2026-09-13T22:02:07,AC55520180,AC79448796,500.00,UPI,structuring
T005263,2026-09-13T22:03:08,AC66455770,AC31849997,529.90,IMPS,normal
T005264,2026-09-13T22:05:00,AC27388652,AC79448796,500.00,UPI,structuring
T005265,2026-09-13T22:07:31,AC70241505,AC22374072,146.65,NEFT,normal
T005266,2026-09-13T22:08:24,AC32420002,AC66542771,564.24,NEFT,normal
T005267,2026-09-13T22:08:24,AC87097845,AC98618129,461.38,NEFT,normal
T005268,2026-09-13T22:09:04,AC12474155,AC79448796,500.00,UPI,structuring
T005269,2026-09-13T22:11:37,AC66673996,AC79448796,490.00,UPI,structuring
T005270,2026-09-13T22:12:03,AC28752741,AC79448796,500.00,UPI,structuring
T005271,2026-09-13T22:12:11,AC15798969,AC79448796,499.00,UPI,structuring
T005272,2026-09-13T22:13:44,AC81232885,AC84363365,39.52,UPI,normal
T005273,2026-09-13T22:16:28,AC55997036,AC79448796,500.00,UPI,structuring
T005274,2026-09-13T22:17:50,AC42762079,AC99635023,463.53,IMPS,normal
T005275,2026-09-13T22:17:51,AC66070842,AC79448796,500.00,UPI,structuring
T005276,2026-09-13T22:18:04,AC95421789,AC30729474,551.56,NEFT,normal
T005277,2026-09-13T22:19:26,AC11549722,AC79448796,500.00,UPI,structuring
T005278,2026-09-13T22:20:03,AC30047826,AC79448796,500.00,UPI,structuring
T005279,2026-09-13T22:23:19,AC54629703,AC39472579,480.24,UPI,normal
T005280,2026-09-13T22:23:39,AC70712824,AC59117315,431.67,UPI,normal
T005281,2026-09-13T22:27:29,AC73721294,AC79448796,500.00,UPI,structuring
T005282,2026-09-13T22:27:53,AC79571586,AC64198427,1537.95,UPI,normal
T005283,2026-09-13T22:28:56,AC29619183,AC40026139,1375.47,UPI,normal
T005284,2026-09-13T22:32:12,AC42974546,AC79448796,500.00,UPI,structuring
T005285,2026-09-13T22:33:01,AC83960561,AC79448796,500.00,UPI,structuring
T005286,2026-09-13T22:33:41,AC56100526,AC57864027,501.93,IMPS,normal
T005287,2026-09-13T22:34:25,AC21282512,AC79448796,500.00,UPI,structuring
T005288,2026-09-13T22:34:52,AC18505221,AC71230843,227.00,UPI,normal
T005289,2026-09-13T22:34:53,AC28689916,AC39472579,471.46,UPI,normal
T005290,2026-09-13T22:38:39,AC80721337,AC79448796,500.00,UPI,structuring
T005291,2026-09-13T22:41:19,AC80721337,AC79448796,500.00,UPI,structuring
T005292,2026-09-13T22:41:57,AC44709914,AC79448796,500.00,UPI,structuring
T005293,2026-09-13T22:42:24,AC51403729,AC63453132,661.94,UPI,normal
T005294,2026-09-13T22:44:12,AC39673100,AC99635023,88.92,NEFT,normal
T005295,2026-09-13T22:45:18,AC78754679,AC79448796,450.00,UPI,structuring
T005296,2026-09-13T22:45:37,AC26093192,AC22374072,565.84,UPI,normal
T005297,2026-09-13T22:45:44,AC17299905,AC79448796,500.00,UPI,structuring
T005298,2026-09-13T22:46:00,AC27050801,AC67490644,133.18,NEFT,normal
T005299,2026-09-13T22:46:37,AC15032582,AC66542771,506.31,UPI,normal
T005300,2026-09-13T22:47:25,AC56573688,AC79448796,500.00,UPI,structuring
T005301,2026-09-13T22:48:03,AC64485395,AC79448796,500.00,UPI,structuring
T005302,2026-09-13T22:52:04,AC79476293,AC98618129,228.32,NEFT,normal
T005303,2026-09-13T22:53:21,AC39851095,AC79448796,500.00,UPI,structuring
T005304,2026-09-13T22:55:20,AC24264840,AC79448796,500.00,UPI,structuring
T005305,2026-09-13T22:56:02,AC34608019,AC79448796,500.00,UPI,structuring
T005306,2026-09-14T00:05:53,AC55007604,AC61221056,300440.00,IMPS,layering
T005307,2026-09-14T02:11:45,AC29309252,AC63621481,199186.00,NEFT,round_trip
T005308,2026-09-14T04:03:30,AC61221056,AC21259600,294529.00,NEFT,layering
T005309,2026-09-14T07:02:46,AC51309941,AC79448796,500.00,UPI,structuring
T005310,2026-09-14T07:02:55,AC70288912,AC39472579,243.33,UPI,normal
T005311,2026-09-14T07:09:15,AC67085086,AC79448796,500.00,UPI,structuring
T005312,2026-09-14T07:09:22,AC40811860,AC79448796,500.00,UPI,structuring
T005313,2026-09-14T07:11:25,AC50234045,AC40026139,549.48,IMPS,normal
T005314,2026-09-14T07:11:43,AC95359381,AC79448796,500.00,UPI,structuring
T005315,2026-09-14T07:12:24,AC30306925,AC39472579,166.05,IMPS,normal
T005316,2026-09-14T07:12:44,AC42762079,AC96363470,325.33,IMPS,normal
T005317,2026-09-14T07:12:55,AC34608019,AC79448796,500.00,UPI,structuring
T005318,2026-09-14T07:14:01,AC46308897,AC79448796,500.00,UPI,structuring
T005319,2026-09-14T07:14:39,AC53895707,AC79448796,500.00,UPI,structuring
T005320,2026-09-14T07:15:31,AC82903368,AC30729474,131.67,UPI,normal
T005321,2026-09-14T07:18:04,AC12437810,AC79448796,500.00,UPI,structuring
T005322,2026-09-14T07:18:36,AC68240437,AC99635023,248.58,UPI,normal
T005323,2026-09-14T07:20:58,AC57740731,AC22374072,222.59,NEFT,normal
T005324,2026-09-14T07:21:50,AC42284650,AC39472579,666.26,UPI,normal
T005325,2026-09-14T07:22:17,AC98358257,AC79448796,500.00,UPI,structuring
T005326,2026-09-14T07:26:37,AC59560375,AC99635023,234.56,UPI,normal
T005327,2026-09-14T07:27:59,AC53895707,AC79448796,500.00,UPI,structuring
T005328,2026-09-14T07:28:45,AC27874421,AC28422000,1761.92,UPI,normal
T005329,2026-09-14T07:28:53,AC23793831,AC31671607,2383.46,NEFT,normal
T005330,2026-09-14T07:29:11,AC36832537,AC79203339,220.93,UPI,normal
T005331,2026-09-14T07:31:15,AC15798969,AC79448796,500.00,UPI,structuring
T005332,2026-09-14T07:32:44,AC93443625,AC79448796,500.00,UPI,structuring
T005333,2026-09-14T07:32:46,AC53895707,AC79448796,500.00,UPI,structuring
T005334,2026-09-14T07:33:30,AC30047826,AC79448796,500.00,UPI,structuring
T005335,2026-09-14T07:34:30,AC98115205,AC79448796,490.00,UPI,structuring
T005336,2026-09-14T07:36:41,AC12474155,AC79448796,500.00,UPI,structuring
T005337,2026-09-14T07:38:43,AC66599395,AC63873226,149.00,NEFT,normal
T005338,2026-09-14T07:40:17,AC41317839,AC39472579,702.46,UPI,normal
T005339,2026-09-14T07:42:28,AC64485395,AC79448796,500.00,UPI,structuring
T005340,2026-09-14T07:42:40,AC51874911,AC79448796,500.00,UPI,structuring
T005341,2026-09-14T07:43:09,AC66070842,AC79448796,500.00,UPI,structuring
T005342,2026-09-14T07:45:58,AC51309941,AC79448796,500.00,UPI,structuring
T005343,2026-09-14T07:48:24,AC45951526,AC79448796,500.00,UPI,structuring
T005344,2026-09-14T07:48:56,AC11549722,AC79448796,500.00,UPI,structuring
T005345,2026-09-14T07:49:47,AC34313000,AC79448796,500.00,UPI,structuring
T005346,2026-09-14T07:50:16,AC16252221,AC63453132,603.09,UPI,normal
T005347,2026-09-14T07:50:35,AC22633920,AC59117315,558.68,IMPS,normal
T005348,2026-09-14T07:52:03,AC79019441,AC79448796,500.00,UPI,structuring
T005349,2026-09-14T07:52:05,AC81380338,AC22374072,1668.87,IMPS,normal
T005350,2026-09-14T07:52:17,AC76627625,AC39472579,1290.08,IMPS,normal
T005351,2026-09-14T07:52:43,AC73721294,AC79448796,500.00,UPI,structuring
T005352,2026-09-14T07:54:58,AC45265254,AC98618129,383.73,UPI,normal
T005353,2026-09-14T07:55:28,AC46094290,AC79448796,500.00,UPI,structuring
T005354,2026-09-14T07:57:20,AC79019441,AC79448796,500.00,UPI,structuring
T005355,2026-09-14T08:01:06,AC17721077,AC79448796,500.00,UPI,structuring
T005356,2026-09-14T08:01:53,AC15313436,AC79448796,500.00,UPI,structuring
T005357,2026-09-14T08:02:03,AC62759119,AC79448796,499.00,UPI,structuring
T005358,2026-09-14T08:02:07,AC30926211,AC99855030,709.69,UPI,normal
T005359,2026-09-14T08:02:32,AC74160948,AC99635023,127.20,UPI,normal
T005360,2026-09-14T08:02:51,AC34608019,AC79448796,500.00,UPI,structuring
T005361,2026-09-14T08:04:43,AC34473646,AC40026139,600.85,UPI,normal
T005362,2026-09-14T08:05:09,AC46308897,AC79448796,500.00,UPI,structuring
T005363,2026-09-14T08:07:07,AC10031310,AC55515398,71.18,UPI,normal
T005364,2026-09-14T08:07:36,AC80721337,AC79448796,500.00,UPI,structuring
T005365,2026-09-14T08:08:45,AC70904451,AC79448796,500.00,UPI,structuring
T005366,2026-09-14T08:08:54,AC14959258,AC79448796,490.00,UPI,structuring
T005367,2026-09-14T08:09:05,AC18724149,AC50638453,397.44,UPI,normal
T005368,2026-09-14T08:10:55,AC45494011,AC79448796,500.00,UPI,structuring
T005369,2026-09-14T08:15:00,AC43614663,AC79448796,500.00,UPI,structuring
T005370,2026-09-14T08:15:45,AC53895707,AC79448796,500.00,UPI,structuring
T005371,2026-09-14T08:16:09,AC36192056,AC39472579,767.07,UPI,normal
T005372,2026-09-14T08:16:27,AC13740078,AC42297987,981.90,UPI,normal
T005373,2026-09-14T08:20:24,AC37631611,AC79448796,500.00,UPI,structuring
T005374,2026-09-14T08:21:27,AC36658926,AC79448796,500.00,UPI,structuring
T005375,2026-09-14T08:22:44,AC58530762,AC30106149,717.00,UPI,normal
T005376,2026-09-14T08:24:13,AC47290936,AC72778440,1386.98,UPI,normal
T005377,2026-09-14T08:26:34,AC77120755,AC79448796,495.00,UPI,structuring
T005378,2026-09-14T08:32:12,AC68005893,AC79448796,500.00,UPI,structuring
T005379,2026-09-14T08:32:20,AC81281134,AC79448796,500.00,UPI,structuring
T005380,2026-09-14T08:33:08,AC86583954,AC79448796,500.00,UPI,structuring
T005381,2026-09-14T08:34:26,AC86583954,AC79448796,500.00,UPI,structuring
T005382,2026-09-14T08:35:28,AC12474155,AC79448796,450.00,UPI,structuring
T005383,2026-09-14T08:37:56,AC30106149,AC33131984,1766.00,NEFT,normal
T005384,2026-09-14T08:39:20,AC30926211,AC59148289,1469.47,UPI,normal
T005385,2026-09-14T08:39:35,AC93760773,AC29190316,770.96,IMPS,normal
T005386,2026-09-14T08:40:08,AC70904451,AC79448796,500.00,UPI,structuring
T005387,2026-09-14T08:40:15,AC39851095,AC79448796,499.00,UPI,structuring
T005388,2026-09-14T08:40:18,AC56647663,AC79448796,500.00,UPI,structuring
T005389,2026-09-14T08:40:34,AC43234300,AC59148289,200.59,NEFT,normal
T005390,2026-09-14T08:42:19,AC91907998,AC40026139,183.05,UPI,normal
T005391,2026-09-14T08:42:37,AC44709914,AC79448796,500.00,UPI,structuring
T005392,2026-09-14T08:42:48,AC27388652,AC79448796,500.00,UPI,structuring
T005393,2026-09-14T08:43:07,AC62664205,AC86013032,3223.00,UPI,normal
T005394,2026-09-14T08:43:13,AC73721294,AC79448796,500.00,UPI,structuring
T005395,2026-09-14T08:46:09,AC22562241,AC99635023,1819.84,UPI,normal
T005396,2026-09-14T08:47:15,AC71230843,AC99635023,573.61,UPI,normal
T005397,2026-09-14T08:48:58,AC33651543,AC30729474,1290.85,IMPS,normal
T005398,2026-09-14T08:49:53,AC70002780,AC79448796,500.00,UPI,structuring
T005399,2026-09-14T08:51:44,AC50937131,AC79448796,500.00,UPI,structuring
T005400,2026-09-14T08:54:33,AC34608019,AC79448796,500.00,UPI,structuring
T005401,2026-09-14T08:54:50,AC27388652,AC79448796,500.00,UPI,structuring
T005402,2026-09-14T08:57:31,AC42002360,AC79448796,490.00,UPI,structuring
T005403,2026-09-14T09:00:11,AC44970682,AC79448796,500.00,UPI,structuring
T005404,2026-09-14T09:00:27,AC33131984,AC99635023,860.69,UPI,normal
T005405,2026-09-14T09:01:06,AC80676511,AC52751778,906.46,UPI,normal
T005406,2026-09-14T09:01:40,AC30106149,AC38546741,538.34,UPI,normal
T005407,2026-09-14T09:06:35,AC45494011,AC79448796,450.00,UPI,structuring
T005408,2026-09-14T09:09:07,AC91628191,AC79448796,500.00,UPI,structuring
T005409,2026-09-14T09:11:19,AC66070842,AC79448796,500.00,UPI,structuring
T005410,2026-09-14T09:12:42,AC45265254,AC29190316,418.02,UPI,normal
T005411,2026-09-14T09:13:48,AC67390467,AC99635023,335.61,UPI,normal
T005412,2026-09-14T09:14:27,AC34313000,AC79448796,500.00,UPI,structuring
T005413,2026-09-14T09:15:55,AC78754679,AC79448796,500.00,UPI,structuring
T005414,2026-09-14T09:16:24,AC34608019,AC79448796,500.00,UPI,structuring
T005415,2026-09-14T09:18:30,AC83849218,AC55515398,586.17,NEFT,normal
T005416,2026-09-14T09:21:48,AC85064182,AC79203339,1836.44,NEFT,normal
T005417,2026-09-14T09:22:14,AC81232885,AC78741149,992.00,NEFT,normal
T005418,2026-09-14T09:22:43,AC24063279,AC79448796,500.00,UPI,structuring
T005419,2026-09-14T09:22:50,AC84231009,AC79448796,500.00,UPI,structuring
T005420,2026-09-14T09:23:08,AC24690326,AC79448796,500.00,UPI,structuring
T005421,2026-09-14T09:25:15,AC42974546,AC79203339,1223.65,IMPS,normal
T005422,2026-09-14T09:26:12,AC79019441,AC79448796,500.00,UPI,structuring
T005423,2026-09-14T09:30:46,AC43614663,AC79448796,450.00,UPI,structuring
T005424,2026-09-14T09:31:28,AC83744576,AC38546741,376.27,NEFT,normal
T005425,2026-09-14T09:31:51,AC73093067,AC31671607,528.88,NEFT,normal
T005426,2026-09-14T09:34:05,AC30047826,AC79448796,500.00,UPI,structuring
T005427,2026-09-14T09:34:19,AC84550146,AC26421523,407.74,NEFT,normal
T005428,2026-09-14T09:35:27,AC35428420,AC79448796,500.00,UPI,structuring
T005429,2026-09-14T09:36:24,AC24690326,AC79448796,500.00,UPI,structuring
T005430,2026-09-14T09:36:42,AC48917884,AC79448796,500.00,UPI,structuring
T005431,2026-09-14T09:37:13,AC83270296,AC79448796,500.00,UPI,structuring
T005432,2026-09-14T09:37:19,AC18288654,AC52164119,1453.00,NEFT,normal
T005433,2026-09-14T09:37:27,AC93443625,AC79448796,500.00,UPI,structuring
T005434,2026-09-14T09:38:02,AC17721077,AC79448796,500.00,UPI,structuring
T005435,2026-09-14T09:42:08,AC27874421,AC30729474,2746.27,NEFT,normal
T005436,2026-09-14T09:49:45,AC42002360,AC79448796,500.00,UPI,structuring
T005437,2026-09-14T09:51:15,AC27423955,AC79448796,495.00,UPI,structuring
T005438,2026-09-14T09:54:26,AC83270296,AC79448796,500.00,UPI,structuring
T005439,2026-09-14T09:54:58,AC27388652,AC79448796,450.00,UPI,structuring
T005440,2026-09-14T09:55:59,AC14959258,AC79448796,500.00,UPI,structuring
T005441,2026-09-14T10:04:50,AC55641228,AC30729474,920.03,UPI,normal
T005442,2026-09-14T10:05:53,AC24063279,AC79448796,500.00,UPI,structuring
T005443,2026-09-14T10:07:06,AC19719255,AC79448796,500.00,UPI,structuring
T005444,2026-09-14T10:09:35,AC64317606,AC79448796,500.00,UPI,structuring
T005445,2026-09-14T10:10:12,AC12059721,AC79448796,500.00,UPI,structuring
T005446,2026-09-14T10:19:29,AC10527808,AC26421523,137.45,IMPS,normal
T005447,2026-09-14T10:19:57,AC77120755,AC79448796,499.00,UPI,structuring
T005448,2026-09-14T10:20:26,AC28752741,AC79448796,500.00,UPI,structuring
T005449,2026-09-14T10:21:24,AC25146464,AC79448796,500.00,UPI,structuring
T005450,2026-09-14T10:21:53,AC18427393,AC52410090,447.49,IMPS,normal
T005451,2026-09-14T10:22:01,AC13749650,AC59117315,287.41,UPI,normal
T005452,2026-09-14T10:23:21,AC86910239,AC63453132,3643.10,UPI,normal
T005453,2026-09-14T10:23:41,AC88592782,AC29190316,3615.06,NEFT,normal
T005454,2026-09-14T10:24:18,AC50298754,AC84363365,590.91,UPI,normal
T005455,2026-09-14T10:26:31,AC81281134,AC79448796,500.00,UPI,structuring
T005456,2026-09-14T10:26:31,AC76437986,AC79448796,490.00,UPI,structuring
T005457,2026-09-14T10:26:38,AC28377915,AC29190316,219.87,UPI,normal
T005458,2026-09-14T10:30:16,AC93742074,AC79448796,500.00,UPI,structuring
T005459,2026-09-14T10:31:02,AC78203564,AC59117315,1619.04,UPI,normal
T005460,2026-09-14T10:32:26,AC13697544,AC40026139,4429.07,IMPS,normal
T005461,2026-09-14T10:33:14,AC28752741,AC79448796,495.00,UPI,structuring
T005462,2026-09-14T10:43:30,AC23711300,AC55515398,259.89,UPI,normal
T005463,2026-09-14T10:44:08,AC81281134,AC79448796,500.00,UPI,structuring
T005464,2026-09-14T10:44:15,AC80721337,AC79448796,500.00,UPI,structuring
T005465,2026-09-14T10:46:21,AC22215229,AC99855030,372.19,NEFT,normal
T005466,2026-09-14T10:46:52,AC76453392,AC16252221,2309.00,NEFT,normal
T005467,2026-09-14T10:47:34,AC18941925,AC79448796,500.00,UPI,structuring
T005468,2026-09-14T10:47:53,AC76437986,AC79448796,500.00,UPI,structuring
T005469,2026-09-14T10:48:08,AC94378806,AC79448796,500.00,UPI,structuring
T005470,2026-09-14T10:49:26,AC76385704,AC79448796,500.00,UPI,structuring
T005471,2026-09-14T10:49:29,AC77120755,AC79448796,490.00,UPI,structuring
T005472,2026-09-14T10:52:50,AC93760773,AC72778440,5241.42,IMPS,normal
T005473,2026-09-14T10:54:46,AC84231009,AC79448796,500.00,UPI,structuring
T005474,2026-09-14T10:55:30,AC51403729,AC30729474,730.87,UPI,normal
T005475,2026-09-14T10:55:47,AC81281134,AC79448796,500.00,UPI,structuring
T005476,2026-09-14T10:57:52,AC33131984,AC67490644,538.82,UPI,normal
T005477,2026-09-14T10:58:49,AC44785794,AC30729474,113.89,UPI,normal
T005478,2026-09-14T10:59:07,AC55520180,AC79448796,500.00,UPI,structuring
T005479,2026-09-14T10:59:13,AC68005893,AC79448796,500.00,UPI,structuring
T005480,2026-09-14T10:59:28,AC76453392,AC40026139,2020.95,UPI,normal
T005481,2026-09-14T11:01:29,AC46308897,AC79448796,500.00,UPI,structuring
T005482,2026-09-14T11:01:41,AC43234300,AC37643310,2777.00,NEFT,normal
T005483,2026-09-14T11:04:19,AC74353833,AC84363365,279.37,IMPS,normal
T005484,2026-09-14T11:04:32,AC67085086,AC79448796,500.00,UPI,structuring
T005485,2026-09-14T11:07:51,AC12059721,AC79448796,500.00,UPI,structuring
T005486,2026-09-14T11:10:12,AC76627625,AC40026139,331.45,UPI,normal
T005487,2026-09-14T11:11:28,AC74353833,AC39472579,943.51,UPI,normal
T005488,2026-09-14T11:12:34,AC30047826,AC79448796,500.00,UPI,structuring
T005489,2026-09-14T11:13:20,AC25716331,AC36272404,428.35,NEFT,normal
T005490,2026-09-14T11:14:21,AC34367415,AC79448796,500.00,UPI,structuring
T005491,2026-09-14T11:21:15,AC38558820,AC84363365,654.57,UPI,normal
T005492,2026-09-14T11:21:38,AC21239731,AC79448796,500.00,UPI,structuring
T005493,2026-09-14T11:22:11,AC18302983,AC99635023,9919.61,UPI,normal
T005494,2026-09-14T11:23:17,AC18302983,AC92306098,4568.00,IMPS,normal
T005495,2026-09-14T11:24:51,AC64317606,AC79448796,500.00,UPI,structuring
T005496,2026-09-14T11:25:12,AC86583954,AC79448796,500.00,UPI,structuring
T005497,2026-09-14T11:26:28,AC62992312,AC50638453,301.49,UPI,normal
T005498,2026-09-14T11:26:46,AC98115205,AC79448796,500.00,UPI,structuring
T005499,2026-09-14T11:28:08,AC68005893,AC79448796,490.00,UPI,structuring
T005500,2026-09-14T11:28:32,AC66238912,AC31849997,100.86,UPI,normal
T005501,2026-09-14T11:29:42,AC46298660,AC79448796,500.00,UPI,structuring
T005502,2026-09-14T11:30:12,AC49655179,AC79448796,500.00,UPI,structuring
T005503,2026-09-14T11:31:31,AC68005893,AC79448796,500.00,UPI,structuring
T005504,2026-09-14T11:34:05,AC88592782,AC38546741,506.39,IMPS,normal
T005505,2026-09-14T11:34:37,AC92418944,AC26421523,340.31,NEFT,normal
T005506,2026-09-14T11:35:26,AC46230636,AC59148289,1001.83,UPI,normal
T005507,2026-09-14T11:36:05,AC66255890,AC39472579,705.57,UPI,normal
T005508,2026-09-14T11:36:39,AC84231009,AC79448796,500.00,UPI,structuring
T005509,2026-09-14T11:37:00,AC21282512,AC79448796,500.00,UPI,structuring
T005510,2026-09-14T11:38:17,AC46308897,AC79448796,500.00,UPI,structuring
T005511,2026-09-14T11:40:14,AC12059721,AC79448796,490.00,UPI,structuring
T005512,2026-09-14T11:40:16,AC67085086,AC79448796,499.00,UPI,structuring
T005513,2026-09-14T11:40:22,AC11549722,AC79448796,500.00,UPI,structuring
T005514,2026-09-14T11:40:40,AC21378775,AC72778440,3136.22,NEFT,normal
T005515,2026-09-14T11:40:50,AC34313000,AC79448796,450.00,UPI,structuring
T005516,2026-09-14T11:43:37,AC76437986,AC79448796,490.00,UPI,structuring
T005517,2026-09-14T11:44:44,AC22007414,AC79448796,500.00,UPI,structuring
T005518,2026-09-14T11:44:54,AC64317606,AC79448796,500.00,UPI,structuring
T005519,2026-09-14T11:46:45,AC47455108,AC79448796,495.00,UPI,structuring
T005520,2026-09-14T11:49:20,AC46496546,AC79448796,490.00,UPI,structuring
T005521,2026-09-14T11:52:32,AC81366283,AC59148289,8251.25,IMPS,normal
T005522,2026-09-14T11:53:23,AC17626596,AC62662255,1453.63,NEFT,normal
T005523,2026-09-14T11:53:49,AC42002360,AC79448796,500.00,UPI,structuring
T005524,2026-09-14T11:56:19,AC82021083,AC79448796,500.00,UPI,structuring
T005525,2026-09-14T11:58:07,AC85201674,AC31671607,1454.57,IMPS,normal
T005526,2026-09-14T11:59:29,AC12437810,AC79448796,500.00,UPI,structuring
T005527,2026-09-14T12:02:09,AC97255749,AC79448796,500.00,UPI,structuring
T005528,2026-09-14T12:02:36,AC44970682,AC79448796,500.00,UPI,structuring
T005529,2026-09-14T12:03:14,AC79019441,AC79448796,499.00,UPI,structuring
T005530,2026-09-14T12:07:30,AC56647663,AC79448796,500.00,UPI,structuring
T005531,2026-09-14T12:09:14,AC78006237,AC79448796,500.00,UPI,structuring
T005532,2026-09-14T12:12:19,AC16480894,AC59148289,748.02,NEFT,normal
T005533,2026-09-14T12:12:44,AC17721077,AC79448796,500.00,UPI,structuring
T005534,2026-09-14T12:14:22,AC77854192,AC29190316,175.03,UPI,normal
T005535,2026-09-14T12:15:30,AC64485395,AC79448796,500.00,UPI,structuring
T005536,2026-09-14T12:19:44,AC78710461,AC84363365,1154.91,UPI,normal
T005537,2026-09-14T12:21:23,AC50937131,AC79448796,500.00,UPI,structuring
T005538,2026-09-14T12:21:30,AC24690326,AC79448796,500.00,UPI,structuring
T005539,2026-09-14T12:22:26,AC66673996,AC28422000,858.90,NEFT,normal
T005540,2026-09-14T12:28:27,AC20418044,AC30729474,4268.74,IMPS,normal
T005541,2026-09-14T12:31:16,AC91996233,AC30729474,4814.55,IMPS,normal
T005542,2026-09-14T12:33:26,AC21643368,AC59117315,219.27,UPI,normal
T005543,2026-09-14T12:34:28,AC51874911,AC79448796,500.00,UPI,structuring
T005544,2026-09-14T12:37:25,AC34313000,AC79448796,500.00,UPI,structuring
T005545,2026-09-14T12:37:32,AC55997036,AC79448796,500.00,UPI,structuring
T005546,2026-09-14T12:39:46,AC37430528,AC63778945,217.00,NEFT,normal
T005547,2026-09-14T12:40:11,AC80490681,AC40026139,1122.19,NEFT,normal
T005548,2026-09-14T12:40:39,AC12510524,AC19736972,3983.19,UPI,normal
T005549,2026-09-14T12:41:55,AC80881649,AC40026139,254.54,NEFT,normal
T005550,2026-09-14T12:42:42,AC49655179,AC79448796,500.00,UPI,structuring
T005551,2026-09-14T12:43:45,AC14959258,AC50638453,547.80,NEFT,normal
T005552,2026-09-14T12:44:13,AC25146464,AC79448796,500.00,UPI,structuring
T005553,2026-09-14T12:46:45,AC70904451,AC79448796,500.00,UPI,structuring
T005554,2026-09-14T12:48:23,AC16761851,AC79448796,495.00,UPI,structuring
T005555,2026-09-14T12:50:51,AC46308897,AC79448796,500.00,UPI,structuring
T005556,2026-09-14T12:51:20,AC46298660,AC79448796,500.00,UPI,structuring
T005557,2026-09-14T12:52:02,AC18941925,AC79448796,500.00,UPI,structuring
T005558,2026-09-14T12:52:35,AC46094290,AC79448796,500.00,UPI,structuring
T005559,2026-09-14T12:52:44,AC64485395,AC79448796,500.00,UPI,structuring
T005560,2026-09-14T12:53:13,AC42974546,AC79448796,500.00,UPI,structuring
T005561,2026-09-14T12:54:10,AC45951526,AC79448796,500.00,UPI,structuring
T005562,2026-09-14T12:54:16,AC64485395,AC79448796,500.00,UPI,structuring
T005563,2026-09-14T12:57:37,AC81576359,AC84363365,2043.73,NEFT,normal
T005564,2026-09-14T13:05:11,AC66238912,AC39472579,291.02,IMPS,normal
T005565,2026-09-14T13:12:58,AC86583954,AC79448796,500.00,UPI,structuring
T005566,2026-09-14T13:15:07,AC27874421,AC42297987,200.76,UPI,normal
T005567,2026-09-14T13:15:44,AC39962626,AC96363470,70.41,UPI,normal
T005568,2026-09-14T13:16:02,AC68005893,AC79448796,500.00,UPI,structuring
T005569,2026-09-14T13:19:24,AC67085086,AC79448796,500.00,UPI,structuring
T005570,2026-09-14T13:21:00,AC69819079,AC79448796,495.00,UPI,structuring
T005571,2026-09-14T13:21:24,AC84231009,AC79448796,500.00,UPI,structuring
T005572,2026-09-14T13:23:41,AC30047826,AC79448796,500.00,UPI,structuring
T005573,2026-09-14T13:25:43,AC27344259,AC79448796,500.00,UPI,structuring
T005574,2026-09-14T13:26:15,AC66673996,AC79448796,500.00,UPI,structuring
T005575,2026-09-14T13:26:55,AC24690326,AC79448796,500.00,UPI,structuring
T005576,2026-09-14T13:27:28,AC56625835,AC39472579,1144.21,UPI,normal
T005577,2026-09-14T13:29:22,AC81281134,AC79448796,500.00,UPI,structuring
T005578,2026-09-14T13:29:34,AC42130069,AC22374072,654.50,NEFT,normal
T005579,2026-09-14T13:32:32,AC79092953,AC79448796,500.00,UPI,structuring
T005580,2026-09-14T13:32:50,AC24264840,AC79448796,500.00,UPI,structuring
T005581,2026-09-14T13:33:05,AC42002360,AC79448796,500.00,UPI,structuring
T005582,2026-09-14T13:34:28,AC15798969,AC79448796,500.00,UPI,structuring
T005583,2026-09-14T13:38:59,AC70712824,AC99635023,6006.80,UPI,normal
T005584,2026-09-14T13:40:31,AC66119495,AC88590039,4277.00,NEFT,normal
T005585,2026-09-14T13:43:48,AC45265254,AC57864027,637.23,IMPS,normal
T005586,2026-09-14T13:44:40,AC54246886,AC12614954,3877.77,NEFT,normal
T005587,2026-09-14T13:45:54,AC12059721,AC79448796,500.00,UPI,structuring
T005588,2026-09-14T13:46:30,AC73721294,AC79448796,500.00,UPI,structuring
T005589,2026-09-14T13:47:00,AC97908110,AC70712824,4836.00,UPI,normal
T005590,2026-09-14T13:47:22,AC35428420,AC79448796,500.00,UPI,structuring
T005591,2026-09-14T13:49:09,AC40675978,AC79448796,500.00,UPI,structuring
T005592,2026-09-14T13:51:36,AC12059721,AC79448796,500.00,UPI,structuring
T005593,2026-09-14T13:52:02,AC34313000,AC79448796,500.00,UPI,structuring
T005594,2026-09-14T13:54:12,AC78754679,AC79448796,500.00,UPI,structuring
T005595,2026-09-14T13:54:34,AC33877318,AC79448796,490.00,UPI,structuring
T005596,2026-09-14T13:58:15,AC63428001,AC30729474,474.80,UPI,normal
T005597,2026-09-14T13:58:17,AC77470852,AC36272404,196.65,NEFT,normal
T005598,2026-09-14T14:04:34,AC94378806,AC79448796,500.00,UPI,structuring
T005599,2026-09-14T14:05:30,AC84714297,AC29190316,146.08,UPI,normal
T005600,2026-09-14T14:07:20,AC70712824,AC67490644,640.67,IMPS,normal
T005601,2026-09-14T14:07:25,AC77120755,AC79448796,500.00,UPI,structuring
T005602,2026-09-14T14:07:39,AC67085086,AC79448796,500.00,UPI,structuring
T005603,2026-09-14T14:09:03,AC45265254,AC30729474,166.12,UPI,normal
T005604,2026-09-14T14:11:34,AC12259115,AC79448796,500.00,UPI,structuring
T005605,2026-09-14T14:13:14,AC18302983,AC99635023,5394.67,IMPS,normal
T005606,2026-09-14T14:15:18,AC66255890,AC26421523,4632.85,UPI,normal
T005607,2026-09-14T14:15:32,AC30306925,AC99635023,770.23,IMPS,normal
T005608,2026-09-14T14:18:37,AC58553593,AC30729474,180.40,UPI,normal
T005609,2026-09-14T14:21:46,AC69819079,AC79448796,500.00,UPI,structuring
T005610,2026-09-14T14:21:47,AC21239731,AC79448796,499.00,UPI,structuring
T005611,2026-09-14T14:22:11,AC44970682,AC79448796,500.00,UPI,structuring
T005612,2026-09-14T14:24:05,AC40811860,AC79448796,500.00,UPI,structuring
T005613,2026-09-14T14:25:46,AC45494011,AC79448796,500.00,UPI,structuring
T005614,2026-09-14T14:25:48,AC19719255,AC79448796,500.00,UPI,structuring
T005615,2026-09-14T14:29:05,AC69819079,AC79448796,500.00,UPI,structuring
T005616,2026-09-14T14:29:24,AC22633920,AC59148289,687.07,NEFT,normal
T005617,2026-09-14T14:31:25,AC29676659,AC39472579,1402.18,NEFT,normal
T005618,2026-09-14T14:31:26,AC98115205,AC79448796,499.00,UPI,structuring
T005619,2026-09-14T14:32:17,AC98217056,AC28422000,587.30,UPI,normal
T005620,2026-09-14T14:32:39,AC77867728,AC79448796,500.00,UPI,structuring
T005621,2026-09-14T14:35:13,AC55330357,AC74353833,181.00,UPI,normal
T005622,2026-09-14T14:38:22,AC70712824,AC40026139,91.11,UPI,normal
T005623,2026-09-14T14:40:24,AC29552354,AC95132904,3035.00,UPI,normal
T005624,2026-09-14T14:45:34,AC22562241,AC12614954,1281.14,NEFT,normal
T005625,2026-09-14T14:46:24,AC82903368,AC29190316,804.11,UPI,normal
T005626,2026-09-14T14:47:30,AC34576324,AC59148289,329.66,IMPS,normal
T005627,2026-09-14T14:51:46,AC14959258,AC79448796,500.00,UPI,structuring
T005628,2026-09-14T14:52:22,AC15262308,AC99635023,493.88,UPI,normal
T005629,2026-09-14T14:52:49,AC25482486,AC59117315,450.86,UPI,normal
T005630,2026-09-14T14:55:40,AC98115205,AC79448796,450.00,UPI,structuring
T005631,2026-09-14T14:56:08,AC45150991,AC79448796,500.00,UPI,structuring
T005632,2026-09-14T14:57:18,AC84903659,AC80676511,4153.00,UPI,normal
T005633,2026-09-14T14:57:19,AC35583179,AC40026139,529.99,UPI,normal
T005634,2026-09-14T14:57:33,AC45150991,AC79448796,500.00,UPI,structuring
T005635,2026-09-14T14:57:44,AC88590039,AC30729474,1645.21,UPI,normal
T005636,2026-09-14T14:57:44,AC95153029,AC79448796,499.00,UPI,structuring
T005637,2026-09-14T14:58:13,AC13422671,AC99635023,266.08,UPI,normal
T005638,2026-09-14T14:58:21,AC12474155,AC79448796,500.00,UPI,structuring
T005639,2026-09-14T15:00:07,AC76437986,AC79448796,500.00,UPI,structuring
T005640,2026-09-14T15:01:05,AC76437986,AC79448796,500.00,UPI,structuring
T005641,2026-09-14T15:01:36,AC94378806,AC79448796,500.00,UPI,structuring
T005642,2026-09-14T15:03:19,AC18354761,AC99635023,5636.76,UPI,normal
T005643,2026-09-14T15:03:38,AC77120755,AC79448796,500.00,UPI,structuring
T005644,2026-09-14T15:04:33,AC30302435,AC69340085,227.44,UPI,normal
T005645,2026-09-14T15:05:54,AC54246886,AC22374072,2812.62,UPI,normal
T005646,2026-09-14T15:06:16,AC31783965,AC30729474,1236.58,NEFT,normal
T005647,2026-09-14T15:06:36,AC98115205,AC79448796,499.00,UPI,structuring
T005648,2026-09-14T15:09:15,AC70002780,AC79448796,500.00,UPI,structuring
T005649,2026-09-14T15:10:27,AC28752741,AC79448796,500.00,UPI,structuring
T005650,2026-09-14T15:11:35,AC70712824,AC59148289,919.54,UPI,normal
T005651,2026-09-14T15:11:41,AC31669330,AC79448796,500.00,UPI,structuring
T005652,2026-09-14T15:12:46,AC24063279,AC79448796,500.00,UPI,structuring
T005653,2026-09-14T15:14:09,AC30287103,AC31849997,720.95,UPI,normal
T005654,2026-09-14T15:15:05,AC93742074,AC79448796,500.00,UPI,structuring
T005655,2026-09-14T15:15:39,AC91733095,AC40026139,158.39,UPI,normal
T005656,2026-09-14T15:16:01,AC62897893,AC42297987,1361.66,UPI,normal
T005657,2026-09-14T15:16:40,AC37631611,AC79448796,500.00,UPI,structuring
T005658,2026-09-14T15:17:08,AC51309941,AC79448796,500.00,UPI,structuring
T005659,2026-09-14T15:17:54,AC93742074,AC79448796,500.00,UPI,structuring
T005660,2026-09-14T15:18:23,AC25146464,AC79448796,500.00,UPI,structuring
T005661,2026-09-14T15:18:31,AC42284650,AC12614954,1170.41,UPI,normal
T005662,2026-09-14T15:19:06,AC18174466,AC62662255,693.83,UPI,normal
T005663,2026-09-14T15:21:25,AC73721294,AC79448796,500.00,UPI,structuring
T005664,2026-09-14T15:21:28,AC91628191,AC79448796,500.00,UPI,structuring
T005665,2026-09-14T15:23:27,AC33960779,AC96363470,259.72,UPI,normal
T005666,2026-09-14T15:23:31,AC98358257,AC79448796,499.00,UPI,structuring
T005667,2026-09-14T15:32:54,AC24063279,AC79448796,500.00,UPI,structuring
T005668,2026-09-14T15:33:16,AC33877318,AC79448796,495.00,UPI,structuring
T005669,2026-09-14T15:38:03,AC48917884,AC79448796,500.00,UPI,structuring
T005670,2026-09-14T15:41:03,AC63873226,AC36272404,895.83,NEFT,normal
T005671,2026-09-14T15:41:14,AC93094361,AC12614954,54.43,IMPS,normal
T005672,2026-09-14T15:41:26,AC40432459,AC99635023,730.88,UPI,normal
T005673,2026-09-14T15:43:57,AC32420002,AC31849997,226.87,IMPS,normal
T005674,2026-09-14T15:44:12,AC25146464,AC79448796,500.00,UPI,structuring
T005675,2026-09-14T15:45:15,AC78006237,AC79448796,500.00,UPI,structuring
T005676,2026-09-14T15:46:45,AC78754679,AC79448796,500.00,UPI,structuring
T005677,2026-09-14T15:47:06,AC40811860,AC79448796,500.00,UPI,structuring
T005678,2026-09-14T15:47:49,AC21535642,AC40432459,1012.00,NEFT,normal
T005679,2026-09-14T15:47:54,AC77867728,AC79448796,500.00,UPI,structuring
T005680,2026-09-14T15:50:32,AC46298660,AC79448796,500.00,UPI,structuring
T005681,2026-09-14T15:53:04,AC98115205,AC79448796,500.00,UPI,structuring
T005682,2026-09-14T15:54:09,AC45046288,AC33960779,3967.00,UPI,normal
T005683,2026-09-14T15:55:06,AC88710264,AC40026139,417.97,UPI,normal
T005684,2026-09-14T15:58:16,AC20418044,AC69340085,1150.70,UPI,normal
T005685,2026-09-14T15:58:44,AC46308897,AC79448796,500.00,UPI,structuring
T005686,2026-09-14T15:59:45,AC51874911,AC79448796,500.00,UPI,structuring
T005687,2026-09-14T16:00:08,AC41132723,AC40026139,2642.57,NEFT,normal
T005688,2026-09-14T16:01:16,AC99745048,AC98618129,791.11,IMPS,normal
T005689,2026-09-14T16:05:14,AC55997036,AC79448796,500.00,UPI,structuring
T005690,2026-09-14T16:05:46,AC93443625,AC79448796,500.00,UPI,structuring
T005691,2026-09-14T16:06:08,AC46094290,AC79448796,500.00,UPI,structuring
T005692,2026-09-14T16:08:00,AC15313436,AC79448796,500.00,UPI,structuring
T005693,2026-09-14T16:08:11,AC18941925,AC79448796,500.00,UPI,structuring
T005694,2026-09-14T16:08:15,AC46308897,AC79448796,500.00,UPI,structuring
T005695,2026-09-14T16:08:32,AC38558820,AC59148289,159.26,NEFT,normal
T005696,2026-09-14T16:09:09,AC83960561,AC79448796,500.00,UPI,structuring
T005697,2026-09-14T16:10:31,AC64485395,AC79448796,500.00,UPI,structuring
T005698,2026-09-14T16:13:37,AC62759119,AC79448796,500.00,UPI,structuring
T005699,2026-09-14T16:14:46,AC75627516,AC63453132,1997.21,UPI,normal
T005700,2026-09-14T16:15:18,AC55520180,AC79448796,500.00,UPI,structuring
T005701,2026-09-14T16:17:17,AC22007414,AC79448796,500.00,UPI,structuring
T005702,2026-09-14T16:22:35,AC46496546,AC79448796,500.00,UPI,structuring
T005703,2026-09-14T16:23:11,AC48917884,AC79448796,500.00,UPI,structuring
T005704,2026-09-14T16:23:19,AC44970682,AC79448796,500.00,UPI,structuring
T005705,2026-09-14T16:25:49,AC98384612,AC55362865,127.57,UPI,normal
T005706,2026-09-14T16:33:48,AC93443625,AC79448796,500.00,UPI,structuring
T005707,2026-09-14T16:36:18,AC78754679,AC79448796,500.00,UPI,structuring
T005708,2026-09-14T16:38:23,AC73721294,AC79448796,500.00,UPI,structuring
T005709,2026-09-14T16:38:48,AC50937131,AC79448796,495.00,UPI,structuring
T005710,2026-09-14T16:39:30,AC56171824,AC39472579,205.12,IMPS,normal
T005711,2026-09-14T16:39:39,AC89297484,AC92212100,2117.00,UPI,normal
T005712,2026-09-14T16:40:33,AC55997036,AC79448796,500.00,UPI,structuring
T005713,2026-09-14T16:41:37,AC46298660,AC79448796,500.00,UPI,structuring
T005714,2026-09-14T16:42:30,AC86583954,AC79448796,500.00,UPI,structuring
T005715,2026-09-14T16:44:45,AC46298660,AC79448796,500.00,UPI,structuring
T005716,2026-09-14T16:45:30,AC45494011,AC79448796,500.00,UPI,structuring
T005717,2026-09-14T16:46:36,AC58530762,AC30729474,1588.13,NEFT,normal
T005718,2026-09-14T16:47:06,AC79092953,AC79448796,499.00,UPI,structuring
T005719,2026-09-14T16:47:14,AC17299905,AC79448796,500.00,UPI,structuring
T005720,2026-09-14T16:47:34,AC40811860,AC79448796,500.00,UPI,structuring
T005721,2026-09-14T16:47:50,AC40970943,AC99635023,602.10,UPI,normal
T005722,2026-09-14T16:49:29,AC57484087,AC30729474,1826.43,UPI,normal
T005723,2026-09-14T16:51:34,AC15032582,AC29938108,296.00,UPI,normal
T005724,2026-09-14T16:52:39,AC99141000,AC40026139,1152.53,IMPS,normal
T005725,2026-09-14T16:53:06,AC73721294,AC79448796,495.00,UPI,structuring
T005726,2026-09-14T16:53:57,AC40811860,AC79448796,500.00,UPI,structuring
T005727,2026-09-14T16:54:29,AC51874911,AC79448796,500.00,UPI,structuring
T005728,2026-09-14T16:55:15,AC34313000,AC79448796,450.00,UPI,structuring
T005729,2026-09-14T16:59:17,AC73721294,AC79448796,500.00,UPI,structuring
T005730,2026-09-14T16:59:42,AC83270296,AC79448796,450.00,UPI,structuring
T005731,2026-09-14T17:04:14,AC21282512,AC79448796,500.00,UPI,structuring
T005732,2026-09-14T17:04:17,AC56647663,AC79448796,500.00,UPI,structuring
T005733,2026-09-14T17:05:10,AC77867728,AC79448796,500.00,UPI,structuring
T005734,2026-09-14T17:06:04,AC19722233,AC30729474,295.80,UPI,normal
T005735,2026-09-14T17:06:20,AC77854192,AC29190316,1157.09,NEFT,normal
T005736,2026-09-14T17:06:27,AC66070842,AC79448796,500.00,UPI,structuring
T005737,2026-09-14T17:07:12,AC64485395,AC79448796,500.00,UPI,structuring
T005738,2026-09-14T17:07:22,AC47455108,AC79448796,500.00,UPI,structuring
T005739,2026-09-14T17:07:36,AC48917884,AC79448796,500.00,UPI,structuring
T005740,2026-09-14T17:07:56,AC77120755,AC79448796,500.00,UPI,structuring
T005741,2026-09-14T17:10:30,AC82021083,AC79448796,500.00,UPI,structuring
T005742,2026-09-14T17:11:27,AC42974546,AC79448796,450.00,UPI,structuring
T005743,2026-09-14T17:13:50,AC34367415,AC79448796,500.00,UPI,structuring
T005744,2026-09-14T17:14:07,AC80881649,AC26421523,262.65,UPI,normal
T005745,2026-09-14T17:16:15,AC39936146,AC99635023,241.17,NEFT,normal
T005746,2026-09-14T17:16:41,AC63746500,AC30399018,3575.00,NEFT,normal
T005747,2026-09-14T17:16:49,AC12059721,AC79448796,500.00,UPI,structuring
T005748,2026-09-14T17:16:56,AC74628898,AC67490644,1422.96,NEFT,normal
T005749,2026-09-14T17:20:42,AC64485395,AC79448796,500.00,UPI,structuring
T005750,2026-09-14T17:22:14,AC66255890,AC67490644,1018.77,IMPS,normal
T005751,2026-09-14T17:22:35,AC70002780,AC79448796,450.00,UPI,structuring
T005752,2026-09-14T17:29:23,AC23618316,AC19814103,751.76,NEFT,normal
T005753,2026-09-14T17:30:31,AC56647663,AC79448796,500.00,UPI,structuring
T005754,2026-09-14T17:32:54,AC42284650,AC52410090,728.00,UPI,normal
T005755,2026-09-14T17:33:12,AC98217056,AC43971558,210.66,NEFT,normal
T005756,2026-09-14T17:34:37,AC70904451,AC79448796,490.00,UPI,structuring
T005757,2026-09-14T17:34:43,AC24690326,AC79448796,500.00,UPI,structuring
T005758,2026-09-14T17:35:42,AC83849218,AC29190316,519.65,NEFT,normal
T005759,2026-09-14T17:35:50,AC76385704,AC79448796,500.00,UPI,structuring
T005760,2026-09-14T17:36:16,AC78754679,AC79448796,500.00,UPI,structuring
T005761,2026-09-14T17:37:51,AC47369042,AC98618129,477.00,UPI,normal
T005762,2026-09-14T17:38:13,AC67085086,AC79448796,500.00,UPI,structuring
T005763,2026-09-14T17:39:21,AC24690326,AC79448796,500.00,UPI,structuring
T005764,2026-09-14T17:39:48,AC22007414,AC79448796,500.00,UPI,structuring
T005765,2026-09-14T17:39:53,AC55520180,AC79448796,500.00,UPI,structuring
T005766,2026-09-14T17:40:03,AC15313436,AC79448796,500.00,UPI,structuring
T005767,2026-09-14T17:42:34,AC30047826,AC79448796,500.00,UPI,structuring
T005768,2026-09-14T17:44:16,AC45643433,AC79448796,500.00,UPI,structuring
T005769,2026-09-14T17:45:04,AC86583954,AC79448796,500.00,UPI,structuring
T005770,2026-09-14T17:45:55,AC18941925,AC79448796,500.00,UPI,structuring
T005771,2026-09-14T17:46:45,AC63873226,AC96363470,638.40,UPI,normal
T005772,2026-09-14T17:47:27,AC18628964,AC79448796,500.00,UPI,structuring
T005773,2026-09-14T17:49:31,AC24063279,AC79448796,500.00,UPI,structuring
T005774,2026-09-14T17:49:59,AC76385704,AC79448796,500.00,UPI,structuring
T005775,2026-09-14T17:53:54,AC14959258,AC79448796,500.00,UPI,structuring
T005776,2026-09-14T17:56:17,AC57709585,AC61061966,4922.00,UPI,normal
T005777,2026-09-14T17:58:00,AC45643433,AC79448796,500.00,UPI,structuring
T005778,2026-09-14T17:59:29,AC41132723,AC42297987,6491.40,UPI,normal
T005779,2026-09-14T18:03:15,AC40811860,AC79448796,450.00,UPI,structuring
T005780,2026-09-14T18:04:09,AC49655179,AC79448796,500.00,UPI,structuring
T005781,2026-09-14T18:06:18,AC44709914,AC79448796,500.00,UPI,structuring
T005782,2026-09-14T18:07:57,AC28752741,AC79448796,500.00,UPI,structuring
T005783,2026-09-14T18:14:02,AC31669330,AC79448796,500.00,UPI,structuring
T005784,2026-09-14T18:14:44,AC67085086,AC79448796,500.00,UPI,structuring
T005785,2026-09-14T18:14:49,AC77120755,AC79448796,500.00,UPI,structuring
T005786,2026-09-14T18:16:49,AC21887116,AC79448796,500.00,UPI,structuring
T005787,2026-09-14T18:23:38,AC83270296,AC79448796,500.00,UPI,structuring
T005788,2026-09-14T18:23:58,AC85196458,AC63453132,545.13,UPI,normal
T005789,2026-09-14T18:24:03,AC80721337,AC79448796,500.00,UPI,structuring
T005790,2026-09-14T18:27:44,AC63550032,AC40026139,334.47,NEFT,normal
T005791,2026-09-14T18:31:42,AC53895707,AC79448796,500.00,UPI,structuring
T005792,2026-09-14T18:31:46,AC18941925,AC79448796,500.00,UPI,structuring
T005793,2026-09-14T18:34:59,AC90836544,AC38546741,1004.56,IMPS,normal
T005794,2026-09-14T18:35:14,AC87832216,AC28422000,2600.55,UPI,normal
T005795,2026-09-14T18:37:57,AC14959258,AC79448796,500.00,UPI,structuring
T005796,2026-09-14T18:39:29,AC83960310,AC39472579,707.91,NEFT,normal
T005797,2026-09-14T18:41:22,AC91907998,AC42297987,427.76,UPI,normal
T005798,2026-09-14T18:42:13,AC59982352,AC31671607,723.65,NEFT,normal
T005799,2026-09-14T18:43:34,AC44841887,AC43971558,861.67,IMPS,normal
T005800,2026-09-14T18:43:37,AC39851095,AC79448796,500.00,UPI,structuring
T005801,2026-09-14T18:44:49,AC12259115,AC79448796,450.00,UPI,structuring
T005802,2026-09-14T18:44:57,AC86910239,AC64198427,1796.84,UPI,normal
T005803,2026-09-14T18:45:56,AC70288912,AC40026139,203.20,UPI,normal
T005804,2026-09-14T18:46:14,AC35428420,AC79448796,500.00,UPI,structuring
T005805,2026-09-14T18:47:14,AC17056578,AC59148289,2654.82,IMPS,normal
T005806,2026-09-14T18:48:46,AC95359381,AC79448796,500.00,UPI,structuring
T005807,2026-09-14T18:51:57,AC27580355,AC99635023,602.89,NEFT,normal
T005808,2026-09-14T18:53:47,AC40811860,AC79448796,500.00,UPI,structuring
T005809,2026-09-14T18:54:34,AC21282512,AC79448796,490.00,UPI,structuring
T005810,2026-09-14T18:55:17,AC50008920,AC99635023,1113.46,UPI,normal
T005811,2026-09-14T18:55:34,AC11549722,AC79448796,500.00,UPI,structuring
T005812,2026-09-14T18:55:38,AC43614663,AC79448796,500.00,UPI,structuring
T005813,2026-09-14T18:56:25,AC64317606,AC79448796,500.00,UPI,structuring
T005814,2026-09-14T18:59:47,AC37631611,AC79448796,500.00,UPI,structuring
T005815,2026-09-14T19:01:57,AC74239549,AC98618129,1335.76,UPI,normal
T005816,2026-09-14T19:02:34,AC48917884,AC79448796,500.00,UPI,structuring
T005817,2026-09-14T19:07:16,AC27388652,AC79448796,500.00,UPI,structuring
T005818,2026-09-14T19:07:56,AC12437810,AC79448796,500.00,UPI,structuring
T005819,2026-09-14T19:11:40,AC51874911,AC79448796,500.00,UPI,structuring
T005820,2026-09-14T19:12:54,AC73721294,AC79448796,500.00,UPI,structuring
T005821,2026-09-14T19:16:27,AC74628898,AC22374072,802.45,UPI,normal
T005822,2026-09-14T19:19:17,AC50937131,AC79448796,500.00,UPI,structuring
T005823,2026-09-14T19:19:38,AC24063279,AC79448796,500.00,UPI,structuring
T005824,2026-09-14T19:21:07,AC80721337,AC79448796,500.00,UPI,structuring
T005825,2026-09-14T19:21:17,AC51309941,AC79448796,450.00,UPI,structuring
T005826,2026-09-14T19:22:15,AC43614663,AC79448796,500.00,UPI,structuring
T005827,2026-09-14T19:24:16,AC27344259,AC79448796,500.00,UPI,structuring
T005828,2026-09-14T19:26:14,AC46496546,AC79448796,500.00,UPI,structuring
T005829,2026-09-14T19:30:00,AC93742074,AC79448796,500.00,UPI,structuring
T005830,2026-09-14T19:31:37,AC34367415,AC79448796,500.00,UPI,structuring
T005831,2026-09-14T19:36:21,AC31669330,AC79448796,500.00,UPI,structuring
T005832,2026-09-14T19:37:21,AC27344259,AC79448796,500.00,UPI,structuring
T005833,2026-09-14T19:39:41,AC11549722,AC79448796,450.00,UPI,structuring
T005834,2026-09-14T19:39:54,AC73632401,AC29190316,270.40,IMPS,normal
T005835,2026-09-14T19:40:13,AC13099855,AC55362865,558.11,UPI,normal
T005836,2026-09-14T19:46:14,AC95341298,AC55515398,513.86,NEFT,normal
T005837,2026-09-14T19:47:47,AC17299905,AC79448796,500.00,UPI,structuring
T005838,2026-09-14T19:47:48,AC27423955,AC79448796,500.00,UPI,structuring
T005839,2026-09-14T19:48:37,AC47455108,AC79448796,500.00,UPI,structuring
T005840,2026-09-14T19:54:57,AC52763335,AC63453132,1492.55,UPI,normal
T005841,2026-09-14T20:00:06,AC21887116,AC79448796,500.00,UPI,structuring
T005842,2026-09-14T20:00:17,AC34256684,AC99635023,1619.92,UPI,normal
T005843,2026-09-14T20:00:56,AC62148384,AC40026139,663.05,IMPS,normal
T005844,2026-09-14T20:03:39,AC24264840,AC79448796,500.00,UPI,structuring
T005845,2026-09-14T20:04:57,AC34367415,AC79448796,500.00,UPI,structuring
T005846,2026-09-14T20:05:25,AC53895707,AC79448796,500.00,UPI,structuring
T005847,2026-09-14T20:06:42,AC56208603,AC87570629,3055.00,IMPS,normal
T005848,2026-09-14T20:06:47,AC76453392,AC69340085,688.55,IMPS,normal
T005849,2026-09-14T20:06:51,AC98115205,AC79448796,495.00,UPI,structuring
T005850,2026-09-14T20:08:05,AC22007414,AC79448796,500.00,UPI,structuring
T005851,2026-09-14T20:08:44,AC69819079,AC79448796,500.00,UPI,structuring
T005852,2026-09-14T20:13:01,AC89774974,AC39472579,502.86,UPI,normal
T005853,2026-09-14T20:14:54,AC81281134,AC79448796,499.00,UPI,structuring
T005854,2026-09-14T20:15:10,AC70002780,AC79448796,500.00,UPI,structuring
T005855,2026-09-14T20:19:20,AC69819079,AC79448796,500.00,UPI,structuring
T005856,2026-09-14T20:19:49,AC98358257,AC79448796,500.00,UPI,structuring
T005857,2026-09-14T20:22:23,AC17299905,AC79448796,500.00,UPI,structuring
T005858,2026-09-14T20:22:29,AC62759119,AC79448796,500.00,UPI,structuring
T005859,2026-09-14T20:24:11,AC91678821,AC38546741,279.27,UPI,normal
T005860,2026-09-14T20:24:29,AC23618316,AC69340085,232.22,UPI,normal
T005861,2026-09-14T20:25:37,AC40675978,AC79448796,500.00,UPI,structuring
T005862,2026-09-14T20:26:28,AC44709914,AC79448796,500.00,UPI,structuring
T005863,2026-09-14T20:26:34,AC74239549,AC19736972,34.72,UPI,normal
T005864,2026-09-14T20:26:49,AC74758310,AC58877189,392.00,NEFT,normal
T005865,2026-09-14T20:27:45,AC33877318,AC79448796,500.00,UPI,structuring
T005866,2026-09-14T20:30:17,AC53895707,AC79448796,500.00,UPI,structuring
T005867,2026-09-14T20:31:20,AC35428420,AC79448796,500.00,UPI,structuring
T005868,2026-09-14T20:31:41,AC69819079,AC79448796,500.00,UPI,structuring
T005869,2026-09-14T20:33:56,AC25482486,AC12614954,497.89,UPI,normal
T005870,2026-09-14T20:35:17,AC72544046,AC57740731,4205.00,UPI,normal
T005871,2026-09-14T20:37:51,AC26843185,AC57864027,111.43,IMPS,normal
T005872,2026-09-14T20:42:20,AC23793831,AC40026139,1445.00,NEFT,normal
T005873,2026-09-14T20:43:03,AC42974546,AC79448796,500.00,UPI,structuring
T005874,2026-09-14T20:43:12,AC49655179,AC79448796,500.00,UPI,structuring
T005875,2026-09-14T20:43:18,AC70002780,AC79448796,495.00,UPI,structuring
T005876,2026-09-14T20:45:45,AC78144218,AC66542771,2614.67,UPI,normal
T005877,2026-09-14T20:47:02,AC27423955,AC79448796,500.00,UPI,structuring
T005878,2026-09-14T20:47:59,AC66673996,AC79448796,500.00,UPI,structuring
T005879,2026-09-14T20:50:38,AC79019441,AC79448796,500.00,UPI,structuring
T005880,2026-09-14T20:52:49,AC44970682,AC79448796,500.00,UPI,structuring
T005881,2026-09-14T20:53:14,AC78754679,AC79448796,500.00,UPI,structuring
T005882,2026-09-14T20:53:58,AC61780050,AC59148289,1043.73,UPI,normal
T005883,2026-09-14T20:55:05,AC80721337,AC79448796,500.00,UPI,structuring
T005884,2026-09-14T21:00:35,AC37080875,AC79448796,500.00,UPI,structuring
T005885,2026-09-14T21:00:41,AC36658926,AC79448796,500.00,UPI,structuring
T005886,2026-09-14T21:00:56,AC22007414,AC79448796,500.00,UPI,structuring
T005887,2026-09-14T21:01:02,AC18174466,AC59117315,558.12,UPI,normal
T005888,2026-09-14T21:02:25,AC58877189,AC38546741,127.88,IMPS,normal
T005889,2026-09-14T21:03:15,AC66070842,AC79448796,500.00,UPI,structuring
T005890,2026-09-14T21:04:08,AC37080875,AC79448796,500.00,UPI,structuring
T005891,2026-09-14T21:04:15,AC63621481,AC22046497,197658.00,NEFT,round_trip
T005892,2026-09-14T21:04:16,AC42002360,AC79448796,500.00,UPI,structuring
T005893,2026-09-14T21:04:57,AC49655179,AC79448796,500.00,UPI,structuring
T005894,2026-09-14T21:06:20,AC55909953,AC19736972,269.21,NEFT,normal
T005895,2026-09-14T21:07:44,AC46496546,AC79448796,495.00,UPI,structuring
T005896,2026-09-14T21:11:40,AC95153029,AC79448796,500.00,UPI,structuring
T005897,2026-09-14T21:12:39,AC68005893,AC79448796,500.00,UPI,structuring
T005898,2026-09-14T21:13:33,AC56573688,AC79448796,500.00,UPI,structuring
T005899,2026-09-14T21:14:42,AC83270296,AC79448796,500.00,UPI,structuring
T005900,2026-09-14T21:18:35,AC74239549,AC98618129,862.39,UPI,normal
T005901,2026-09-14T21:18:37,AC24690326,AC79448796,500.00,UPI,structuring
T005902,2026-09-14T21:19:35,AC43614663,AC79448796,450.00,UPI,structuring
T005903,2026-09-14T21:19:50,AC15798969,AC79448796,500.00,UPI,structuring
T005904,2026-09-14T21:24:40,AC89297484,AC19814103,273.55,UPI,normal
T005905,2026-09-14T21:27:01,AC15313436,AC79448796,495.00,UPI,structuring
T005906,2026-09-14T21:27:45,AC31669330,AC79448796,500.00,UPI,structuring
T005907,2026-09-14T21:29:37,AC39589952,AC55362865,585.28,UPI,normal
T005908,2026-09-14T21:32:03,AC30379134,AC98618129,813.34,NEFT,normal
T005909,2026-09-14T21:33:47,AC39673100,AC98618129,732.66,IMPS,normal
T005910,2026-09-14T21:34:05,AC45951526,AC79448796,500.00,UPI,structuring
T005911,2026-09-14T21:38:41,AC84231009,AC79448796,500.00,UPI,structuring
T005912,2026-09-14T21:40:33,AC51309941,AC79448796,500.00,UPI,structuring
T005913,2026-09-14T21:41:24,AC21535642,AC26421523,127.72,UPI,normal
T005914,2026-09-14T21:42:35,AC83960561,AC79448796,500.00,UPI,structuring
T005915,2026-09-14T21:42:58,AC52110478,AC30729474,922.09,UPI,normal
T005916,2026-09-14T21:43:23,AC95132904,AC39472579,321.13,IMPS,normal
T005917,2026-09-14T21:45:22,AC17299905,AC79448796,499.00,UPI,structuring
T005918,2026-09-14T21:46:23,AC28752741,AC79448796,500.00,UPI,structuring
T005919,2026-09-14T21:46:45,AC55997036,AC79448796,500.00,UPI,structuring
T005920,2026-09-14T21:47:10,AC46094290,AC79448796,500.00,UPI,structuring
T005921,2026-09-14T21:47:30,AC45643433,AC79448796,500.00,UPI,structuring
T005922,2026-09-14T21:49:31,AC47455108,AC79448796,490.00,UPI,structuring
T005923,2026-09-14T21:49:57,AC36658926,AC79448796,500.00,UPI,structuring
T005924,2026-09-14T21:50:58,AC24241764,AC72778440,4770.68,UPI,normal
T005925,2026-09-14T21:52:31,AC12474155,AC79448796,500.00,UPI,structuring
T005926,2026-09-14T21:52:33,AC19719255,AC79448796,500.00,UPI,structuring
T005927,2026-09-14T21:59:00,AC40675978,AC79448796,500.00,UPI,structuring
T005928,2026-09-14T21:59:20,AC22175294,AC39472579,690.70,IMPS,normal
T005929,2026-09-14T21:59:59,AC95132904,AC30729474,860.27,UPI,normal
T005930,2026-09-14T22:00:56,AC52164119,AC75399034,71.79,NEFT,normal
T005931,2026-09-14T22:06:04,AC97255749,AC79448796,500.00,UPI,structuring
T005932,2026-09-14T22:06:38,AC62759119,AC79448796,500.00,UPI,structuring
T005933,2026-09-14T22:09:38,AC56573688,AC79448796,500.00,UPI,structuring
T005934,2026-09-14T22:10:48,AC38881120,AC79448796,500.00,UPI,structuring
T005935,2026-09-14T22:11:55,AC24690326,AC79448796,500.00,UPI,structuring
T005936,2026-09-14T22:12:07,AC18941925,AC79448796,450.00,UPI,structuring
T005937,2026-09-14T22:13:04,AC64317606,AC79448796,500.00,UPI,structuring
T005938,2026-09-14T22:17:18,AC15798969,AC79448796,500.00,UPI,structuring
T005939,2026-09-14T22:18:06,AC85748230,AC72778440,950.69,UPI,normal
T005940,2026-09-14T22:20:19,AC40432459,AC19814103,1241.43,UPI,normal
T005941,2026-09-14T22:22:23,AC60496650,AC99635023,444.32,IMPS,normal
T005942,2026-09-14T22:24:22,AC55520180,AC79448796,500.00,UPI,structuring
T005943,2026-09-14T22:27:19,AC76385704,AC79448796,500.00,UPI,structuring
T005944,2026-09-14T22:32:12,AC30047826,AC79448796,500.00,UPI,structuring
T005945,2026-09-14T22:33:03,AC37631611,AC79448796,500.00,UPI,structuring
T005946,2026-09-14T22:33:13,AC51403729,AC40026139,2147.94,NEFT,normal
T005947,2026-09-14T22:35:10,AC83061791,AC99635023,388.05,IMPS,normal
T005948,2026-09-14T22:35:38,AC49655179,AC79448796,500.00,UPI,structuring
T005949,2026-09-14T22:37:47,AC76437986,AC79448796,500.00,UPI,structuring
T005950,2026-09-14T22:38:17,AC27388652,AC79448796,500.00,UPI,structuring
T005951,2026-09-14T22:39:58,AC23741157,AC52751778,2465.58,UPI,normal
T005952,2026-09-14T22:40:14,AC62759119,AC79448796,500.00,UPI,structuring
T005953,2026-09-14T22:40:29,AC79092953,AC79448796,499.00,UPI,structuring
T005954,2026-09-14T22:41:04,AC17056578,AC75399034,608.20,UPI,normal
T005955,2026-09-14T22:41:18,AC21887116,AC79448796,500.00,UPI,structuring
T005956,2026-09-14T22:41:39,AC21397668,AC96363470,727.38,UPI,normal
T005957,2026-09-14T22:43:12,AC69819079,AC79448796,500.00,UPI,structuring
T005958,2026-09-14T22:46:37,AC21535642,AC99635023,305.04,UPI,normal
T005959,2026-09-14T22:47:14,AC51309941,AC79448796,500.00,UPI,structuring
T005960,2026-09-14T22:47:55,AC30047826,AC79448796,500.00,UPI,structuring
T005961,2026-09-14T22:48:07,AC45643433,AC79448796,500.00,UPI,structuring
T005962,2026-09-14T22:48:46,AC45643433,AC79448796,500.00,UPI,structuring
T005963,2026-09-14T22:50:34,AC47290936,AC29190316,252.18,UPI,normal
T005964,2026-09-14T22:52:15,AC95359381,AC79448796,500.00,UPI,structuring
T005965,2026-09-14T22:56:36,AC33877318,AC79448796,500.00,UPI,structuring
T005966,2026-09-14T22:58:18,AC45494011,AC79448796,500.00,UPI,structuring
T005967,2026-09-14T22:58:40,AC80721337,AC79448796,500.00,UPI,structuring
T005968,2026-09-15T07:01:11,AC63428001,AC69340085,110.27,NEFT,normal
T005969,2026-09-15T07:02:43,AC66126116,AC29190316,4863.45,UPI,normal
T005970,2026-09-15T07:03:56,AC98358257,AC79448796,500.00,UPI,structuring
T005971,2026-09-15T07:04:27,AC49655179,AC79448796,500.00,UPI,structuring
T005972,2026-09-15T07:04:58,AC58940600,AC29190316,611.14,UPI,normal
T005973,2026-09-15T07:07:46,AC38881120,AC79448796,500.00,UPI,structuring
T005974,2026-09-15T07:10:02,AC93443625,AC79448796,500.00,UPI,structuring
T005975,2026-09-15T07:11:02,AC80721337,AC79448796,500.00,UPI,structuring
T005976,2026-09-15T07:12:39,AC32817504,AC67490644,656.78,UPI,normal
T005977,2026-09-15T07:13:03,AC30306925,AC22374072,1239.34,UPI,normal
T005978,2026-09-15T07:15:05,AC55520180,AC79448796,500.00,UPI,structuring
T005979,2026-09-15T07:15:08,AC80490681,AC76627625,1000.00,IMPS,normal
T005980,2026-09-15T07:15:51,AC44970682,AC79448796,500.00,UPI,structuring
T005981,2026-09-15T07:16:27,AC56647663,AC79448796,500.00,UPI,structuring
T005982,2026-09-15T07:18:18,AC50008920,AC38546741,1543.03,UPI,normal
T005983,2026-09-15T07:19:04,AC33877318,AC79448796,500.00,UPI,structuring
T005984,2026-09-15T07:22:39,AC68005893,AC79448796,500.00,UPI,structuring
T005985,2026-09-15T07:22:59,AC17721077,AC79448796,500.00,UPI,structuring
T005986,2026-09-15T07:24:40,AC88592782,AC30729474,1579.79,UPI,normal
T005987,2026-09-15T07:25:16,AC83270296,AC79448796,499.00,UPI,structuring
T005988,2026-09-15T07:26:56,AC38019720,AC67917877,437.89,NEFT,normal
T005989,2026-09-15T07:27:25,AC51403729,AC54492893,499.00,UPI,normal
T005990,2026-09-15T07:28:04,AC47369042,AC26421523,1709.99,UPI,normal
T005991,2026-09-15T07:29:29,AC99745048,AC28422000,1612.38,IMPS,normal
T005992,2026-09-15T07:30:59,AC53895707,AC79448796,500.00,UPI,structuring
T005993,2026-09-15T07:31:09,AC66673996,AC79448796,450.00,UPI,structuring
T005994,2026-09-15T07:31:32,AC82021083,AC79448796,499.00,UPI,structuring
T005995,2026-09-15T07:34:03,AC81281134,AC79448796,500.00,UPI,structuring
T005996,2026-09-15T07:38:12,AC21239731,AC79448796,500.00,UPI,structuring
T005997,2026-09-15T07:39:33,AC98027796,AC29190316,1815.53,UPI,normal
T005998,2026-09-15T07:44:14,AC81281134,AC79448796,500.00,UPI,structuring
T005999,2026-09-15T07:44:39,AC42974546,AC79448796,500.00,UPI,structuring
T006000,2026-09-15T07:45:42,AC70904451,AC79448796,450.00,UPI,structuring
T006001,2026-09-15T07:46:11,AC91847639,AC16655764,2434.00,UPI,normal
T006002,2026-09-15T07:47:51,AC29343122,AC63453132,343.68,UPI,normal
T006003,2026-09-15T07:48:47,AC76140059,AC64198427,630.87,UPI,normal
T006004,2026-09-15T07:48:56,AC18628964,AC79448796,500.00,UPI,structuring
T006005,2026-09-15T07:50:31,AC30047826,AC79448796,500.00,UPI,structuring
T006006,2026-09-15T07:50:35,AC18628964,AC79448796,500.00,UPI,structuring
T006007,2026-09-15T07:52:16,AC96290869,AC99855030,183.32,UPI,normal
T006008,2026-09-15T07:52:29,AC34608019,AC79448796,500.00,UPI,structuring
T006009,2026-09-15T07:53:32,AC67783637,AC26421523,413.37,NEFT,normal
T006010,2026-09-15T07:57:58,AC67085086,AC79448796,500.00,UPI,structuring
T006011,2026-09-15T07:58:39,AC47369042,AC66542771,269.51,UPI,normal
T006012,2026-09-15T07:58:41,AC10256129,AC55362865,709.81,UPI,normal
T006013,2026-09-15T07:59:01,AC23715389,AC39472579,392.41,UPI,normal
T006014,2026-09-15T08:00:28,AC22007414,AC79448796,500.00,UPI,structuring
T006015,2026-09-15T08:00:35,AC70690025,AC30729474,2036.34,NEFT,normal
T006016,2026-09-15T08:01:57,AC25146464,AC79448796,500.00,UPI,structuring
T006017,2026-09-15T08:02:17,AC85893910,AC72778440,677.61,UPI,normal
T006018,2026-09-15T08:04:22,AC26331285,AC79448796,500.00,UPI,structuring
T006019,2026-09-15T08:09:21,AC93742074,AC79448796,500.00,UPI,structuring
T006020,2026-09-15T08:10:58,AC17912728,AC52751778,1757.41,IMPS,normal
T006021,2026-09-15T08:12:27,AC76385704,AC79448796,500.00,UPI,structuring
T006022,2026-09-15T08:12:35,AC73721294,AC79448796,500.00,UPI,structuring
T006023,2026-09-15T08:12:40,AC39851095,AC79448796,500.00,UPI,structuring
T006024,2026-09-15T08:13:22,AC38881120,AC79448796,500.00,UPI,structuring
T006025,2026-09-15T08:13:46,AC85064182,AC59148289,3690.73,UPI,normal
T006026,2026-09-15T08:14:20,AC20815439,AC26421523,1069.10,IMPS,normal
T006027,2026-09-15T08:15:41,AC27344259,AC79448796,500.00,UPI,structuring
T006028,2026-09-15T08:16:01,AC17784483,AC59148289,714.42,UPI,normal
T006029,2026-09-15T08:19:47,AC17056578,AC84903659,522.00,NEFT,normal
T006030,2026-09-15T08:19:54,AC66119495,AC43352343,379.00,NEFT,normal
T006031,2026-09-15T08:20:50,AC34367415,AC79448796,500.00,UPI,structuring
T006032,2026-09-15T08:22:26,AC76385704,AC79448796,495.00,UPI,structuring
T006033,2026-09-15T08:23:02,AC37631611,AC79448796,500.00,UPI,structuring
T006034,2026-09-15T08:25:31,AC83960561,AC79448796,500.00,UPI,structuring
T006035,2026-09-15T08:30:06,AC34367415,AC79448796,499.00,UPI,structuring
T006036,2026-09-15T08:30:10,AC94378806,AC79448796,500.00,UPI,structuring
T006037,2026-09-15T08:31:23,AC69819079,AC79448796,500.00,UPI,structuring
T006038,2026-09-15T08:31:58,AC20986393,AC52410090,375.99,IMPS,normal
T006039,2026-09-15T08:34:37,AC57709585,AC30729474,913.20,UPI,normal
T006040,2026-09-15T08:38:58,AC30047826,AC79448796,500.00,UPI,structuring
T006041,2026-09-15T08:39:10,AC55997036,AC79448796,500.00,UPI,structuring
T006042,2026-09-15T08:40:09,AC14959258,AC79448796,500.00,UPI,structuring
T006043,2026-09-15T08:43:13,AC18142912,AC66542771,637.11,UPI,normal
T006044,2026-09-15T08:43:14,AC34367415,AC79448796,450.00,UPI,structuring
T006045,2026-09-15T08:44:12,AC47455108,AC79448796,500.00,UPI,structuring
T006046,2026-09-15T08:44:46,AC17721077,AC79448796,500.00,UPI,structuring
T006047,2026-09-15T08:44:49,AC13028344,AC39472579,2298.62,IMPS,normal
T006048,2026-09-15T08:46:57,AC45643433,AC79448796,500.00,UPI,structuring
T006049,2026-09-15T08:46:59,AC23741157,AC59148289,250.82,NEFT,normal
T006050,2026-09-15T08:47:06,AC56100526,AC38019720,3987.00,NEFT,normal
T006051,2026-09-15T08:50:14,AC34367415,AC79448796,500.00,UPI,structuring
T006052,2026-09-15T08:50:44,AC24063279,AC79448796,500.00,UPI,structuring
T006053,2026-09-15T08:52:02,AC24264840,AC79448796,500.00,UPI,structuring
T006054,2026-09-15T08:53:09,AC45150991,AC79448796,500.00,UPI,structuring
T006055,2026-09-15T08:53:50,AC28752741,AC79448796,500.00,UPI,structuring
T006056,2026-09-15T08:57:53,AC27423955,AC79448796,500.00,UPI,structuring
T006057,2026-09-15T09:00:11,AC27423955,AC79448796,500.00,UPI,structuring
T006058,2026-09-15T09:07:31,AC49655179,AC79448796,500.00,UPI,structuring
T006059,2026-09-15T09:08:36,AC15313436,AC79448796,500.00,UPI,structuring
T006060,2026-09-15T09:09:59,AC94378806,AC79448796,500.00,UPI,structuring
T006061,2026-09-15T09:10:22,AC62759119,AC79448796,500.00,UPI,structuring
T006062,2026-09-15T09:10:28,AC47290936,AC30729474,7060.91,UPI,normal
T006063,2026-09-15T09:11:37,AC79301246,AC54492893,499.00,UPI,normal
T006064,2026-09-15T09:14:39,AC55997036,AC79448796,500.00,UPI,structuring
T006065,2026-09-15T09:18:48,AC46094290,AC79448796,500.00,UPI,structuring
T006066,2026-09-15T09:19:31,AC93742074,AC79448796,500.00,UPI,structuring
T006067,2026-09-15T09:21:18,AC87832216,AC55362865,555.00,NEFT,normal
T006068,2026-09-15T09:21:38,AC80490681,AC22633303,2351.27,UPI,normal
T006069,2026-09-15T09:22:09,AC15313436,AC79448796,500.00,UPI,structuring
T006070,2026-09-15T09:22:17,AC68240437,AC31671607,3242.76,UPI,normal
T006071,2026-09-15T09:24:52,AC24063279,AC79448796,500.00,UPI,structuring
T006072,2026-09-15T09:24:54,AC16761851,AC79448796,490.00,UPI,structuring
T006073,2026-09-15T09:25:32,AC21887116,AC79448796,450.00,UPI,structuring
T006074,2026-09-15T09:26:00,AC44709914,AC79448796,500.00,UPI,structuring
T006075,2026-09-15T09:26:30,AC35676674,AC30729474,446.10,NEFT,normal
T006076,2026-09-15T09:28:10,AC94378806,AC79448796,499.00,UPI,structuring
T006077,2026-09-15T09:29:59,AC37631611,AC79448796,500.00,UPI,structuring
T006078,2026-09-15T09:30:28,AC18628964,AC79448796,500.00,UPI,structuring
T006079,2026-09-15T09:30:49,AC77264814,AC22633303,368.46,UPI,normal
T006080,2026-09-15T09:31:05,AC76437986,AC79448796,500.00,UPI,structuring
T006081,2026-09-15T09:31:22,AC35990584,AC40026139,1771.92,IMPS,normal
T006082,2026-09-15T09:32:27,AC43614663,AC79448796,500.00,UPI,structuring
T006083,2026-09-15T09:32:35,AC86910239,AC40026139,889.86,IMPS,normal
T006084,2026-09-15T09:35:58,AC15313436,AC79448796,500.00,UPI,structuring
T006085,2026-09-15T09:37:50,AC16761851,AC79448796,500.00,UPI,structuring
T006086,2026-09-15T09:39:15,AC48917884,AC79448796,450.00,UPI,structuring
T006087,2026-09-15T09:39:31,AC27550747,AC28422000,801.11,UPI,normal
T006088,2026-09-15T09:41:54,AC88592782,AC30729474,4478.41,UPI,normal
T006089,2026-09-15T09:43:18,AC34313000,AC79448796,500.00,UPI,structuring
T006090,2026-09-15T09:53:12,AC99141000,AC38546741,272.42,NEFT,normal
T006091,2026-09-15T09:54:09,AC57000147,AC99635023,494.89,UPI,normal
T006092,2026-09-15T09:56:25,AC34608019,AC79448796,500.00,UPI,structuring
T006093,2026-09-15T09:59:42,AC27874421,AC75399034,422.55,UPI,normal
T006094,2026-09-15T10:00:03,AC62148384,AC36272404,415.97,IMPS,normal
T006095,2026-09-15T10:00:34,AC38558820,AC29190316,1807.42,IMPS,normal
T006096,2026-09-15T10:05:01,AC42974546,AC79448796,490.00,UPI,structuring
T006097,2026-09-15T10:06:21,AC26331285,AC79448796,499.00,UPI,structuring
T006098,2026-09-15T10:06:35,AC11549722,AC79448796,500.00,UPI,structuring
T006099,2026-09-15T10:06:48,AC17299905,AC79448796,500.00,UPI,structuring
T006100,2026-09-15T10:07:03,AC68005893,AC79448796,500.00,UPI,structuring
T006101,2026-09-15T10:09:57,AC98115205,AC79448796,495.00,UPI,structuring
T006102,2026-09-15T10:11:19,AC34256684,AC22374072,645.24,IMPS,normal
T006103,2026-09-15T10:13:06,AC57000147,AC29190316,244.30,NEFT,normal
T006104,2026-09-15T10:16:58,AC78006237,AC79448796,500.00,UPI,structuring
T006105,2026-09-15T10:18:19,AC77744470,AC10664449,450000.00,NEFT,round_trip
T006106,2026-09-15T10:19:47,AC53895707,AC79448796,500.00,UPI,structuring
T006107,2026-09-15T10:20:16,AC70002780,AC79448796,500.00,UPI,structuring
T006108,2026-09-15T10:23:27,AC78741149,AC99635023,256.00,UPI,normal
T006109,2026-09-15T10:24:09,AC43614663,AC79448796,500.00,UPI,structuring
T006110,2026-09-15T10:24:42,AC53895707,AC79448796,500.00,UPI,structuring
T006111,2026-09-15T10:27:29,AC45265254,AC84363365,984.41,IMPS,normal
T006112,2026-09-15T10:29:28,AC25809806,AC99635023,234.38,UPI,normal
T006113,2026-09-15T10:30:41,AC27423955,AC79448796,500.00,UPI,structuring
T006114,2026-09-15T10:31:17,AC49655179,AC79448796,500.00,UPI,structuring
T006115,2026-09-15T10:31:43,AC74353833,AC99635023,772.89,UPI,normal
T006116,2026-09-15T10:34:00,AC63550032,AC74239549,4194.00,UPI,normal
T006117,2026-09-15T10:37:20,AC42002360,AC79448796,500.00,UPI,structuring
T006118,2026-09-15T10:38:20,AC98115205,AC79448796,450.00,UPI,structuring
T006119,2026-09-15T10:40:02,AC81281134,AC79448796,500.00,UPI,structuring
T006120,2026-09-15T10:44:39,AC49321318,AC57864027,668.86,UPI,normal
T006121,2026-09-15T10:44:53,AC81281134,AC79448796,495.00,UPI,structuring
T006122,2026-09-15T10:48:12,AC63241552,AC64198427,1515.88,UPI,normal
T006123,2026-09-15T10:53:38,AC48646352,AC31849997,120.34,NEFT,normal
T006124,2026-09-15T10:56:32,AC24063279,AC79448796,500.00,UPI,structuring
T006125,2026-09-15T10:56:40,AC70002780,AC79448796,500.00,UPI,structuring
T006126,2026-09-15T10:56:56,AC40432459,AC55362865,2363.03,NEFT,normal
T006127,2026-09-15T10:57:35,AC31669330,AC79448796,500.00,UPI,structuring
T006128,2026-09-15T10:59:12,AC51309941,AC79448796,500.00,UPI,structuring
T006129,2026-09-15T11:01:26,AC36192056,AC19437596,2475.00,UPI,normal
T006130,2026-09-15T11:02:14,AC95153029,AC79448796,500.00,UPI,structuring
T006131,2026-09-15T11:03:59,AC77330181,AC38546741,699.22,UPI,normal
T006132,2026-09-15T11:05:03,AC37080875,AC79448796,500.00,UPI,structuring
T006133,2026-09-15T11:05:43,AC21239731,AC79448796,500.00,UPI,structuring
T006134,2026-09-15T11:07:15,AC23618316,AC75399034,890.29,NEFT,normal
T006135,2026-09-15T11:07:29,AC56647663,AC79448796,500.00,UPI,structuring
T006136,2026-09-15T11:07:56,AC70690025,AC54492893,499.00,UPI,normal
T006137,2026-09-15T11:08:36,AC13740078,AC99635023,169.41,UPI,normal
T006138,2026-09-15T11:16:00,AC28377915,AC59117315,200.41,NEFT,normal
T006139,2026-09-15T11:21:44,AC63128543,AC95132904,477.00,UPI,normal
T006140,2026-09-15T11:23:37,AC25146464,AC79448796,500.00,UPI,structuring
T006141,2026-09-15T11:24:51,AC22215229,AC72778440,421.47,NEFT,normal
T006142,2026-09-15T11:24:54,AC66455770,AC50638453,567.37,UPI,normal
T006143,2026-09-15T11:25:50,AC64485395,AC79448796,500.00,UPI,structuring
T006144,2026-09-15T11:28:13,AC97255749,AC79448796,499.00,UPI,structuring
T006145,2026-09-15T11:29:22,AC62759119,AC79448796,500.00,UPI,structuring
T006146,2026-09-15T11:30:15,AC98358257,AC79448796,500.00,UPI,structuring
T006147,2026-09-15T11:30:51,AC17299905,AC79448796,500.00,UPI,structuring
T006148,2026-09-15T11:37:44,AC55650450,AC59117315,7116.75,UPI,normal
T006149,2026-09-15T11:38:08,AC17721077,AC79448796,500.00,UPI,structuring
T006150,2026-09-15T11:40:09,AC87570629,AC99635023,649.11,UPI,normal
T006151,2026-09-15T11:40:40,AC57722796,AC52751778,355.52,UPI,normal
T006152,2026-09-15T11:41:02,AC34608019,AC79448796,495.00,UPI,structuring
T006153,2026-09-15T11:44:35,AC64317606,AC79448796,500.00,UPI,structuring
T006154,2026-09-15T11:44:54,AC83270296,AC79448796,500.00,UPI,structuring
T006155,2026-09-15T11:46:02,AC43614663,AC79448796,500.00,UPI,structuring
T006156,2026-09-15T11:46:31,AC17721077,AC79448796,500.00,UPI,structuring
T006157,2026-09-15T11:46:38,AC46230636,AC84363365,246.82,UPI,normal
T006158,2026-09-15T11:46:59,AC16761851,AC79448796,500.00,UPI,structuring
T006159,2026-09-15T11:49:48,AC74477539,AC28422000,1808.96,UPI,normal
T006160,2026-09-15T11:53:25,AC68005893,AC79448796,500.00,UPI,structuring
T006161,2026-09-15T11:54:09,AC12259115,AC79448796,500.00,UPI,structuring
T006162,2026-09-15T11:55:22,AC86583954,AC79448796,500.00,UPI,structuring
T006163,2026-09-15T11:57:25,AC98027796,AC19814103,470.16,UPI,normal
T006164,2026-09-15T11:57:39,AC25482486,AC40026139,1427.11,UPI,normal
T006165,2026-09-15T12:05:20,AC38881120,AC79448796,495.00,UPI,structuring
T006166,2026-09-15T12:07:35,AC24264840,AC79448796,500.00,UPI,structuring
T006167,2026-09-15T12:08:56,AC53895707,AC79448796,500.00,UPI,structuring
T006168,2026-09-15T12:10:08,AC23711300,AC59148289,355.93,UPI,normal
T006169,2026-09-15T12:11:00,AC98217056,AC64198427,586.71,UPI,normal
T006170,2026-09-15T12:11:36,AC86583954,AC79448796,500.00,UPI,structuring
T006171,2026-09-15T12:13:47,AC66673996,AC79448796,500.00,UPI,structuring
T006172,2026-09-15T12:15:05,AC62759119,AC79448796,500.00,UPI,structuring
T006173,2026-09-15T12:18:03,AC80721337,AC79448796,500.00,UPI,structuring
T006174,2026-09-15T12:18:34,AC23741157,AC28422000,364.06,UPI,normal
T006175,2026-09-15T12:19:31,AC95359381,AC79448796,500.00,UPI,structuring
T006176,2026-09-15T12:20:23,AC95421789,AC75399034,470.99,UPI,normal
T006177,2026-09-15T12:28:18,AC77120755,AC79448796,500.00,UPI,structuring
T006178,2026-09-15T12:30:36,AC48917884,AC79448796,500.00,UPI,structuring
T006179,2026-09-15T12:32:20,AC21239731,AC79448796,500.00,UPI,structuring
T006180,2026-09-15T12:36:55,AC31669330,AC79448796,500.00,UPI,structuring
T006181,2026-09-15T12:38:47,AC17299905,AC79448796,500.00,UPI,structuring
T006182,2026-09-15T12:39:39,AC44811353,AC30729474,1321.24,NEFT,normal
T006183,2026-09-15T12:42:41,AC27344259,AC79448796,500.00,UPI,structuring
T006184,2026-09-15T12:43:18,AC58153450,AC58802897,3196.00,NEFT,normal
T006185,2026-09-15T12:45:56,AC55997036,AC79448796,500.00,UPI,structuring
T006186,2026-09-15T12:46:03,AC67085086,AC79448796,500.00,UPI,structuring
T006187,2026-09-15T12:49:29,AC59217612,AC30729474,664.39,UPI,normal
T006188,2026-09-15T12:56:00,AC53753544,AC40026139,2749.21,NEFT,normal
T006189,2026-09-15T12:57:34,AC12474155,AC79448796,500.00,UPI,structuring
T006190,2026-09-15T12:58:40,AC81924865,AC57864027,1969.74,UPI,normal
T006191,2026-09-15T13:00:55,AC19719255,AC79448796,500.00,UPI,structuring
T006192,2026-09-15T13:01:58,AC58553593,AC52410090,1944.82,UPI,normal
T006193,2026-09-15T13:03:52,AC83270296,AC79448796,500.00,UPI,structuring
T006194,2026-09-15T13:04:39,AC22633920,AC98618129,3148.49,UPI,normal
T006195,2026-09-15T13:04:53,AC19719255,AC79448796,500.00,UPI,structuring
T006196,2026-09-15T13:05:04,AC12259115,AC79448796,500.00,UPI,structuring
T006197,2026-09-15T13:05:14,AC36658926,AC79448796,500.00,UPI,structuring
T006198,2026-09-15T13:08:12,AC12474155,AC79448796,500.00,UPI,structuring
T006199,2026-09-15T13:08:39,AC22175294,AC99635023,705.75,NEFT,normal
T006200,2026-09-15T13:12:13,AC91628191,AC79448796,500.00,UPI,structuring
T006201,2026-09-15T13:15:04,AC79476293,AC55515398,564.05,IMPS,normal
T006202,2026-09-15T13:16:03,AC16252221,AC55515398,1058.98,UPI,normal
T006203,2026-09-15T13:16:35,AC45643433,AC79448796,490.00,UPI,structuring
T006204,2026-09-15T13:16:47,AC27423955,AC79448796,450.00,UPI,structuring
T006205,2026-09-15T13:16:48,AC66673996,AC79448796,500.00,UPI,structuring
T006206,2026-09-15T13:17:55,AC21239731,AC79448796,500.00,UPI,structuring
T006207,2026-09-15T13:18:36,AC52164119,AC67917877,2447.29,UPI,normal
T006208,2026-09-15T13:19:21,AC81483341,AC69340085,177.33,UPI,normal
T006209,2026-09-15T13:19:35,AC42974546,AC79448796,450.00,UPI,structuring
T006210,2026-09-15T13:19:57,AC93742074,AC79448796,500.00,UPI,structuring
T006211,2026-09-15T13:24:29,AC34608019,AC79448796,500.00,UPI,structuring
T006212,2026-09-15T13:28:42,AC24264840,AC79448796,500.00,UPI,structuring
T006213,2026-09-15T13:33:40,AC43614663,AC79448796,490.00,UPI,structuring
T006214,2026-09-15T13:35:19,AC42002360,AC79448796,500.00,UPI,structuring
T006215,2026-09-15T13:35:24,AC25716331,AC54492893,499.00,UPI,normal
T006216,2026-09-15T13:37:20,AC24264840,AC79448796,500.00,UPI,structuring
T006217,2026-09-15T13:37:54,AC72458740,AC84363365,1916.61,UPI,normal
T006218,2026-09-15T13:38:01,AC92083983,AC78741149,855.00,IMPS,normal
T006219,2026-09-15T13:39:22,AC48917884,AC79448796,500.00,UPI,structuring
T006220,2026-09-15T13:39:49,AC83960561,AC79448796,450.00,UPI,structuring
T006221,2026-09-15T13:41:55,AC34608019,AC79448796,500.00,UPI,structuring
T006222,2026-09-15T13:41:59,AC18628964,AC79448796,500.00,UPI,structuring
T006223,2026-09-15T13:42:31,AC33877318,AC79448796,500.00,UPI,structuring
T006224,2026-09-15T13:50:25,AC84714297,AC28422000,709.32,UPI,normal
T006225,2026-09-15T13:50:47,AC69819079,AC79448796,500.00,UPI,structuring
T006226,2026-09-15T13:51:17,AC67085086,AC79448796,500.00,UPI,structuring
T006227,2026-09-15T13:56:04,AC33877318,AC79448796,490.00,UPI,structuring
T006228,2026-09-15T13:56:28,AC81483341,AC31849997,512.08,IMPS,normal
T006229,2026-09-15T13:58:03,AC64317606,AC79448796,500.00,UPI,structuring
T006230,2026-09-15T13:59:28,AC51403729,AC29190316,316.82,NEFT,normal
T006231,2026-09-15T14:00:14,AC21282512,AC79448796,500.00,UPI,structuring
T006232,2026-09-15T14:01:19,AC83270296,AC79448796,495.00,UPI,structuring
T006233,2026-09-15T14:01:25,AC25146464,AC79448796,500.00,UPI,structuring
T006234,2026-09-15T14:02:05,AC36658926,AC79448796,499.00,UPI,structuring
T006235,2026-09-15T14:05:25,AC48197765,AC26421523,187.08,UPI,normal
T006236,2026-09-15T14:05:31,AC18628964,AC79448796,500.00,UPI,structuring
T006237,2026-09-15T14:05:39,AC37631611,AC79448796,500.00,UPI,structuring
T006238,2026-09-15T14:06:59,AC26093192,AC75399034,255.16,NEFT,normal
T006239,2026-09-15T14:07:14,AC58530762,AC54492893,499.00,UPI,normal
T006240,2026-09-15T14:08:38,AC79019441,AC79448796,500.00,UPI,structuring
T006241,2026-09-15T14:09:58,AC87570629,AC84363365,297.07,UPI,normal
T006242,2026-09-15T14:12:24,AC84550146,AC55515398,1004.47,UPI,normal
T006243,2026-09-15T14:14:31,AC18941925,AC79448796,500.00,UPI,structuring
T006244,2026-09-15T14:15:21,AC27423955,AC79448796,500.00,UPI,structuring
T006245,2026-09-15T14:17:15,AC90628248,AC59117315,657.26,IMPS,normal
T006246,2026-09-15T14:18:04,AC45494011,AC79448796,500.00,UPI,structuring
T006247,2026-09-15T14:18:14,AC27388652,AC79448796,500.00,UPI,structuring
T006248,2026-09-15T14:20:09,AC17299905,AC79448796,500.00,UPI,structuring
T006249,2026-09-15T14:21:06,AC79571586,AC99635023,209.56,UPI,normal
T006250,2026-09-15T14:21:38,AC65740154,AC31849997,615.08,UPI,normal
T006251,2026-09-15T14:22:54,AC39936146,AC83589642,4490.00,UPI,normal
T006252,2026-09-15T14:25:23,AC27423955,AC79448796,495.00,UPI,structuring
T006253,2026-09-15T14:25:36,AC67085086,AC79448796,500.00,UPI,structuring
T006254,2026-09-15T14:33:51,AC56625835,AC99635023,324.65,UPI,normal
T006255,2026-09-15T14:36:34,AC55987803,AC36272404,422.13,UPI,normal
T006256,2026-09-15T14:37:49,AC65740154,AC19722233,1072.00,IMPS,normal
T006257,2026-09-15T14:39:56,AC97255749,AC79448796,500.00,UPI,structuring
T006258,2026-09-15T14:41:44,AC91847639,AC42297987,202.46,IMPS,normal
T006259,2026-09-15T14:42:02,AC18941925,AC79448796,500.00,UPI,structuring
T006260,2026-09-15T14:44:10,AC98027796,AC93094361,1217.00,UPI,normal
T006261,2026-09-15T14:46:00,AC21282512,AC79448796,450.00,UPI,structuring
T006262,2026-09-15T14:48:37,AC81281134,AC79448796,500.00,UPI,structuring
T006263,2026-09-15T14:50:31,AC48870700,AC84363365,592.34,IMPS,normal
T006264,2026-09-15T14:52:51,AC12059721,AC79448796,500.00,UPI,structuring
T006265,2026-09-15T14:54:13,AC43614663,AC79448796,500.00,UPI,structuring
T006266,2026-09-15T14:54:22,AC44970682,AC79448796,500.00,UPI,structuring
T006267,2026-09-15T14:54:29,AC68224916,AC59148289,505.71,UPI,normal
T006268,2026-09-15T14:54:42,AC46094290,AC79448796,500.00,UPI,structuring
T006269,2026-09-15T14:55:25,AC66070842,AC79448796,500.00,UPI,structuring
T006270,2026-09-15T14:56:43,AC34127884,AC39589952,4326.00,UPI,normal
T006271,2026-09-15T14:56:45,AC13889649,AC39472579,2816.79,IMPS,normal
T006272,2026-09-15T14:58:23,AC37080875,AC79448796,500.00,UPI,structuring
T006273,2026-09-15T14:58:50,AC66673996,AC79448796,499.00,UPI,structuring
T006274,2026-09-15T14:59:15,AC30047826,AC79448796,500.00,UPI,structuring
T006275,2026-09-15T15:01:47,AC78006237,AC22374072,1219.64,IMPS,normal
T006276,2026-09-15T15:01:57,AC48917884,AC79448796,500.00,UPI,structuring
T006277,2026-09-15T15:02:21,AC12474155,AC79448796,500.00,UPI,structuring
T006278,2026-09-15T15:02:52,AC83849218,AC52751778,1150.35,UPI,normal
T006279,2026-09-15T15:02:56,AC86583954,AC79448796,500.00,UPI,structuring
T006280,2026-09-15T15:06:30,AC21239731,AC79448796,500.00,UPI,structuring
T006281,2026-09-15T15:06:55,AC46094290,AC79448796,499.00,UPI,structuring
T006282,2026-09-15T15:07:34,AC11549722,AC79448796,500.00,UPI,structuring
T006283,2026-09-15T15:08:37,AC20418044,AC99635023,494.33,UPI,normal
T006284,2026-09-15T15:08:46,AC12474155,AC79448796,500.00,UPI,structuring
T006285,2026-09-15T15:09:03,AC17721077,AC79448796,500.00,UPI,structuring
T006286,2026-09-15T15:13:55,AC63241552,AC52751778,1029.39,UPI,normal
T006287,2026-09-15T15:14:10,AC45951526,AC79448796,500.00,UPI,structuring
T006288,2026-09-15T15:19:23,AC81232885,AC96363470,4858.34,UPI,normal
T006289,2026-09-15T15:19:52,AC51874911,AC79448796,500.00,UPI,structuring
T006290,2026-09-15T15:22:14,AC50937131,AC79448796,500.00,UPI,structuring
T006291,2026-09-15T15:22:42,AC40675978,AC79448796,500.00,UPI,structuring
T006292,2026-09-15T15:23:07,AC51874911,AC79448796,495.00,UPI,structuring
T006293,2026-09-15T15:27:53,AC95132904,AC22374072,681.30,NEFT,normal
T006294,2026-09-15T15:33:26,AC27423955,AC79448796,500.00,UPI,structuring
T006295,2026-09-15T15:36:12,AC62992312,AC26421523,770.99,IMPS,normal
T006296,2026-09-15T15:37:16,AC40811860,AC79448796,500.00,UPI,structuring
T006297,2026-09-15T15:37:35,AC12259115,AC79448796,500.00,UPI,structuring
T006298,2026-09-15T15:39:05,AC34127884,AC55515398,703.24,UPI,normal
T006299,2026-09-15T15:41:48,AC74353833,AC99855030,275.59,UPI,normal
T006300,2026-09-15T15:41:55,AC59982352,AC66542771,593.77,UPI,normal
T006301,2026-09-15T15:42:17,AC44785794,AC30729474,1155.21,NEFT,normal
T006302,2026-09-15T15:43:07,AC46094290,AC79448796,500.00,UPI,structuring
T006303,2026-09-15T15:43:29,AC83960310,AC42297987,4207.40,IMPS,normal
T006304,2026-09-15T15:45:00,AC17299905,AC79448796,500.00,UPI,structuring
T006305,2026-09-15T15:45:55,AC48917884,AC79448796,500.00,UPI,structuring
T006306,2026-09-15T15:46:01,AC97197858,AC52410090,2599.67,NEFT,normal
T006307,2026-09-15T15:46:04,AC43352343,AC99855030,148.52,NEFT,normal
T006308,2026-09-15T15:50:16,AC24690326,AC79448796,450.00,UPI,structuring
T006309,2026-09-15T15:50:38,AC47203213,AC29190316,209.73,UPI,normal
T006310,2026-09-15T15:52:07,AC47290936,AC40026139,210.32,NEFT,normal
T006311,2026-09-15T15:58:05,AC38881120,AC79448796,500.00,UPI,structuring
T006312,2026-09-15T15:58:10,AC93742074,AC79448796,499.00,UPI,structuring
T006313,2026-09-15T15:58:43,AC79019441,AC79448796,490.00,UPI,structuring
T006314,2026-09-15T16:01:25,AC17721077,AC79448796,500.00,UPI,structuring
T006315,2026-09-15T16:04:35,AC21282512,AC79448796,500.00,UPI,structuring
T006316,2026-09-15T16:07:00,AC92083983,AC64198427,1699.05,UPI,normal
T006317,2026-09-15T16:07:39,AC30287103,AC40026139,351.14,UPI,normal
T006318,2026-09-15T16:09:10,AC70690025,AC40026139,153.50,IMPS,normal
T006319,2026-09-15T16:09:55,AC23119148,AC30729474,814.86,UPI,normal
T006320,2026-09-15T16:10:18,AC51874911,AC79448796,499.00,UPI,structuring
T006321,2026-09-15T16:10:27,AC98027796,AC54492893,499.00,UPI,normal
T006322,2026-09-15T16:15:20,AC14959258,AC79448796,495.00,UPI,structuring
T006323,2026-09-15T16:16:53,AC10549434,AC59117315,296.38,UPI,normal
T006324,2026-09-15T16:17:21,AC90628248,AC84363365,1357.64,UPI,normal
T006325,2026-09-15T16:17:36,AC27423955,AC79448796,500.00,UPI,structuring
T006326,2026-09-15T16:18:01,AC88592782,AC54492893,499.00,UPI,normal
T006327,2026-09-15T16:19:46,AC19719255,AC79448796,500.00,UPI,structuring
T006328,2026-09-15T16:20:07,AC69491792,AC42297987,995.48,IMPS,normal
T006329,2026-09-15T16:20:18,AC77867728,AC79448796,500.00,UPI,structuring
T006330,2026-09-15T16:21:52,AC34367415,AC79448796,500.00,UPI,structuring
T006331,2026-09-15T16:23:06,AC12259115,AC79448796,500.00,UPI,structuring
T006332,2026-09-15T16:25:46,AC76453392,AC26421523,1059.51,UPI,normal
T006333,2026-09-15T16:27:12,AC42002360,AC79448796,500.00,UPI,structuring
T006334,2026-09-15T16:28:05,AC38881120,AC79448796,500.00,UPI,structuring
T006335,2026-09-15T16:31:02,AC74939188,AC19814103,2028.99,UPI,normal
T006336,2026-09-15T16:32:04,AC28752741,AC79448796,500.00,UPI,structuring
T006337,2026-09-15T16:34:01,AC35428420,AC79448796,500.00,UPI,structuring
T006338,2026-09-15T16:34:07,AC11619076,AC84363365,53.33,IMPS,normal
T006339,2026-09-15T16:36:18,AC36658926,AC79448796,500.00,UPI,structuring
T006340,2026-09-15T16:36:28,AC46094290,AC79448796,450.00,UPI,structuring
T006341,2026-09-15T16:37:43,AC27388652,AC79448796,500.00,UPI,structuring
T006342,2026-09-15T16:38:04,AC42301241,AC29190316,975.79,UPI,normal
T006343,2026-09-15T16:40:10,AC33877318,AC79448796,500.00,UPI,structuring
T006344,2026-09-15T16:40:17,AC73667109,AC31849997,2361.41,UPI,normal
T006345,2026-09-15T16:41:24,AC45150991,AC79448796,500.00,UPI,structuring
T006346,2026-09-15T16:41:33,AC18941925,AC79448796,500.00,UPI,structuring
T006347,2026-09-15T16:44:08,AC70904451,AC79448796,500.00,UPI,structuring
T006348,2026-09-15T16:44:12,AC77867728,AC79448796,500.00,UPI,structuring
T006349,2026-09-15T16:45:19,AC82021083,AC79448796,495.00,UPI,structuring
T006350,2026-09-15T16:47:48,AC21887116,AC79448796,500.00,UPI,structuring
T006351,2026-09-15T16:49:25,AC95359381,AC79448796,500.00,UPI,structuring
T006352,2026-09-15T16:51:31,AC70904451,AC79448796,500.00,UPI,structuring
T006353,2026-09-15T16:53:22,AC53895707,AC79448796,500.00,UPI,structuring
T006354,2026-09-15T16:54:10,AC81380338,AC30729474,933.93,UPI,normal
T006355,2026-09-15T16:59:47,AC44970682,AC79448796,499.00,UPI,structuring
T006356,2026-09-15T17:01:05,AC33877318,AC79448796,500.00,UPI,structuring
T006357,2026-09-15T17:02:58,AC15798969,AC79448796,500.00,UPI,structuring
T006358,2026-09-15T17:03:33,AC21282512,AC79448796,495.00,UPI,structuring
T006359,2026-09-15T17:04:06,AC56100526,AC98618129,939.84,NEFT,normal
T006360,2026-09-15T17:06:52,AC66673996,AC79448796,500.00,UPI,structuring
T006361,2026-09-15T17:09:16,AC76662562,AC63453132,275.89,UPI,normal
T006362,2026-09-15T17:10:01,AC69139937,AC69340085,425.33,UPI,normal
T006363,2026-09-15T17:10:05,AC45494011,AC79448796,500.00,UPI,structuring
T006364,2026-09-15T17:10:29,AC49655179,AC79448796,500.00,UPI,structuring
T006365,2026-09-15T17:10:59,AC25846520,AC26421523,155.30,UPI,normal
T006366,2026-09-15T17:11:12,AC80901507,AC28422000,277.65,UPI,normal
T006367,2026-09-15T17:16:47,AC71967692,AC59148289,370.42,IMPS,normal
T006368,2026-09-15T17:17:39,AC75090595,AC29190316,301.06,IMPS,normal
T006369,2026-09-15T17:19:17,AC28752741,AC79448796,500.00,UPI,structuring
T006370,2026-09-15T17:19:34,AC34473646,AC96363470,1264.68,UPI,normal
T006371,2026-09-15T17:24:59,AC12059721,AC79448796,500.00,UPI,structuring
T006372,2026-09-15T17:26:04,AC95359381,AC79448796,500.00,UPI,structuring
T006373,2026-09-15T17:27:33,AC44785794,AC42297987,554.95,NEFT,normal
T006374,2026-09-15T17:36:20,AC67783637,AC72778440,1261.05,UPI,normal
T006375,2026-09-15T17:36:43,AC22007414,AC79448796,499.00,UPI,structuring
T006376,2026-09-15T17:38:08,AC22175294,AC19736972,1522.87,NEFT,normal
T006377,2026-09-15T17:45:16,AC93760773,AC16252221,4728.00,NEFT,normal
T006378,2026-09-15T17:46:04,AC21282512,AC79448796,500.00,UPI,structuring
T006379,2026-09-15T17:46:50,AC37631611,AC79448796,500.00,UPI,structuring
T006380,2026-09-15T17:47:19,AC18628964,AC79448796,499.00,UPI,structuring
T006381,2026-09-15T17:50:46,AC39851095,AC79448796,500.00,UPI,structuring
T006382,2026-09-15T17:52:16,AC86583954,AC79448796,490.00,UPI,structuring
T006383,2026-09-15T17:54:37,AC50937131,AC79448796,500.00,UPI,structuring
T006384,2026-09-15T17:56:32,AC62148384,AC40026139,181.13,UPI,normal
T006385,2026-09-15T17:56:54,AC24264840,AC79448796,500.00,UPI,structuring
T006386,2026-09-15T17:57:06,AC22562241,AC99855030,198.95,UPI,normal
T006387,2026-09-15T18:00:28,AC57484087,AC55515398,979.17,UPI,normal
T006388,2026-09-15T18:00:39,AC88710264,AC40026139,623.95,UPI,normal
T006389,2026-09-15T18:03:06,AC82903368,AC62662255,1189.84,IMPS,normal
T006390,2026-09-15T18:04:07,AC33960779,AC19736972,119.33,UPI,normal
T006391,2026-09-15T18:04:09,AC84903659,AC62662255,495.12,NEFT,normal
T006392,2026-09-15T18:05:09,AC15313436,AC79448796,500.00,UPI,structuring
T006393,2026-09-15T18:05:33,AC93443625,AC79448796,500.00,UPI,structuring
T006394,2026-09-15T18:06:33,AC19375836,AC39472579,299.29,UPI,normal
T006395,2026-09-15T18:06:56,AC18628964,AC79448796,500.00,UPI,structuring
T006396,2026-09-15T18:10:59,AC97255749,AC79448796,500.00,UPI,structuring
T006397,2026-09-15T18:13:20,AC22175294,AC59148289,1035.30,IMPS,normal
T006398,2026-09-15T18:13:56,AC95359381,AC79448796,500.00,UPI,structuring
T006399,2026-09-15T18:14:53,AC27874421,AC40026139,584.06,UPI,normal
T006400,2026-09-15T18:16:04,AC98662305,AC99635023,1846.77,UPI,normal
T006401,2026-09-15T18:20:55,AC82021083,AC79448796,500.00,UPI,structuring
T006402,2026-09-15T18:21:18,AC11549722,AC79448796,500.00,UPI,structuring
T006403,2026-09-15T18:23:38,AC67085086,AC79448796,495.00,UPI,structuring
T006404,2026-09-15T18:24:00,AC36658926,AC79448796,500.00,UPI,structuring
T006405,2026-09-15T18:24:16,AC35428420,AC79448796,500.00,UPI,structuring
T006406,2026-09-15T18:27:00,AC63404922,AC30399018,1658.00,UPI,normal
T006407,2026-09-15T18:30:41,AC51309941,AC79448796,500.00,UPI,structuring
T006408,2026-09-15T18:32:12,AC43239798,AC31849997,609.48,NEFT,normal
T006409,2026-09-15T18:32:43,AC98358257,AC79448796,500.00,UPI,structuring
T006410,2026-09-15T18:32:56,AC25146464,AC79448796,500.00,UPI,structuring
T006411,2026-09-15T18:34:49,AC56573688,AC79448796,500.00,UPI,structuring
T006412,2026-09-15T18:37:06,AC85064182,AC50638453,142.58,UPI,normal
T006413,2026-09-15T18:37:14,AC35428420,AC79448796,500.00,UPI,structuring
T006414,2026-09-15T18:37:45,AC16761851,AC79448796,500.00,UPI,structuring
T006415,2026-09-15T18:41:00,AC42974546,AC79448796,500.00,UPI,structuring
T006416,2026-09-15T18:43:13,AC54629703,AC29190316,358.84,NEFT,normal
T006417,2026-09-15T18:47:06,AC18288654,AC43971558,290.57,UPI,normal
T006418,2026-09-15T18:48:25,AC16761851,AC79448796,500.00,UPI,structuring
T006419,2026-09-15T18:48:57,AC95153029,AC79448796,500.00,UPI,structuring
T006420,2026-09-15T18:50:20,AC54629703,AC99635023,288.88,NEFT,normal
T006421,2026-09-15T18:51:16,AC13740078,AC39472579,164.62,NEFT,normal
T006422,2026-09-15T18:55:03,AC68202938,AC30729474,252.79,IMPS,normal
T006423,2026-09-15T18:55:03,AC36658926,AC79448796,500.00,UPI,structuring
T006424,2026-09-15T18:55:14,AC58940600,AC66542771,182.54,UPI,normal
T006425,2026-09-15T18:58:03,AC37631611,AC79448796,500.00,UPI,structuring
T006426,2026-09-15T18:58:19,AC16761851,AC79448796,490.00,UPI,structuring
T006427,2026-09-15T19:01:26,AC35990584,AC40026139,249.27,NEFT,normal
T006428,2026-09-15T19:01:27,AC53895707,AC79448796,500.00,UPI,structuring
T006429,2026-09-15T19:02:07,AC85201674,AC31849997,638.10,NEFT,normal
T006430,2026-09-15T19:02:52,AC83061791,AC30729474,307.51,UPI,normal
T006431,2026-09-15T19:03:32,AC44709914,AC79448796,500.00,UPI,structuring
T006432,2026-09-15T19:04:24,AC34313000,AC79448796,500.00,UPI,structuring
T006433,2026-09-15T19:04:48,AC12059721,AC79448796,500.00,UPI,structuring
T006434,2026-09-15T19:05:12,AC39962626,AC64198427,703.77,NEFT,normal
T006435,2026-09-15T19:06:15,AC11549722,AC79448796,500.00,UPI,structuring
T006436,2026-09-15T19:08:42,AC87457446,AC25482486,3318.00,IMPS,normal
T006437,2026-09-15T19:08:48,AC91628191,AC79448796,500.00,UPI,structuring
T006438,2026-09-15T19:10:50,AC45150991,AC79448796,500.00,UPI,structuring
T006439,2026-09-15T19:11:46,AC78144218,AC63453132,575.28,IMPS,normal
T006440,2026-09-15T19:11:46,AC84231009,AC79448796,500.00,UPI,structuring
T006441,2026-09-15T19:13:49,AC27580355,AC26421523,629.62,IMPS,normal
T006442,2026-09-15T19:13:57,AC55641228,AC29190316,1809.81,IMPS,normal
T006443,2026-09-15T19:14:24,AC76437986,AC79448796,500.00,UPI,structuring
T006444,2026-09-15T19:16:13,AC55520180,AC79448796,500.00,UPI,structuring
T006445,2026-09-15T19:17:02,AC50937131,AC79448796,500.00,UPI,structuring
T006446,2026-09-15T19:17:33,AC88710264,AC79203339,1123.46,NEFT,normal
T006447,2026-09-15T19:23:41,AC48917884,AC79448796,500.00,UPI,structuring
T006448,2026-09-15T19:25:56,AC66673996,AC79448796,500.00,UPI,structuring
T006449,2026-09-15T19:26:20,AC63128543,AC22633303,1168.71,NEFT,normal
T006450,2026-09-15T19:26:25,AC99141000,AC67490644,782.84,NEFT,normal
T006451,2026-09-15T19:26:39,AC70712824,AC75399034,225.98,UPI,normal
T006452,2026-09-15T19:27:10,AC46094290,AC79448796,500.00,UPI,structuring
T006453,2026-09-15T19:28:58,AC71230843,AC99635023,637.85,UPI,normal
T006454,2026-09-15T19:31:17,AC48197765,AC52410090,430.92,UPI,normal
T006455,2026-09-15T19:34:48,AC78006237,AC79448796,500.00,UPI,structuring
T006456,2026-09-15T19:35:54,AC27050801,AC36272404,761.63,IMPS,normal
T006457,2026-09-15T19:38:08,AC24063279,AC79448796,500.00,UPI,structuring
T006458,2026-09-15T19:42:28,AC50298754,AC40026139,138.20,UPI,normal
T006459,2026-09-15T19:49:24,AC89774974,AC29190316,3845.26,UPI,normal
T006460,2026-09-15T19:50:44,AC27388652,AC79448796,500.00,UPI,structuring
T006461,2026-09-15T19:51:28,AC94378806,AC69340085,834.87,UPI,normal
T006462,2026-09-15T19:52:34,AC10031310,AC40446731,2146.00,UPI,normal
T006463,2026-09-15T19:54:48,AC38881120,AC79448796,450.00,UPI,structuring
T006464,2026-09-15T19:56:23,AC18354761,AC64198427,3804.38,IMPS,normal
T006465,2026-09-15T19:57:58,AC64317606,AC79448796,500.00,UPI,structuring
T006466,2026-09-15T19:59:37,AC31669330,AC79448796,495.00,UPI,structuring
T006467,2026-09-15T20:03:39,AC62897893,AC29190316,1465.91,NEFT,normal
T006468,2026-09-15T20:04:11,AC15798969,AC79448796,495.00,UPI,structuring
T006469,2026-09-15T20:04:27,AC44970682,AC79448796,500.00,UPI,structuring
T006470,2026-09-15T20:06:03,AC45150991,AC79448796,500.00,UPI,structuring
T006471,2026-09-15T20:06:05,AC21887116,AC79448796,500.00,UPI,structuring
T006472,2026-09-15T20:09:08,AC25146464,AC79448796,500.00,UPI,structuring
T006473,2026-09-15T20:10:58,AC83960561,AC79448796,500.00,UPI,structuring
T006474,2026-09-15T20:11:01,AC42974546,AC79448796,500.00,UPI,structuring
T006475,2026-09-15T20:15:01,AC15032582,AC31849997,719.32,IMPS,normal
T006476,2026-09-15T20:15:24,AC33877318,AC79448796,500.00,UPI,structuring
T006477,2026-09-15T20:16:14,AC86072408,AC30729474,513.17,IMPS,normal
T006478,2026-09-15T20:16:33,AC24241764,AC22374072,825.50,UPI,normal
T006479,2026-09-15T20:17:09,AC46308897,AC79448796,500.00,UPI,structuring
T006480,2026-09-15T20:17:39,AC92418944,AC42297987,1824.31,UPI,normal
T006481,2026-09-15T20:18:34,AC74477539,AC55515398,454.72,UPI,normal
T006482,2026-09-15T20:18:47,AC50937131,AC79448796,450.00,UPI,structuring
T006483,2026-09-15T20:19:20,AC32817504,AC23711300,2980.00,UPI,normal
T006484,2026-09-15T20:20:34,AC86626738,AC30729474,1135.85,UPI,normal
T006485,2026-09-15T20:22:32,AC16252221,AC31849997,828.20,NEFT,normal
T006486,2026-09-15T20:23:35,AC81924865,AC13889649,3779.00,UPI,normal
T006487,2026-09-15T20:24:14,AC48578460,AC59148289,2472.85,IMPS,normal
T006488,2026-09-15T20:25:02,AC98915866,AC29190316,249.06,UPI,normal
T006489,2026-09-15T20:25:53,AC33960779,AC67490644,404.15,NEFT,normal
T006490,2026-09-15T20:29:34,AC46298660,AC79448796,500.00,UPI,structuring
T006491,2026-09-15T20:30:57,AC56573688,AC79448796,500.00,UPI,structuring
T006492,2026-09-15T20:31:29,AC93443625,AC79448796,500.00,UPI,structuring
T006493,2026-09-15T20:36:20,AC66673996,AC79448796,500.00,UPI,structuring
T006494,2026-09-15T20:38:36,AC21282512,AC79448796,500.00,UPI,structuring
T006495,2026-09-15T20:38:40,AC73667109,AC40026139,2074.48,UPI,normal
T006496,2026-09-15T20:39:23,AC83960561,AC79448796,500.00,UPI,structuring
T006497,2026-09-15T20:40:59,AC72458740,AC57864027,1231.50,NEFT,normal
T006498,2026-09-15T20:43:57,AC17933677,AC26421523,4891.49,UPI,normal
T006499,2026-09-15T20:44:39,AC78006237,AC79448796,450.00,UPI,structuring
T006500,2026-09-15T20:46:10,AC28752741,AC79448796,500.00,UPI,structuring
T006501,2026-09-15T20:46:13,AC74477539,AC99635023,2176.06,UPI,normal
T006502,2026-09-15T20:46:32,AC12437810,AC79448796,500.00,UPI,structuring
T006503,2026-09-15T20:47:36,AC69819079,AC79448796,500.00,UPI,structuring
T006504,2026-09-15T20:47:47,AC73382988,AC54492893,499.00,UPI,normal
T006505,2026-09-15T20:48:28,AC44709914,AC79448796,500.00,UPI,structuring
T006506,2026-09-15T20:48:56,AC45150991,AC79448796,500.00,UPI,structuring
T006507,2026-09-15T20:49:36,AC86910239,AC57864027,333.19,UPI,normal
T006508,2026-09-15T20:54:08,AC13889649,AC75399034,1353.36,UPI,normal
T006509,2026-09-15T20:55:28,AC40675978,AC79448796,500.00,UPI,structuring
T006510,2026-09-15T20:58:14,AC95359381,AC79448796,500.00,UPI,structuring
T006511,2026-09-15T20:58:34,AC67085086,AC79448796,500.00,UPI,structuring
T006512,2026-09-15T20:59:30,AC39936146,AC40026139,551.34,UPI,normal
T006513,2026-09-15T20:59:48,AC40675978,AC79448796,500.00,UPI,structuring
T006514,2026-09-15T21:02:32,AC95153029,AC79448796,500.00,UPI,structuring
T006515,2026-09-15T21:04:24,AC38881120,AC79448796,500.00,UPI,structuring
T006516,2026-09-15T21:06:21,AC95132904,AC52751778,611.65,UPI,normal
T006517,2026-09-15T21:06:44,AC72492024,AC50638453,179.51,UPI,normal
T006518,2026-09-15T21:08:17,AC25482486,AC99635023,3808.90,NEFT,normal
T006519,2026-09-15T21:09:04,AC36658926,AC79448796,500.00,UPI,structuring
T006520,2026-09-15T21:09:57,AC27388652,AC79448796,500.00,UPI,structuring
T006521,2026-09-15T21:11:08,AC55330357,AC26421523,358.38,NEFT,normal
T006522,2026-09-15T21:11:59,AC83270296,AC79448796,500.00,UPI,structuring
T006523,2026-09-15T21:14:55,AC88592782,AC30926211,2370.00,NEFT,normal
T006524,2026-09-15T21:15:54,AC78106871,AC42297987,2770.24,NEFT,normal
T006525,2026-09-15T21:16:23,AC83960561,AC79448796,500.00,UPI,structuring
T006526,2026-09-15T21:19:31,AC67085086,AC79448796,500.00,UPI,structuring
T006527,2026-09-15T21:19:57,AC84688894,AC30729474,1360.53,NEFT,normal
T006528,2026-09-15T21:20:06,AC34608019,AC79448796,500.00,UPI,structuring
T006529,2026-09-15T21:22:08,AC98115205,AC79448796,500.00,UPI,structuring
T006530,2026-09-15T21:23:12,AC63746500,AC26093192,4201.00,UPI,normal
T006531,2026-09-15T21:24:01,AC45951526,AC79448796,500.00,UPI,structuring
T006532,2026-09-15T21:27:44,AC37080875,AC79448796,500.00,UPI,structuring
T006533,2026-09-15T21:29:10,AC93742074,AC79448796,500.00,UPI,structuring
T006534,2026-09-15T21:29:49,AC70025882,AC39472579,8707.80,UPI,normal
T006535,2026-09-15T21:30:36,AC76437986,AC79448796,500.00,UPI,structuring
T006536,2026-09-15T21:31:11,AC12259115,AC79448796,500.00,UPI,structuring
T006537,2026-09-15T21:31:47,AC91847639,AC26421523,438.72,IMPS,normal
T006538,2026-09-15T21:34:03,AC46496546,AC79448796,500.00,UPI,structuring
T006539,2026-09-15T21:34:28,AC19229206,AC55362865,512.24,UPI,normal
T006540,2026-09-15T21:38:05,AC20418044,AC40026139,200.08,UPI,normal
T006541,2026-09-15T21:39:14,AC10664449,AC22193908,446309.00,NEFT,round_trip
T006542,2026-09-15T21:39:34,AC40811860,AC79448796,500.00,UPI,structuring
T006543,2026-09-15T21:40:38,AC79019441,AC79448796,500.00,UPI,structuring
T006544,2026-09-15T21:46:47,AC55997036,AC79448796,500.00,UPI,structuring
T006545,2026-09-15T21:47:20,AC20815439,AC62662255,2092.06,NEFT,normal
T006546,2026-09-15T21:48:09,AC22007414,AC79448796,500.00,UPI,structuring
T006547,2026-09-15T21:50:28,AC10549434,AC22374072,1297.14,NEFT,normal
T006548,2026-09-15T21:52:40,AC42974546,AC79448796,500.00,UPI,structuring
T006549,2026-09-15T21:52:58,AC84903659,AC38546741,130.02,UPI,normal
T006550,2026-09-15T21:53:23,AC79092953,AC79448796,500.00,UPI,structuring
T006551,2026-09-15T21:55:50,AC55909953,AC66542771,448.17,UPI,normal
T006552,2026-09-15T21:57:11,AC17299905,AC79448796,500.00,UPI,structuring
T006553,2026-09-15T22:02:49,AC19375836,AC40026139,220.96,IMPS,normal
T006554,2026-09-15T22:05:52,AC28752741,AC79448796,500.00,UPI,structuring
T006555,2026-09-15T22:06:37,AC46496546,AC79448796,500.00,UPI,structuring
T006556,2026-09-15T22:07:56,AC40432459,AC66542771,1590.49,UPI,normal
T006557,2026-09-15T22:08:38,AC18174466,AC19736972,1822.58,IMPS,normal
T006558,2026-09-15T22:09:55,AC45265254,AC99855030,2406.58,IMPS,normal
T006559,2026-09-15T22:10:45,AC76437986,AC79448796,500.00,UPI,structuring
T006560,2026-09-15T22:11:40,AC57740731,AC19814103,775.29,UPI,normal
T006561,2026-09-15T22:12:08,AC14959258,AC79448796,490.00,UPI,structuring
T006562,2026-09-15T22:17:35,AC66455770,AC40026139,343.08,UPI,normal
T006563,2026-09-15T22:18:06,AC93443625,AC79448796,490.00,UPI,structuring
T006564,2026-09-15T22:18:21,AC66070842,AC79448796,490.00,UPI,structuring
T006565,2026-09-15T22:21:08,AC30926211,AC59148289,791.14,UPI,normal
T006566,2026-09-15T22:25:17,AC97255749,AC79448796,500.00,UPI,structuring
T006567,2026-09-15T22:26:10,AC70712824,AC30729474,669.71,IMPS,normal
T006568,2026-09-15T22:27:43,AC34127884,AC73667109,711.00,NEFT,normal
T006569,2026-09-15T22:29:51,AC52110478,AC39472579,1070.23,NEFT,normal
T006570,2026-09-15T22:32:39,AC57030900,AC54492893,499.00,UPI,normal
T006571,2026-09-15T22:33:27,AC82903368,AC99635023,629.30,NEFT,normal
T006572,2026-09-15T22:34:30,AC30287103,AC30729474,362.26,UPI,normal
T006573,2026-09-15T22:37:36,AC83270296,AC79448796,500.00,UPI,structuring
T006574,2026-09-15T22:38:22,AC26331285,AC79448796,500.00,UPI,structuring
T006575,2026-09-15T22:38:50,AC48917884,AC79448796,500.00,UPI,structuring
T006576,2026-09-15T22:39:51,AC28999723,AC84363365,70.91,NEFT,normal
T006577,2026-09-15T22:41:13,AC46496546,AC79448796,490.00,UPI,structuring
T006578,2026-09-15T22:41:15,AC93443625,AC79448796,500.00,UPI,structuring
T006579,2026-09-15T22:44:48,AC35676674,AC84363365,1969.29,NEFT,normal
T006580,2026-09-15T22:46:45,AC27359750,AC99635023,1079.71,IMPS,normal
T006581,2026-09-15T22:47:56,AC97255749,AC79448796,500.00,UPI,structuring
T006582,2026-09-15T22:48:11,AC28999723,AC55362865,971.74,IMPS,normal
T006583,2026-09-15T22:48:31,AC97197858,AC40026139,605.86,UPI,normal
T006584,2026-09-15T22:49:14,AC90628248,AC99855030,350.97,UPI,normal
T006585,2026-09-15T22:50:04,AC27423955,AC79448796,500.00,UPI,structuring
T006586,2026-09-15T22:53:32,AC47203213,AC19736972,429.48,NEFT,normal
T006587,2026-09-15T22:55:20,AC24264840,AC79448796,490.00,UPI,structuring
T006588,2026-09-15T22:55:51,AC45535068,AC21643368,2302.00,UPI,normal
T006589,2026-09-15T22:57:22,AC76385704,AC79448796,500.00,UPI,structuring
T006590,2026-09-16T07:02:39,AC73632401,AC26421523,246.51,UPI,normal
T006591,2026-09-16T07:08:51,AC99141000,AC38546741,562.40,UPI,normal
T006592,2026-09-16T07:17:43,AC85196458,AC30729474,119.55,UPI,normal
T006593,2026-09-16T07:25:18,AC32329304,AC84363365,997.03,UPI,normal
T006594,2026-09-16T07:25:22,AC25482486,AC54492893,499.00,UPI,normal
T006595,2026-09-16T07:34:10,AC38019720,AC99635023,301.34,UPI,normal
T006596,2026-09-16T07:39:13,AC19375836,AC38546741,844.22,NEFT,normal
T006597,2026-09-16T07:46:48,AC56574257,AC26421523,1585.07,UPI,normal
T006598,2026-09-16T07:47:54,AC43352343,AC55515398,84.77,UPI,normal
T006599,2026-09-16T07:50:06,AC66238912,AC98618129,175.16,UPI,normal
T006600,2026-09-16T07:57:18,AC35676674,AC42297987,272.20,UPI,normal
T006601,2026-09-16T08:07:18,AC19229206,AC26421523,2545.35,UPI,normal
T006602,2026-09-16T08:09:15,AC78741149,AC72778440,682.53,UPI,normal
T006603,2026-09-16T08:11:21,AC29552354,AC57864027,214.85,UPI,normal
T006604,2026-09-16T08:20:55,AC23896513,AC39472579,767.28,IMPS,normal
T006605,2026-09-16T08:26:12,AC91907998,AC29190316,298.15,IMPS,normal
T006606,2026-09-16T08:26:32,AC43857462,AC38546741,555.62,UPI,normal
T006607,2026-09-16T08:34:25,AC45535068,AC29190316,1594.14,IMPS,normal
T006608,2026-09-16T08:41:27,AC56100526,AC28422000,1170.01,UPI,normal
T006609,2026-09-16T08:42:47,AC27874421,AC42297987,271.06,UPI,normal
T006610,2026-09-16T08:43:23,AC38325623,AC79188088,2834.00,IMPS,normal
T006611,2026-09-16T08:43:26,AC66238912,AC29190316,753.15,UPI,normal
T006612,2026-09-16T08:44:34,AC70690025,AC75399034,793.97,IMPS,normal
T006613,2026-09-16T08:53:06,AC52763335,AC52410090,84.83,UPI,normal
T006614,2026-09-16T08:53:39,AC62992312,AC39287351,4977.00,UPI,normal
T006615,2026-09-16T08:53:56,AC54246886,AC88295746,2431.00,IMPS,normal
T006616,2026-09-16T08:55:14,AC81232885,AC99855030,120.29,IMPS,normal
T006617,2026-09-16T09:02:37,AC74780629,AC29190316,892.05,UPI,normal
T006618,2026-09-16T09:03:21,AC56573688,AC50638453,1325.18,UPI,normal
T006619,2026-09-16T09:10:23,AC38816302,AC31849997,211.41,IMPS,normal
T006620,2026-09-16T09:11:27,AC76140059,AC99635023,2699.52,UPI,normal
T006621,2026-09-16T09:15:40,AC52164119,AC19814103,637.31,UPI,normal
T006622,2026-09-16T09:17:46,AC19722233,AC75399034,519.78,NEFT,normal
T006623,2026-09-16T09:21:14,AC57000147,AC99635023,186.27,UPI,normal
T006624,2026-09-16T09:27:05,AC49321318,AC52751778,2233.52,UPI,normal
T006625,2026-09-16T09:28:24,AC85394042,AC39472579,1056.36,UPI,normal
T006626,2026-09-16T09:34:54,AC92083983,AC42297987,257.90,UPI,normal
T006627,2026-09-16T09:36:53,AC27050801,AC99635023,268.26,IMPS,normal
T006628,2026-09-16T09:37:16,AC36401454,AC59148289,411.14,IMPS,normal
T006629,2026-09-16T09:39:46,AC72458740,AC28422000,362.27,UPI,normal
T006630,2026-09-16T09:46:17,AC17246803,AC55515398,691.70,UPI,normal
T006631,2026-09-16T09:47:05,AC69491792,AC26421523,1766.49,IMPS,normal
T006632,2026-09-16T09:58:34,AC45046288,AC42297987,1002.66,NEFT,normal
T006633,2026-09-16T10:00:32,AC95421789,AC40026139,992.19,UPI,normal
T006634,2026-09-16T10:03:58,AC94212661,AC42297987,465.04,UPI,normal
T006635,2026-09-16T10:06:44,AC66230047,AC52751778,694.46,UPI,normal
T006636,2026-09-16T10:07:22,AC62664205,AC29190316,1241.38,IMPS,normal
T006637,2026-09-16T10:11:08,AC45265254,AC55362865,598.33,NEFT,normal
T006638,2026-09-16T10:14:40,AC75627516,AC22633303,760.43,IMPS,normal
T006639,2026-09-16T10:17:35,AC22193908,AC45456120,443813.00,NEFT,round_trip
T006640,2026-09-16T10:19:15,AC29676659,AC40026139,3881.15,UPI,normal
T006641,2026-09-16T10:19:47,AC74477539,AC30729474,851.33,UPI,normal
T006642,2026-09-16T10:29:05,AC97641229,AC66542771,1692.17,UPI,normal
T006643,2026-09-16T10:34:24,AC22175294,AC59148289,308.29,IMPS,normal
T006644,2026-09-16T10:34:43,AC18288654,AC26421523,901.71,IMPS,normal
T006645,2026-09-16T10:34:55,AC45265254,AC43971558,544.53,UPI,normal
T006646,2026-09-16T10:39:40,AC30287103,AC67917877,485.66,IMPS,normal
T006647,2026-09-16T10:39:47,AC25809806,AC50638453,229.46,IMPS,normal
T006648,2026-09-16T10:48:35,AC37910936,AC38546741,1618.86,IMPS,normal
T006649,2026-09-16T10:51:41,AC74160948,AC67490644,653.51,UPI,normal
T006650,2026-09-16T10:52:58,AC62664205,AC29190316,364.73,NEFT,normal
T006651,2026-09-16T11:00:13,AC76662562,AC29190316,597.62,UPI,normal
T006652,2026-09-16T11:01:08,AC52763335,AC38546741,760.44,UPI,normal
T006653,2026-09-16T11:03:45,AC86665755,AC75399034,249.28,IMPS,normal
T006654,2026-09-16T11:04:17,AC62897893,AC55515398,147.42,NEFT,normal
T006655,2026-09-16T11:10:36,AC90836544,AC57864027,1993.98,IMPS,normal
T006656,2026-09-16T11:10:41,AC81232885,AC19814103,775.65,UPI,normal
T006657,2026-09-16T11:17:30,AC29552354,AC15262308,4630.00,UPI,normal
T006658,2026-09-16T11:23:22,AC33131984,AC39472579,498.97,UPI,normal
T006659,2026-09-16T11:28:39,AC52110478,AC62662255,3570.57,NEFT,normal
T006660,2026-09-16T11:39:09,AC48870700,AC55515398,2666.79,UPI,normal
T006661,2026-09-16T11:42:12,AC96290869,AC29190316,4996.53,NEFT,normal
T006662,2026-09-16T11:42:33,AC18302983,AC44811353,2690.00,UPI,normal
T006663,2026-09-16T11:47:21,AC18288654,AC54492893,499.00,UPI,normal
T006664,2026-09-16T11:50:31,AC74353833,AC54492893,499.00,UPI,normal
T006665,2026-09-16T11:50:32,AC32555071,AC52751778,1205.50,IMPS,normal
T006666,2026-09-16T11:54:12,AC79188088,AC75399034,901.42,NEFT,normal
T006667,2026-09-16T11:56:54,AC69139937,AC52751778,1538.84,UPI,normal
T006668,2026-09-16T11:58:33,AC34473646,AC99635023,458.41,UPI,normal
T006669,2026-09-16T11:58:46,AC57709585,AC42297987,349.97,IMPS,normal
T006670,2026-09-16T12:07:17,AC33960779,AC42297987,354.60,UPI,normal
T006671,2026-09-16T12:16:32,AC78203564,AC40026139,532.31,UPI,normal
T006672,2026-09-16T12:18:37,AC71967692,AC38546741,525.17,UPI,normal
T006673,2026-09-16T12:19:05,AC51554798,AC22633303,411.26,NEFT,normal
T006674,2026-09-16T12:19:12,AC29676659,AC99635023,468.27,IMPS,normal
T006675,2026-09-16T12:20:53,AC94641177,AC54492893,499.00,UPI,normal
T006676,2026-09-16T12:20:59,AC13889649,AC29190316,1251.17,IMPS,normal
T006677,2026-09-16T12:22:58,AC83849218,AC55515398,3288.07,UPI,normal
T006678,2026-09-16T12:24:20,AC63404922,AC55515398,476.92,UPI,normal
T006679,2026-09-16T12:33:46,AC37543491,AC63453132,892.94,NEFT,normal
T006680,2026-09-16T12:36:25,AC85201674,AC55515398,644.33,IMPS,normal
T006681,2026-09-16T12:39:09,AC99686414,AC40026139,466.65,IMPS,normal
T006682,2026-09-16T12:40:11,AC72164355,AC39472579,1573.48,NEFT,normal
T006683,2026-09-16T12:54:42,AC80263864,AC75399034,380.98,UPI,normal
T006684,2026-09-16T12:56:19,AC81366283,AC36832537,2910.00,UPI,normal
T006685,2026-09-16T13:11:09,AC83744576,AC59117315,788.41,NEFT,normal
T006686,2026-09-16T13:16:06,AC91733095,AC19814103,751.70,UPI,normal
T006687,2026-09-16T13:17:12,AC98384612,AC55362865,6839.56,UPI,normal
T006688,2026-09-16T13:18:29,AC18628964,AC62662255,1060.36,UPI,normal
T006689,2026-09-16T13:22:19,AC74160948,AC55515398,291.93,UPI,normal
T006690,2026-09-16T13:31:12,AC85394042,AC40026139,1212.13,IMPS,normal
T006691,2026-09-16T13:40:08,AC36401454,AC61061966,853.00,UPI,normal
T006692,2026-09-16T13:51:46,AC71493326,AC78524460,4692.00,UPI,normal
T006693,2026-09-16T13:53:41,AC81366283,AC98618129,135.96,NEFT,normal
T006694,2026-09-16T14:07:08,AC92212100,AC30729474,882.00,UPI,normal
T006695,2026-09-16T14:14:06,AC63873226,AC59148289,477.22,IMPS,normal
T006696,2026-09-16T14:18:08,AC73667109,AC59117315,618.05,IMPS,normal
T006697,2026-09-16T14:18:57,AC74239549,AC23896513,336.00,IMPS,normal
T006698,2026-09-16T14:20:07,AC10527808,AC62472380,462.00,UPI,normal
T006699,2026-09-16T14:25:32,AC98027796,AC63453132,331.38,UPI,normal
T006700,2026-09-16T14:26:27,AC91907998,AC22374072,625.97,UPI,normal
T006701,2026-09-16T14:28:33,AC58877189,AC30246633,932.00,UPI,normal
T006702,2026-09-16T14:31:53,AC25846520,AC30729474,2028.11,UPI,normal
T006703,2026-09-16T14:33:33,AC54246886,AC59117315,110.72,UPI,normal
T006704,2026-09-16T14:50:30,AC25482486,AC99635023,3383.81,UPI,normal
T006705,2026-09-16T15:04:28,AC47290936,AC52751778,449.26,IMPS,normal
T006706,2026-09-16T15:05:07,AC48578460,AC26421523,678.59,IMPS,normal
T006707,2026-09-16T15:06:51,AC21138017,AC63453132,908.07,UPI,normal
T006708,2026-09-16T15:16:51,AC48870700,AC99635023,434.20,UPI,normal
T006709,2026-09-16T15:26:52,AC71230843,AC63453132,1157.84,UPI,normal
T006710,2026-09-16T15:31:38,AC27550747,AC29190316,404.25,NEFT,normal
T006711,2026-09-16T15:32:07,AC88295746,AC30729474,692.36,UPI,normal
T006712,2026-09-16T15:32:26,AC79358465,AC36272404,1496.38,NEFT,normal
T006713,2026-09-16T15:35:16,AC31667923,AC28422000,155.93,UPI,normal
T006714,2026-09-16T15:36:06,AC84550146,AC43971558,1074.63,IMPS,normal
T006715,2026-09-16T15:51:29,AC58802897,AC21378775,365.00,UPI,normal
T006716,2026-09-16T15:52:33,AC23741157,AC28422000,393.93,UPI,normal
T006717,2026-09-16T15:53:06,AC81366283,AC40026139,365.54,NEFT,normal
T006718,2026-09-16T16:00:01,AC27580355,AC99635023,203.19,UPI,normal
T006719,2026-09-16T16:10:13,AC26616417,AC36272404,1769.71,NEFT,normal
T006720,2026-09-16T16:16:01,AC16655764,AC63453132,2547.20,UPI,normal
T006721,2026-09-16T16:16:15,AC68240437,AC22374072,278.35,IMPS,normal
T006722,2026-09-16T16:22:08,AC25809806,AC99635023,276.40,UPI,normal
T006723,2026-09-16T16:33:13,AC96319863,AC30729474,1945.99,IMPS,normal
T006724,2026-09-16T16:38:53,AC30379134,AC39472579,623.04,NEFT,normal
T006725,2026-09-16T16:41:49,AC38816302,AC30729474,257.00,IMPS,normal
T006726,2026-09-16T16:54:25,AC59560375,AC30729474,737.58,UPI,normal
T006727,2026-09-16T16:55:09,AC17626596,AC42297987,743.49,UPI,normal
T006728,2026-09-16T17:04:22,AC93082061,AC43971558,202.93,UPI,normal
T006729,2026-09-16T17:06:21,AC43857462,AC39472579,265.36,UPI,normal
T006730,2026-09-16T17:07:13,AC72458740,AC52751778,1755.40,IMPS,normal
T006731,2026-09-16T17:07:16,AC68202938,AC62662255,596.77,UPI,normal
T006732,2026-09-16T17:11:36,AC93082061,AC52751778,173.37,NEFT,normal
T006733,2026-09-16T17:14:20,AC95132904,AC17999533,1749.00,NEFT,normal
T006734,2026-09-16T17:17:29,AC91733095,AC29190316,1102.48,IMPS,normal
T006735,2026-09-16T17:19:55,AC23831903,AC52751778,222.37,UPI,normal
T006736,2026-09-16T17:21:57,AC85893910,AC30729474,788.25,UPI,normal
T006737,2026-09-16T17:24:00,AC82903368,AC43971558,4157.98,UPI,normal
T006738,2026-09-16T17:24:07,AC49321318,AC64198427,134.11,NEFT,normal
T006739,2026-09-16T17:25:59,AC76640001,AC31849997,1005.33,UPI,normal
T006740,2026-09-16T17:33:02,AC30399018,AC54492893,499.00,UPI,normal
T006741,2026-09-16T17:33:40,AC23119148,AC46230636,1545.00,UPI,normal
T006742,2026-09-16T17:39:54,AC70288912,AC40026139,673.10,UPI,normal
T006743,2026-09-16T17:40:29,AC45951526,AC31849997,1390.49,UPI,normal
T006744,2026-09-16T17:40:46,AC80490681,AC40026139,769.41,IMPS,normal
T006745,2026-09-16T17:41:32,AC99745048,AC75399034,167.44,IMPS,normal
T006746,2026-09-16T17:41:55,AC98027796,AC55362865,1344.16,UPI,normal
T006747,2026-09-16T17:49:26,AC83639904,AC29190316,77.24,IMPS,normal
T006748,2026-09-16T17:50:57,AC12871813,AC36763445,1984.00,NEFT,normal
T006749,2026-09-16T18:02:03,AC25846520,AC28422000,832.28,UPI,normal
T006750,2026-09-16T18:06:05,AC80901507,AC52751778,2498.83,UPI,normal
T006751,2026-09-16T18:06:20,AC68202938,AC40026139,1133.66,NEFT,normal
T006752,2026-09-16T18:09:21,AC56171824,AC38546741,1144.79,UPI,normal
T006753,2026-09-16T18:16:11,AC92418944,AC22374072,604.08,UPI,normal
T006754,2026-09-16T18:23:02,AC76627625,AC69340085,1262.65,IMPS,normal
T006755,2026-09-16T18:23:31,AC11911654,AC50638453,2332.25,UPI,normal
T006756,2026-09-16T18:27:41,AC23831903,AC57864027,1490.24,NEFT,normal
T006757,2026-09-16T18:30:14,AC22215229,AC27874421,2541.00,UPI,normal
T006758,2026-09-16T18:39:29,AC39902737,AC26421523,620.47,UPI,normal
T006759,2026-09-16T18:40:33,AC66119495,AC22374072,267.13,UPI,normal
T006760,2026-09-16T18:40:55,AC61780050,AC40026139,758.27,NEFT,normal
T006761,2026-09-16T18:42:10,AC92083983,AC29343122,3484.00,UPI,normal
T006762,2026-09-16T18:49:27,AC29938108,AC28422000,609.51,NEFT,normal
T006763,2026-09-16T18:50:06,AC58940600,AC75399034,1675.34,IMPS,normal
T006764,2026-09-16T18:51:58,AC84688894,AC97641229,832.00,UPI,normal
T006765,2026-09-16T18:54:12,AC76140059,AC59117315,168.79,NEFT,normal
T006766,2026-09-16T18:56:55,AC20418044,AC54492893,499.00,UPI,normal
T006767,2026-09-16T18:59:29,AC13028344,AC19814103,1142.23,IMPS,normal
T006768,2026-09-16T19:02:55,AC45456120,AC77744470,441537.00,NEFT,round_trip
T006769,2026-09-16T19:03:50,AC89297484,AC82569631,3728.00,UPI,normal
T006770,2026-09-16T19:07:31,AC23119148,AC57864027,444.91,UPI,normal
T006771,2026-09-16T19:09:04,AC63428001,AC99635023,187.40,UPI,normal
T006772,2026-09-16T19:09:17,AC80490681,AC56625835,2152.00,UPI,normal
T006773,2026-09-16T19:10:38,AC23831903,AC22633303,734.86,UPI,normal
T006774,2026-09-16T19:10:51,AC81232885,AC84363365,866.04,UPI,normal
T006775,2026-09-16T19:13:34,AC88295746,AC40026139,1468.18,NEFT,normal
T006776,2026-09-16T19:18:31,AC46230636,AC75399034,1381.72,UPI,normal
T006777,2026-09-16T19:18:40,AC28999723,AC72778440,900.73,UPI,normal
T006778,2026-09-16T19:19:32,AC15032582,AC42297987,1105.66,UPI,normal
T006779,2026-09-16T19:23:29,AC76262352,AC12614954,695.33,UPI,normal
T006780,2026-09-16T19:26:22,AC55987803,AC67490644,522.23,NEFT,normal
T006781,2026-09-16T19:26:52,AC88295746,AC55515398,671.15,UPI,normal
T006782,2026-09-16T19:30:24,AC72544046,AC72778440,8280.95,UPI,normal
T006783,2026-09-16T19:42:21,AC37543491,AC29190316,436.58,IMPS,normal
T006784,2026-09-16T19:43:44,AC70025882,AC63453132,13672.59,NEFT,normal
T006785,2026-09-16T19:44:12,AC36763445,AC29190316,848.68,UPI,normal
T006786,2026-09-16T19:44:53,AC32140838,AC79203339,2022.83,UPI,normal
T006787,2026-09-16T19:48:05,AC41317839,AC19814103,923.24,IMPS,normal
T006788,2026-09-16T19:48:06,AC61780050,AC29190316,976.04,UPI,normal
T006789,2026-09-16T19:48:26,AC63128543,AC30729474,665.51,IMPS,normal
T006790,2026-09-16T19:49:56,AC17784483,AC39472579,654.71,UPI,normal
T006791,2026-09-16T19:52:09,AC17626596,AC12614954,1196.90,UPI,normal
T006792,2026-09-16T19:54:19,AC13028344,AC99855030,1164.86,UPI,normal
T006793,2026-09-16T19:55:43,AC63550032,AC19814103,236.45,UPI,normal
T006794,2026-09-16T19:56:51,AC32555071,AC94212661,2403.00,UPI,normal
T006795,2026-09-16T19:56:56,AC45265254,AC30729474,1901.61,UPI,normal
T006796,2026-09-16T19:57:11,AC23618316,AC55515398,315.57,UPI,normal
T006797,2026-09-16T20:01:09,AC18724149,AC65740154,4887.00,UPI,normal
T006798,2026-09-16T20:04:28,AC78203564,AC99635023,68.02,NEFT,normal
T006799,2026-09-16T20:05:07,AC16480894,AC19814103,1449.82,IMPS,normal
T006800,2026-09-16T20:09:10,AC38816302,AC40026139,330.76,NEFT,normal
T006801,2026-09-16T20:09:25,AC13757254,AC29190316,230.54,UPI,normal
T006802,2026-09-16T20:12:58,AC97197858,AC39472579,511.21,NEFT,normal
T006803,2026-09-16T20:22:55,AC91996233,AC32140838,660.00,UPI,normal
T006804,2026-09-16T20:25:43,AC13697544,AC84363365,524.81,UPI,normal
T006805,2026-09-16T20:31:29,AC47290936,AC40026139,628.56,IMPS,normal
T006806,2026-09-16T20:33:50,AC16252221,AC59148289,758.51,NEFT,normal
T006807,2026-09-16T20:34:44,AC39673100,AC40026139,1730.78,IMPS,normal
T006808,2026-09-16T20:36:52,AC74160948,AC38546741,1266.34,IMPS,normal
T006809,2026-09-16T20:37:32,AC47502921,AC59148289,999.54,NEFT,normal
T006810,2026-09-16T20:39:00,AC92374421,AC81751584,363.00,UPI,normal
T006811,2026-09-16T20:41:17,AC23793831,AC13028344,2613.00,IMPS,normal
T006812,2026-09-16T20:45:10,AC89976351,AC69340085,332.82,UPI,normal
T006813,2026-09-16T20:45:33,AC39673100,AC19814103,431.98,UPI,normal
T006814,2026-09-16T20:50:50,AC68224916,AC69340085,425.55,UPI,normal
T006815,2026-09-16T20:52:33,AC24241764,AC40026139,706.02,UPI,normal
T006816,2026-09-16T20:53:08,AC83960310,AC29190316,495.33,NEFT,normal
T006817,2026-09-16T20:57:53,AC27359750,AC96363470,896.32,UPI,normal
T006818,2026-09-16T20:58:23,AC29619183,AC64198427,598.15,UPI,normal
T006819,2026-09-16T21:15:19,AC28377915,AC79203339,332.87,UPI,normal
T006820,2026-09-16T21:16:04,AC23896513,AC42297987,608.86,UPI,normal
T006821,2026-09-16T21:28:49,AC57709585,AC99635023,691.55,UPI,normal
T006822,2026-09-16T21:29:14,AC19824854,AC55362865,835.98,IMPS,normal
T006823,2026-09-16T21:31:18,AC73093067,AC38546741,329.50,UPI,normal
T006824,2026-09-16T21:32:02,AC93082061,AC62662255,656.99,UPI,normal
T006825,2026-09-16T21:38:30,AC81751584,AC36272404,144.44,IMPS,normal
T006826,2026-09-16T21:43:20,AC97908110,AC31849997,152.66,UPI,normal
T006827,2026-09-16T21:44:24,AC99745048,AC67917877,1462.86,IMPS,normal
T006828,2026-09-16T21:46:16,AC26616417,AC99635023,6559.18,UPI,normal
T006829,2026-09-16T21:51:28,AC32329304,AC19814103,691.97,UPI,normal
T006830,2026-09-16T22:01:07,AC39673100,AC19736972,289.91,UPI,normal
T006831,2026-09-16T22:13:43,AC53752583,AC30729474,412.10,UPI,normal
T006832,2026-09-16T22:14:07,AC55987803,AC99635023,153.15,IMPS,normal
T006833,2026-09-16T22:15:55,AC58153450,AC59117315,704.56,IMPS,normal
T006834,2026-09-16T22:19:25,AC74353833,AC72544046,2007.00,UPI,normal
T006835,2026-09-16T22:23:34,AC91996233,AC30729474,1906.98,UPI,normal
T006836,2026-09-16T22:25:28,AC62664205,AC23741157,50700.00,IMPS,normal
T006837,2026-09-16T22:28:57,AC49321318,AC30729474,925.33,IMPS,normal
T006838,2026-09-16T22:29:05,AC90628248,AC39472579,4853.51,UPI,normal
T006839,2026-09-16T22:32:52,AC37543491,AC22374072,1051.71,UPI,normal
T006840,2026-09-16T22:35:51,AC73667109,AC26421523,765.43,UPI,normal
T006841,2026-09-16T22:39:20,AC23119148,AC40026139,2304.48,IMPS,normal
T006842,2026-09-16T22:39:55,AC80224010,AC26421523,700.92,UPI,normal
T006843,2026-09-16T22:40:09,AC55987803,AC39472579,438.10,IMPS,normal
T006844,2026-09-16T22:41:30,AC93094361,AC79203339,396.16,UPI,normal
T006845,2026-09-16T22:45:59,AC30306925,AC52751778,497.03,NEFT,normal
T006846,2026-09-16T22:49:21,AC17784483,AC99635023,2281.71,UPI,normal
T006847,2026-09-16T22:55:59,AC56625835,AC30729474,2031.65,UPI,normal
T006848,2026-09-16T22:57:42,AC86910239,AC26421523,3010.56,IMPS,normal
T006849,2026-09-17T05:11:28,AC23741157,AC73551145,46200.00,UPI,normal
T006850,2026-09-17T07:06:56,AC47290936,AC39472579,230.38,NEFT,normal
T006851,2026-09-17T07:12:57,AC17056578,AC26421523,789.68,UPI,normal
T006852,2026-09-17T07:16:20,AC32555071,AC99855030,617.11,UPI,normal
T006853,2026-09-17T07:18:52,AC42284650,AC22633303,630.55,UPI,normal
T006854,2026-09-17T07:22:33,AC77264814,AC59148289,512.95,NEFT,normal
T006855,2026-09-17T07:25:46,AC94212661,AC99635023,136.28,IMPS,normal
T006856,2026-09-17T07:27:53,AC79188088,AC50638453,3105.56,UPI,normal
T006857,2026-09-17T07:40:39,AC47840101,AC98618129,417.33,UPI,normal
T006858,2026-09-17T07:48:11,AC13889649,AC52751778,556.93,UPI,normal
T006859,2026-09-17T07:48:16,AC86013032,AC42297987,4581.76,UPI,normal
T006860,2026-09-17T07:50:16,AC19437596,AC39472579,1008.66,NEFT,normal
T006861,2026-09-17T07:50:22,AC82687908,AC63453132,777.37,IMPS,normal
T006862,2026-09-17T07:53:32,AC94212661,AC39472579,1048.73,IMPS,normal
T006863,2026-09-17T07:55:25,AC33960779,AC59117315,1700.89,UPI,normal
T006864,2026-09-17T07:55:36,AC85064182,AC59117315,1336.91,UPI,normal
T006865,2026-09-17T07:57:02,AC96856164,AC40026139,572.88,UPI,normal
T006866,2026-09-17T08:08:26,AC42762079,AC52410090,1313.60,UPI,normal
T006867,2026-09-17T08:10:00,AC26151306,AC40026139,1149.40,UPI,normal
T006868,2026-09-17T08:14:08,AC48197765,AC59148289,366.78,UPI,normal
T006869,2026-09-17T08:15:49,AC72164355,AC30729474,915.69,NEFT,normal
T006870,2026-09-17T08:15:53,AC50234045,AC43971558,1021.84,IMPS,normal
T006871,2026-09-17T08:26:41,AC90628248,AC59117315,215.04,UPI,normal
T006872,2026-09-17T08:29:27,AC10527808,AC99635023,426.54,IMPS,normal
T006873,2026-09-17T08:30:09,AC98915866,AC55362865,1274.14,UPI,normal
T006874,2026-09-17T08:33:05,AC42762079,AC19814103,609.66,UPI,normal
T006875,2026-09-17T08:36:05,AC66455770,AC40026139,1068.42,UPI,normal
T006876,2026-09-17T08:37:36,AC81576359,AC98618129,173.31,UPI,normal
T006877,2026-09-17T08:48:21,AC47203213,AC72778440,691.62,UPI,normal
T006878,2026-09-17T08:50:38,AC28999723,AC99635023,1105.28,NEFT,normal
T006879,2026-09-17T08:51:43,AC96290869,AC40026139,1373.29,UPI,normal
T006880,2026-09-17T08:52:51,AC34576324,AC30729474,2371.56,IMPS,normal
T006881,2026-09-17T08:57:39,AC13889649,AC64198427,1226.33,IMPS,normal
T006882,2026-09-17T08:59:58,AC39589952,AC59117315,1083.65,IMPS,normal
T006883,2026-09-17T09:13:46,AC48197765,AC55515398,994.12,IMPS,normal
T006884,2026-09-17T09:25:32,AC96290869,AC13422671,3611.00,IMPS,normal
T006885,2026-09-17T09:25:36,AC58940600,AC84363365,1262.43,NEFT,normal
T006886,2026-09-17T09:29:55,AC77854192,AC59148289,900.86,NEFT,normal
T006887,2026-09-17T09:40:20,AC58530762,AC62662255,678.88,UPI,normal
T006888,2026-09-17T09:44:47,AC80263864,AC30729474,790.44,UPI,normal
T006889,2026-09-17T09:47:16,AC69072565,AC47840101,2888.00,UPI,normal
T006890,2026-09-17T10:01:50,AC71493326,AC99635023,569.88,NEFT,normal
T006891,2026-09-17T10:04:38,AC74780629,AC99635023,1260.81,UPI,normal
T006892,2026-09-17T10:09:23,AC59217612,AC84363365,433.85,NEFT,normal
T006893,2026-09-17T10:17:09,AC80490681,AC84363365,517.93,UPI,normal
T006894,2026-09-17T10:20:36,AC17784483,AC39472579,633.97,UPI,normal
T006895,2026-09-17T10:25:11,AC71493326,AC29190316,6060.47,UPI,normal
T006896,2026-09-17T10:28:03,AC72458740,AC22374072,517.64,UPI,normal
T006897,2026-09-17T10:28:54,AC62992312,AC52410090,1738.09,UPI,normal
T006898,2026-09-17T10:32:11,AC79578048,AC67917877,398.08,UPI,normal
T006899,2026-09-17T10:32:51,AC41132723,AC31671607,1606.46,NEFT,normal
T006900,2026-09-17T10:33:10,AC57722796,AC26421523,1021.77,IMPS,normal
T006901,2026-09-17T10:35:38,AC92083983,AC42297987,1449.48,UPI,normal
T006902,2026-09-17T10:39:55,AC43352343,AC40026139,164.04,IMPS,normal
T006903,2026-09-17T10:42:39,AC21138017,AC66542771,159.12,IMPS,normal
T006904,2026-09-17T10:42:40,AC48578460,AC28422000,319.18,UPI,normal
T006905,2026-09-17T10:45:02,AC95359381,AC28422000,1044.89,UPI,normal
T006906,2026-09-17T10:50:02,AC83849218,AC99855030,285.84,UPI,normal
T006907,2026-09-17T10:59:26,AC96319863,AC22633303,1149.50,IMPS,normal
T006908,2026-09-17T11:05:54,AC76140059,AC52410090,180.53,IMPS,normal
T006909,2026-09-17T11:10:02,AC59982352,AC29190316,355.02,UPI,normal
T006910,2026-09-17T11:31:45,AC36401454,AC30729474,133.78,IMPS,normal
T006911,2026-09-17T11:32:25,AC18505221,AC31849997,1310.77,UPI,normal
T006912,2026-09-17T11:33:05,AC38019720,AC69491792,2329.00,NEFT,normal
T006913,2026-09-17T11:40:24,AC81232885,AC66542771,375.62,IMPS,normal
T006914,2026-09-17T11:51:15,AC18288654,AC43971558,824.59,UPI,normal
T006915,2026-09-17T11:52:22,AC18724149,AC59148289,220.99,IMPS,normal
T006916,2026-09-17T11:57:28,AC84550146,AC40026139,2375.12,NEFT,normal
T006917,2026-09-17T11:59:15,AC25716331,AC96363470,559.75,UPI,normal
T006918,2026-09-17T12:00:16,AC53703122,AC29190316,56.86,IMPS,normal
T006919,2026-09-17T12:00:50,AC47840101,AC43971558,734.72,NEFT,normal
T006920,2026-09-17T12:03:46,AC30926211,AC31849997,2382.55,UPI,normal
T006921,2026-09-17T12:13:39,AC23793831,AC42297987,289.32,NEFT,normal
T006922,2026-09-17T12:14:43,AC34473646,AC59148289,3156.61,UPI,normal
T006923,2026-09-17T12:15:24,AC78710461,AC44785794,28500.00,IMPS,normal
T006924,2026-09-17T12:17:11,AC22215229,AC98618129,2095.26,IMPS,normal
T006925,2026-09-17T12:30:24,AC69491792,AC67917877,720.32,UPI,normal
T006926,2026-09-17T12:31:05,AC16655764,AC84363365,2657.14,UPI,normal
T006927,2026-09-17T12:31:38,AC23741157,AC67490644,666.51,UPI,normal
T006928,2026-09-17T12:36:51,AC41132723,AC72778440,375.24,UPI,normal
T006929,2026-09-17T12:41:08,AC57740731,AC99635023,835.18,NEFT,normal
T006930,2026-09-17T12:42:36,AC42301241,AC40026139,100.60,UPI,normal
T006931,2026-09-17T12:44:00,AC13889649,AC38546741,584.64,UPI,normal
T006932,2026-09-17T12:45:29,AC84903659,AC52751778,470.62,NEFT,normal
T006933,2026-09-17T12:46:10,AC21535642,AC69340085,1695.54,NEFT,normal
T006934,2026-09-17T12:50:59,AC66126116,AC36272404,356.61,UPI,normal
T006935,2026-09-17T13:01:37,AC30246633,AC99635023,1732.97,IMPS,normal
T006936,2026-09-17T13:01:38,AC80881649,AC67917877,530.57,IMPS,normal
T006937,2026-09-17T13:09:44,AC18142912,AC39472579,191.94,UPI,normal
T006938,2026-09-17T13:11:52,AC29343122,AC22374072,540.30,UPI,normal
T006939,2026-09-17T13:14:13,AC20809644,AC26421523,421.11,UPI,normal
T006940,2026-09-17T13:14:32,AC25716331,AC62662255,360.05,IMPS,normal
T006941,2026-09-17T13:14:48,AC57030900,AC98618129,615.85,UPI,normal
T006942,2026-09-17T13:15:16,AC27874421,AC96363470,714.09,UPI,normal
T006943,2026-09-17T13:15:28,AC81751584,AC42297987,941.25,UPI,normal
T006944,2026-09-17T13:17:33,AC17246803,AC52751778,1369.39,UPI,normal
T006945,2026-09-17T13:21:20,AC30926211,AC99635023,754.59,UPI,normal
T006946,2026-09-17T13:23:46,AC88295746,AC22633303,2181.78,UPI,normal
T006947,2026-09-17T13:23:50,AC92891895,AC39472579,276.54,UPI,normal
T006948,2026-09-17T13:26:48,AC27550747,AC42297987,951.19,UPI,normal
T006949,2026-09-17T13:37:15,AC82569631,AC59117315,2104.35,UPI,normal
T006950,2026-09-17T13:37:19,AC94212661,AC79203339,654.48,UPI,normal
T006951,2026-09-17T13:38:17,AC44785794,AC55362865,461.19,UPI,normal
T006952,2026-09-17T13:39:34,AC16480894,AC12614954,1488.07,UPI,normal
T006953,2026-09-17T13:46:16,AC76627625,AC83744576,1088.00,UPI,normal
T006954,2026-09-17T13:47:21,AC36658926,AC40026139,1047.81,IMPS,normal
T006955,2026-09-17T13:48:47,AC26843185,AC52751778,2865.15,UPI,normal
T006956,2026-09-17T13:52:06,AC58530762,AC43971558,1879.65,UPI,normal
T006957,2026-09-17T13:53:04,AC47369042,AC52751778,564.39,UPI,normal
T006958,2026-09-17T13:57:00,AC27580355,AC30729474,536.82,NEFT,normal
T006959,2026-09-17T14:15:55,AC55997036,AC99855030,1228.84,UPI,normal
T006960,2026-09-17T14:21:16,AC51403729,AC64198427,1448.15,UPI,normal
T006961,2026-09-17T14:22:53,AC62992312,AC18142912,3338.00,NEFT,normal
T006962,2026-09-17T14:30:41,AC66238912,AC40026139,912.11,UPI,normal
T006963,2026-09-17T14:30:42,AC35676674,AC69340085,4136.31,UPI,normal
T006964,2026-09-17T14:38:00,AC56100526,AC39472579,551.57,NEFT,normal
T006965,2026-09-17T14:42:28,AC96290869,AC29190316,394.40,IMPS,normal
T006966,2026-09-17T14:51:02,AC72458740,AC59148289,271.87,IMPS,normal
T006967,2026-09-17T14:53:36,AC15663839,AC40026139,680.50,IMPS,normal
T006968,2026-09-17T14:57:27,AC83960310,AC42297987,330.38,UPI,normal
T006969,2026-09-17T15:00:28,AC39962626,AC39472579,375.66,UPI,normal
T006970,2026-09-17T15:06:37,AC47502921,AC30729474,341.50,NEFT,normal
T006971,2026-09-17T15:11:17,AC94378806,AC55515398,666.90,IMPS,normal
T006972,2026-09-17T15:12:18,AC90836544,AC63453132,1035.43,UPI,normal
T006973,2026-09-17T15:14:50,AC58940600,AC50638453,2123.27,UPI,normal
T006974,2026-09-17T15:15:02,AC99141000,AC59117315,242.89,NEFT,normal
T006975,2026-09-17T15:18:24,AC82023741,AC31849997,172.56,UPI,normal
T006976,2026-09-17T15:20:02,AC56208603,AC55515398,832.15,UPI,normal
T006977,2026-09-17T15:20:44,AC78524460,AC84363365,144.06,IMPS,normal
T006978,2026-09-17T15:21:20,AC30306925,AC98618129,344.64,UPI,normal
T006979,2026-09-17T15:24:29,AC17246803,AC64198427,1123.65,IMPS,normal
T006980,2026-09-17T15:31:46,AC27580355,AC39472579,1051.22,UPI,normal
T006981,2026-09-17T15:32:56,AC45265254,AC42297987,117.54,IMPS,normal
T006982,2026-09-17T15:37:08,AC19229206,AC42297987,2087.35,UPI,normal
T006983,2026-09-17T15:43:44,AC66599395,AC19736972,515.68,NEFT,normal
T006984,2026-09-17T15:44:20,AC51554798,AC29190316,860.05,UPI,normal
T006985,2026-09-17T15:54:32,AC24241764,AC64198427,570.15,UPI,normal
T006986,2026-09-17T16:02:55,AC81483341,AC67917877,1295.21,NEFT,normal
T006987,2026-09-17T16:03:22,AC80901507,AC29190316,759.01,UPI,normal
T006988,2026-09-17T16:11:31,AC31783965,AC40026139,869.06,UPI,normal
T006989,2026-09-17T16:14:01,AC28377915,AC52410090,1139.42,UPI,normal
T006990,2026-09-17T16:19:48,AC83849218,AC30302435,3306.00,UPI,normal
T006991,2026-09-17T16:23:28,AC30926211,AC28422000,8211.84,UPI,normal
T006992,2026-09-17T16:24:10,AC32140838,AC30729474,545.97,UPI,normal
T006993,2026-09-17T16:28:49,AC81483341,AC50638453,540.61,UPI,normal
T006994,2026-09-17T16:31:38,AC70288912,AC40026139,1404.83,NEFT,normal
T006995,2026-09-17T16:32:21,AC76385704,AC29190316,1416.09,IMPS,normal
T006996,2026-09-17T16:36:55,AC49321318,AC26421523,557.63,UPI,normal
T006997,2026-09-17T16:38:46,AC82687908,AC40026139,540.77,UPI,normal
T006998,2026-09-17T16:39:13,AC74628898,AC84363365,439.83,UPI,normal
T006999,2026-09-17T16:39:53,AC23076910,AC59148289,234.06,IMPS,normal
T007000,2026-09-17T16:42:12,AC27592411,AC28422000,1619.07,UPI,normal
T007001,2026-09-17T16:42:28,AC57709585,AC99635023,305.72,IMPS,normal
T007002,2026-09-17T16:53:40,AC27874421,AC59117315,3641.16,UPI,normal
T007003,2026-09-17T16:54:12,AC15262308,AC50638453,3234.45,UPI,normal
T007004,2026-09-17T17:15:11,AC79476293,AC99635023,303.41,UPI,normal
T007005,2026-09-17T17:21:30,AC56625835,AC89297484,1066.00,NEFT,normal
T007006,2026-09-17T17:21:55,AC38019720,AC50638453,511.02,UPI,normal
T007007,2026-09-17T17:25:06,AC73632401,AC55515398,1728.12,UPI,normal
T007008,2026-09-17T17:28:50,AC45535068,AC67490644,1019.84,UPI,normal
T007009,2026-09-17T17:32:35,AC47840101,AC42297987,94.77,NEFT,normal
T007010,2026-09-17T17:35:46,AC20418044,AC99635023,1321.22,NEFT,normal
T007011,2026-09-17T17:44:07,AC29938108,AC67917877,680.70,UPI,normal
T007012,2026-09-17T17:57:30,AC55641228,AC99635023,386.74,UPI,normal
T007013,2026-09-17T17:59:05,AC58802897,AC85893910,3421.00,NEFT,normal
T007014,2026-09-17T18:03:43,AC31783965,AC75399034,446.27,UPI,normal
T007015,2026-09-17T18:05:29,AC72492024,AC52751778,218.88,UPI,normal
T007016,2026-09-17T18:08:39,AC20986393,AC39472579,161.20,NEFT,normal
T007017,2026-09-17T18:09:14,AC72492024,AC43971558,341.86,UPI,normal
T007018,2026-09-17T18:11:17,AC23076910,AC99635023,2447.62,UPI,normal
T007019,2026-09-17T18:18:43,AC92083983,AC39472579,437.71,NEFT,normal
T007020,2026-09-17T18:20:12,AC18302983,AC29190316,391.98,UPI,normal
T007021,2026-09-17T18:28:33,AC24241764,AC32817504,943.00,UPI,normal
T007022,2026-09-17T18:31:19,AC21397668,AC66542771,358.74,UPI,normal
T007023,2026-09-17T18:35:07,AC78203564,AC43971558,427.38,NEFT,normal
T007024,2026-09-17T18:39:29,AC58553593,AC38546741,1852.14,NEFT,normal
T007025,2026-09-17T18:43:44,AC62992312,AC39472579,942.77,UPI,normal
T007026,2026-09-17T18:44:51,AC97641229,AC42297987,4530.93,UPI,normal
T007027,2026-09-17T18:45:46,AC77470852,AC69340085,301.65,IMPS,normal
T007028,2026-09-17T18:46:42,AC63778945,AC67917877,338.44,IMPS,normal
T007029,2026-09-17T18:47:28,AC61061966,AC55909953,669.00,NEFT,normal
T007030,2026-09-17T18:53:01,AC89070818,AC31671607,1024.96,UPI,normal
T007031,2026-09-17T19:01:43,AC54629703,AC19736972,3130.90,UPI,normal
T007032,2026-09-17T19:02:40,AC93760773,AC66542771,1575.26,IMPS,normal
T007033,2026-09-17T19:09:40,AC93094361,AC42297987,4331.12,UPI,normal
T007034,2026-09-17T19:15:33,AC85748230,AC38546741,874.54,UPI,normal
T007035,2026-09-17T19:17:35,AC75507385,AC52751778,1356.03,UPI,normal
T007036,2026-09-17T19:18:31,AC81751584,AC84363365,167.71,UPI,normal
T007037,2026-09-17T19:19:41,AC32555071,AC62897893,2842.00,UPI,normal
T007038,2026-09-17T19:22:43,AC53752583,AC26421523,391.18,UPI,normal
T007039,2026-09-17T19:23:28,AC37643310,AC79203339,315.17,NEFT,normal
T007040,2026-09-17T19:23:58,AC26487605,AC40026139,1089.58,NEFT,normal
T007041,2026-09-17T19:30:53,AC33960779,AC52410090,190.06,IMPS,normal
T007042,2026-09-17T19:31:35,AC98217056,AC99635023,616.74,UPI,normal
T007043,2026-09-17T19:33:26,AC21397668,AC30729474,346.92,UPI,normal
T007044,2026-09-17T19:36:56,AC30287103,AC30729474,2212.79,UPI,normal
T007045,2026-09-17T19:41:13,AC82023741,AC13757254,1510.00,UPI,normal
T007046,2026-09-17T19:51:43,AC63241552,AC39472579,1439.72,IMPS,normal
T007047,2026-09-17T19:54:19,AC38816302,AC57864027,262.93,IMPS,normal
T007048,2026-09-17T19:55:47,AC97366946,AC59148289,1269.51,UPI,normal
T007049,2026-09-17T20:00:16,AC95753514,AC30729474,349.83,UPI,normal
T007050,2026-09-17T20:00:20,AC19722233,AC29190316,3196.44,UPI,normal
T007051,2026-09-17T20:00:26,AC20809644,AC57864027,3370.63,UPI,normal
T007052,2026-09-17T20:00:29,AC98027796,AC22374072,1657.91,UPI,normal
T007053,2026-09-17T20:04:57,AC22562241,AC66542771,1002.05,UPI,normal
T007054,2026-09-17T20:06:46,AC27050801,AC55362865,630.46,UPI,normal
T007055,2026-09-17T20:18:40,AC13099855,AC39962626,3037.00,IMPS,normal
T007056,2026-09-17T20:20:49,AC88220482,AC99635023,998.78,UPI,normal
T007057,2026-09-17T20:22:00,AC11619076,AC30729474,380.06,UPI,normal
T007058,2026-09-17T20:22:23,AC62148384,AC26421523,2257.32,NEFT,normal
T007059,2026-09-17T20:23:26,AC80263864,AC52751778,693.94,IMPS,normal
T007060,2026-09-17T20:29:54,AC97197858,AC13629581,665.00,UPI,normal
T007061,2026-09-17T20:29:56,AC11911654,AC36272404,1219.20,IMPS,normal
T007062,2026-09-17T20:30:42,AC13740078,AC30729474,3807.94,NEFT,normal
T007063,2026-09-17T20:35:20,AC30106149,AC39472579,253.50,UPI,normal
T007064,2026-09-17T20:39:03,AC11911654,AC59117315,875.74,UPI,normal
T007065,2026-09-17T20:45:39,AC68224916,AC18302983,3537.00,NEFT,normal
T007066,2026-09-17T20:48:00,AC18505221,AC59117315,2068.05,UPI,normal
T007067,2026-09-17T20:49:16,AC86013032,AC84363365,825.13,UPI,normal
T007068,2026-09-17T20:49:21,AC89297484,AC30729474,188.61,UPI,normal
T007069,2026-09-17T20:51:06,AC18142912,AC71289682,1117.00,UPI,normal
T007070,2026-09-17T20:53:09,AC76262352,AC84363365,195.63,UPI,normal
T007071,2026-09-17T20:58:11,AC18505221,AC29190316,852.96,UPI,normal
T007072,2026-09-17T21:00:25,AC45265254,AC52751778,1120.95,UPI,normal
T007073,2026-09-17T21:01:20,AC91220385,AC63453132,1598.68,UPI,normal
T007074,2026-09-17T21:10:54,AC83639904,AC26421523,665.93,UPI,normal
T007075,2026-09-17T21:14:16,AC30926211,AC12614954,467.69,NEFT,normal
T007076,2026-09-17T21:15:15,AC18427393,AC99635023,1403.08,UPI,normal
T007077,2026-09-17T21:23:12,AC58877189,AC39472579,380.95,UPI,normal
T007078,2026-09-17T21:23:57,AC18142912,AC35990584,2388.00,IMPS,normal
T007079,2026-09-17T21:24:03,AC19375836,AC40446731,4999.00,UPI,normal
T007080,2026-09-17T21:28:12,AC57709585,AC31321298,111.00,NEFT,normal
T007081,2026-09-17T21:28:24,AC50298754,AC29190316,2297.27,IMPS,normal
T007082,2026-09-17T21:31:20,AC23119148,AC99635023,851.20,NEFT,normal
T007083,2026-09-17T21:35:37,AC20815439,AC38546741,729.48,NEFT,normal
T007084,2026-09-17T21:41:14,AC27359750,AC28377915,55200.00,IMPS,normal
T007085,2026-09-17T21:42:33,AC20418044,AC39472579,523.70,UPI,normal
T007086,2026-09-17T21:44:11,AC17784483,AC99635023,1622.33,UPI,normal
T007087,2026-09-17T21:50:38,AC28999723,AC40026139,742.66,UPI,normal
T007088,2026-09-17T21:57:13,AC43857462,AC30729474,555.29,UPI,normal
T007089,2026-09-17T22:04:31,AC30306925,AC39472579,53.94,UPI,normal
T007090,2026-09-17T22:09:22,AC42301241,AC39472579,96.42,IMPS,normal
T007091,2026-09-17T22:09:46,AC86072408,AC52751778,561.56,UPI,normal
T007092,2026-09-17T22:15:19,AC40446731,AC55515398,292.19,UPI,normal
T007093,2026-09-17T22:16:05,AC35215622,AC29190316,19934.11,IMPS,normal
T007094,2026-09-17T22:20:58,AC96319863,AC19814103,428.02,IMPS,normal
T007095,2026-09-17T22:22:16,AC48870700,AC69340085,466.14,UPI,normal
T007096,2026-09-17T22:29:11,AC27359750,AC38546741,2062.88,UPI,normal
T007097,2026-09-17T22:29:58,AC56171824,AC19814103,382.34,UPI,normal
T007098,2026-09-17T22:34:16,AC40970943,AC67917877,1112.14,NEFT,normal
T007099,2026-09-17T22:41:13,AC44785794,AC27359750,25300.00,UPI,normal
T007100,2026-09-17T22:45:46,AC83639904,AC55515398,225.97,UPI,normal
T007101,2026-09-17T22:46:07,AC63778945,AC29190316,725.24,IMPS,normal
T007102,2026-09-17T22:51:13,AC82569631,AC26421523,308.16,UPI,normal
T007103,2026-09-17T22:53:00,AC63550032,AC28422000,270.19,NEFT,normal
T007104,2026-09-17T22:59:17,AC18288654,AC99635023,729.07,IMPS,normal
T007105,2026-09-18T07:09:27,AC83589642,AC30729474,1283.97,UPI,normal
T007106,2026-09-18T07:12:36,AC37543491,AC59117315,219.65,UPI,normal
T007107,2026-09-18T07:12:45,AC96856164,AC59117315,427.53,UPI,normal
T007108,2026-09-18T07:19:57,AC74939188,AC39472579,36.68,UPI,normal
T007109,2026-09-18T07:25:43,AC63428001,AC59148289,303.67,NEFT,normal
T007110,2026-09-18T07:28:36,AC95132904,AC72778440,1320.33,UPI,normal
T007111,2026-09-18T07:35:11,AC86910239,AC30729474,638.11,NEFT,normal
T007112,2026-09-18T07:36:16,AC75090595,AC30729474,655.24,UPI,normal
T007113,2026-09-18T07:37:57,AC96856164,AC59148289,239.17,NEFT,normal
T007114,2026-09-18T07:38:35,AC11911654,AC52751778,640.16,NEFT,normal
T007115,2026-09-18T07:43:20,AC77264814,AC66542771,702.73,IMPS,normal
T007116,2026-09-18T07:48:45,AC17056578,AC63746500,4737.00,UPI,normal
T007117,2026-09-18T07:50:44,AC32817504,AC30729474,78.06,UPI,normal
T007118,2026-09-18T07:55:22,AC15663839,AC67490644,387.81,UPI,normal
T007119,2026-09-18T08:00:21,AC50008920,AC19375836,721.00,UPI,normal
T007120,2026-09-18T08:15:40,AC51403729,AC39472579,191.29,NEFT,normal
T007121,2026-09-18T08:28:48,AC93082061,AC59117315,2349.14,NEFT,normal
T007122,2026-09-18T08:29:38,AC15262308,AC29190316,1606.68,UPI,normal
T007123,2026-09-18T08:33:53,AC99141000,AC38546741,2269.32,NEFT,normal
T007124,2026-09-18T08:34:01,AC47203213,AC29190316,515.06,IMPS,normal
T007125,2026-09-18T08:39:05,AC56171824,AC99635023,1080.23,NEFT,normal
T007126,2026-09-18T08:41:35,AC99141000,AC30729474,625.48,UPI,normal
T007127,2026-09-18T08:42:59,AC91678821,AC42297987,2115.76,UPI,normal
T007128,2026-09-18T08:47:49,AC30287103,AC84363365,259.06,UPI,normal
T007129,2026-09-18T08:52:51,AC38816302,AC57864027,862.47,UPI,normal
T007130,2026-09-18T08:56:38,AC16252221,AC59117315,1101.67,UPI,normal
T007131,2026-09-18T09:01:04,AC51554798,AC98618129,1142.00,IMPS,normal
T007132,2026-09-18T09:09:26,AC96290869,AC75399034,456.17,NEFT,normal
T007133,2026-09-18T09:11:27,AC45535068,AC26421523,1054.24,UPI,normal
T007134,2026-09-18T09:14:31,AC17626596,AC36272404,646.12,UPI,normal
T007135,2026-09-18T09:18:27,AC98115205,AC55362865,1410.89,UPI,normal
T007136,2026-09-18T09:35:54,AC13028344,AC30729474,324.34,UPI,normal
T007137,2026-09-18T09:55:31,AC17246803,AC40026139,4594.51,UPI,normal
T007138,2026-09-18T09:56:45,AC34256684,AC52751778,905.66,UPI,normal
T007139,2026-09-18T10:00:49,AC17626596,AC40026139,340.46,UPI,normal
T007140,2026-09-18T10:05:35,AC17056578,AC72778440,404.41,UPI,normal
T007141,2026-09-18T10:06:53,AC88295746,AC22633303,2061.58,UPI,normal
T007142,2026-09-18T10:17:35,AC30106149,AC99635023,408.63,UPI,normal
T007143,2026-09-18T10:19:00,AC10527808,AC29190316,421.61,NEFT,normal
T007144,2026-09-18T10:20:18,AC77330181,AC40026139,1203.67,UPI,normal
T007145,2026-09-18T10:21:38,AC21643368,AC67390467,2701.00,UPI,normal
T007146,2026-09-18T10:25:05,AC58530762,AC87097845,2662.00,UPI,normal
T007147,2026-09-18T10:29:27,AC34256684,AC39472579,425.28,UPI,normal
T007148,2026-09-18T10:30:34,AC82023741,AC69340085,280.10,UPI,normal
T007149,2026-09-18T10:37:23,AC86665755,AC42297987,1545.33,UPI,normal
T007150,2026-09-18T10:40:09,AC39902737,AC59148289,904.28,IMPS,normal
T007151,2026-09-18T10:44:10,AC66238912,AC12614954,2189.85,UPI,normal
T007152,2026-09-18T10:45:12,AC59217612,AC38546741,799.55,NEFT,normal
T007153,2026-09-18T10:46:50,AC58530762,AC52751778,163.66,UPI,normal
T007154,2026-09-18T10:53:49,AC16655764,AC40026139,409.75,NEFT,normal
T007155,2026-09-18T10:53:59,AC19229206,AC64198427,1902.06,NEFT,normal
T007156,2026-09-18T10:57:06,AC85196458,AC30729474,132.41,IMPS,normal
T007157,2026-09-18T11:05:20,AC23793831,AC40026139,2393.06,UPI,normal
T007158,2026-09-18T11:06:20,AC85748230,AC96363470,917.77,NEFT,normal
T007159,2026-09-18T11:07:36,AC20986393,AC98618129,5399.53,UPI,normal
T007160,2026-09-18T11:07:51,AC28689916,AC55515398,558.67,NEFT,normal
T007161,2026-09-18T11:08:53,AC18174466,AC55362865,980.29,IMPS,normal
T007162,2026-09-18T11:18:23,AC27550747,AC40026139,294.78,UPI,normal
T007163,2026-09-18T11:20:55,AC95753514,AC28422000,1136.82,UPI,normal
T007164,2026-09-18T11:22:47,AC33960779,AC69340085,753.69,NEFT,normal
T007165,2026-09-18T11:22:52,AC56574257,AC40026139,336.99,NEFT,normal
T007166,2026-09-18T11:25:44,AC66978001,AC99635023,1514.14,UPI,normal
T007167,2026-09-18T11:25:47,AC29361589,AC29190316,378.26,UPI,normal
T007168,2026-09-18T11:27:16,AC72492024,AC98618129,237.65,NEFT,normal
T007169,2026-09-18T11:33:58,AC86626738,AC99635023,580.44,UPI,normal
T007170,2026-09-18T11:43:29,AC66255890,AC26421523,577.23,UPI,normal
T007171,2026-09-18T11:47:29,AC27050801,AC39472579,568.54,IMPS,normal
T007172,2026-09-18T11:48:10,AC66230047,AC38546741,1184.68,UPI,normal
T007173,2026-09-18T11:48:31,AC68005893,AC99635023,563.64,UPI,normal
T007174,2026-09-18T11:51:05,AC27592411,AC29190316,2061.93,NEFT,normal
T007175,2026-09-18T11:52:30,AC25716331,AC30729474,1217.69,UPI,normal
T007176,2026-09-18T11:54:36,AC84903659,AC79203339,250.32,UPI,normal
T007177,2026-09-18T11:56:51,AC43857462,AC69340085,478.74,UPI,normal
T007178,2026-09-18T12:02:24,AC76627625,AC66542771,1159.63,NEFT,normal
T007179,2026-09-18T12:04:36,AC56625835,AC72778440,272.99,NEFT,normal
T007180,2026-09-18T12:07:29,AC31667923,AC79203339,334.65,IMPS,normal
T007181,2026-09-18T12:12:25,AC26093192,AC98618129,556.38,UPI,normal
T007182,2026-09-18T12:15:02,AC63128543,AC28422000,216.86,UPI,normal
T007183,2026-09-18T12:17:13,AC74939188,AC69340085,378.49,NEFT,normal
T007184,2026-09-18T12:21:23,AC25809806,AC29190316,757.58,UPI,normal
T007185,2026-09-18T12:22:17,AC26843185,AC30729474,5369.26,UPI,normal
T007186,2026-09-18T12:24:54,AC33651543,AC31849997,502.08,UPI,normal
T007187,2026-09-18T12:30:10,AC72458740,AC26421523,8373.27,UPI,normal
T007188,2026-09-18T12:30:58,AC21527244,AC59148289,305.27,UPI,normal
T007189,2026-09-18T12:35:31,AC35583179,AC39472579,2112.68,UPI,normal
T007190,2026-09-18T12:43:09,AC74353833,AC98618129,1572.89,UPI,normal
T007191,2026-09-18T12:45:54,AC83849218,AC31671607,667.33,UPI,normal
T007192,2026-09-18T12:57:46,AC88590039,AC59117315,413.86,UPI,normal
T007193,2026-09-18T12:58:33,AC97641229,AC28422000,263.28,NEFT,normal
T007194,2026-09-18T13:07:24,AC25846520,AC55362865,299.50,NEFT,normal
T007195,2026-09-18T13:11:03,AC73667109,AC99635023,1575.71,IMPS,normal
T007196,2026-09-18T13:13:11,AC23715389,AC19736972,827.04,UPI,normal
T007197,2026-09-18T13:16:08,AC11619076,AC36272404,1069.39,UPI,normal
T007198,2026-09-18T13:30:42,AC84714297,AC19814103,4156.55,IMPS,normal
T007199,2026-09-18T13:41:43,AC62897893,AC63453132,2339.27,UPI,normal
T007200,2026-09-18T13:53:50,AC23831903,AC57864027,267.69,IMPS,normal
T007201,2026-09-18T14:01:56,AC19375836,AC84363365,1110.21,UPI,normal
T007202,2026-09-18T14:01:57,AC47502921,AC59148289,163.20,UPI,normal
T007203,2026-09-18T14:03:06,AC36763445,AC30729474,782.15,UPI,normal
T007204,2026-09-18T14:08:03,AC37430528,AC99635023,1438.59,IMPS,normal
T007205,2026-09-18T14:11:25,AC76640001,AC99635023,58.51,NEFT,normal
T007206,2026-09-18T14:12:38,AC83517017,AC19736972,835.03,NEFT,normal
T007207,2026-09-18T14:15:58,AC39589952,AC31849997,2518.91,NEFT,normal
T007208,2026-09-18T14:16:00,AC13099855,AC69812891,3607.00,UPI,normal
T007209,2026-09-18T14:21:38,AC39962626,AC30729474,685.89,NEFT,normal
T007210,2026-09-18T14:26:21,AC79188088,AC83744576,374.00,UPI,normal
T007211,2026-09-18T14:32:38,AC36832537,AC59148289,300.11,UPI,normal
T007212,2026-09-18T14:47:15,AC34367415,AC39472579,1229.14,IMPS,normal
T007213,2026-09-18T14:47:54,AC28377915,AC77854192,49900.00,NEFT,normal
T007214,2026-09-18T14:51:34,AC86072408,AC29190316,1177.55,UPI,normal
T007215,2026-09-18T14:58:09,AC11619076,AC99635023,366.64,UPI,normal
T007216,2026-09-18T14:59:41,AC84550146,AC42297987,1071.83,UPI,normal
T007217,2026-09-18T15:05:59,AC68240437,AC36272404,170.41,UPI,normal
T007218,2026-09-18T15:06:19,AC38019720,AC91847639,4381.00,UPI,normal
T007219,2026-09-18T15:07:25,AC70025882,AC29190316,785.05,UPI,normal
T007220,2026-09-18T15:07:44,AC89774974,AC28422000,1519.81,IMPS,normal
T007221,2026-09-18T15:14:07,AC83589642,AC67917877,1940.54,UPI,normal
T007222,2026-09-18T15:15:19,AC63778945,AC19814103,2917.27,IMPS,normal
T007223,2026-09-18T15:15:37,AC24241764,AC19814103,9513.14,UPI,normal
T007224,2026-09-18T15:15:55,AC17912728,AC26421523,912.02,UPI,normal
T007225,2026-09-18T15:23:49,AC38019720,AC57864027,255.43,UPI,normal
T007226,2026-09-18T15:28:33,AC19375836,AC40026139,294.39,UPI,normal
T007227,2026-09-18T15:32:31,AC80676511,AC30729474,1229.81,IMPS,normal
T007228,2026-09-18T15:37:08,AC70825377,AC26421523,457.23,UPI,normal
T007229,2026-09-18T15:46:22,AC64485395,AC30729474,1467.13,NEFT,normal
T007230,2026-09-18T16:03:19,AC76140059,AC40026139,536.45,IMPS,normal
T007231,2026-09-18T16:04:55,AC33651543,AC99635023,771.46,UPI,normal
T007232,2026-09-18T16:11:47,AC39287351,AC40026139,681.37,UPI,normal
T007233,2026-09-18T16:12:38,AC87832216,AC57864027,453.99,UPI,normal
T007234,2026-09-18T16:20:00,AC70288912,AC42297987,699.48,IMPS,normal
T007235,2026-09-18T16:20:14,AC88061052,AC40026139,2953.83,UPI,normal
T007236,2026-09-18T16:20:37,AC83849218,AC55515398,180.32,NEFT,normal
T007237,2026-09-18T16:28:09,AC75090595,AC19814103,350.14,IMPS,normal
T007238,2026-09-18T16:29:03,AC63907779,AC63241552,1033.00,UPI,normal
T007239,2026-09-18T16:31:13,AC63404922,AC99635023,348.10,UPI,normal
T007240,2026-09-18T16:33:22,AC88592782,AC43971558,311.61,IMPS,normal
T007241,2026-09-18T16:33:34,AC71289682,AC66542771,599.04,NEFT,normal
T007242,2026-09-18T16:40:21,AC36192056,AC42297987,761.00,UPI,normal
T007243,2026-09-18T16:40:26,AC72458740,AC59117315,885.02,IMPS,normal
T007244,2026-09-18T16:40:50,AC25809806,AC39472579,1053.13,UPI,normal
T007245,2026-09-18T16:41:49,AC66119495,AC40026139,997.46,NEFT,normal
T007246,2026-09-18T16:42:09,AC54246886,AC59117315,729.27,UPI,normal
T007247,2026-09-18T16:54:13,AC86072408,AC42297987,2160.61,UPI,normal
T007248,2026-09-18T16:56:50,AC50234045,AC19736972,379.46,UPI,normal
T007249,2026-09-18T17:00:09,AC66255890,AC28422000,200.59,UPI,normal
T007250,2026-09-18T17:03:37,AC78524460,AC98618129,402.77,IMPS,normal
T007251,2026-09-18T17:07:48,AC35676674,AC28422000,390.66,IMPS,normal
T007252,2026-09-18T17:09:33,AC71493326,AC55515398,689.34,UPI,normal
T007253,2026-09-18T17:15:14,AC45046288,AC37643310,4241.00,NEFT,normal
T007254,2026-09-18T17:16:57,AC40446731,AC99855030,252.02,UPI,normal
T007255,2026-09-18T17:17:24,AC87097845,AC29190316,1788.12,UPI,normal
T007256,2026-09-18T17:20:32,AC91847639,AC29190316,635.49,NEFT,normal
T007257,2026-09-18T17:20:51,AC63404922,AC30729474,1065.49,IMPS,normal
T007258,2026-09-18T17:32:19,AC93082061,AC64198427,354.97,UPI,normal
T007259,2026-09-18T17:36:53,AC92306098,AC45535068,1056.00,UPI,normal
T007260,2026-09-18T17:42:58,AC58530762,AC28422000,234.76,UPI,normal
T007261,2026-09-18T17:45:53,AC73632401,AC28422000,402.45,IMPS,normal
T007262,2026-09-18T17:46:53,AC23715389,AC26421523,163.81,UPI,normal
T007263,2026-09-18T17:48:25,AC73093067,AC31671607,1165.12,UPI,normal
T007264,2026-09-18T17:49:04,AC65740154,AC79203339,308.14,NEFT,normal
T007265,2026-09-18T17:50:06,AC74353833,AC98618129,642.07,UPI,normal
T007266,2026-09-18T17:55:31,AC73093067,AC67917877,347.31,UPI,normal
T007267,2026-09-18T18:01:21,AC21397668,AC29190316,145.37,UPI,normal
T007268,2026-09-18T18:02:54,AC89774974,AC64198427,390.70,UPI,normal
T007269,2026-09-18T18:05:38,AC47369042,AC29190316,541.53,UPI,normal
T007270,2026-09-18T18:15:00,AC26151306,AC30729474,1209.30,UPI,normal
T007271,2026-09-18T18:20:55,AC69072565,AC29190316,244.57,IMPS,normal
T007272,2026-09-18T18:22:00,AC75627516,AC30729474,1416.17,NEFT,normal
T007273,2026-09-18T18:23:41,AC57000147,AC79203339,353.60,IMPS,normal
T007274,2026-09-18T18:25:07,AC85196458,AC84363365,255.87,UPI,normal
T007275,2026-09-18T18:27:02,AC96319863,AC40026139,355.19,IMPS,normal
T007276,2026-09-18T18:33:23,AC56911734,AC99635023,1441.94,UPI,normal
T007277,2026-09-18T18:36:20,AC32817504,AC39472579,1151.22,UPI,normal
T007278,2026-09-18T18:41:43,AC56100526,AC39472579,521.98,IMPS,normal
T007279,2026-09-18T18:46:55,AC83849218,AC40026139,366.92,IMPS,normal
T007280,2026-09-18T18:47:46,AC10549434,AC40026139,2200.46,NEFT,normal
T007281,2026-09-18T19:00:48,AC21378775,AC38546741,547.15,NEFT,normal
T007282,2026-09-18T19:01:15,AC81483341,AC55362865,404.39,UPI,normal
T007283,2026-09-18T19:03:47,AC52164119,AC99635023,319.23,IMPS,normal
T007284,2026-09-18T19:05:08,AC36763445,AC25809806,2680.00,UPI,normal
T007285,2026-09-18T19:05:45,AC50008920,AC99855030,563.42,NEFT,normal
T007286,2026-09-18T19:05:51,AC66238912,AC72778440,496.54,IMPS,normal
T007287,2026-09-18T19:07:57,AC66119495,AC40026139,932.75,UPI,normal
T007288,2026-09-18T19:14:59,AC29619183,AC39472579,3182.07,UPI,normal
T007289,2026-09-18T19:25:28,AC23119148,AC40026139,1110.91,UPI,normal
T007290,2026-09-18T19:27:43,AC38019720,AC42297987,502.33,UPI,normal
T007291,2026-09-18T19:29:25,AC77854192,AC84363365,650.47,IMPS,normal
T007292,2026-09-18T19:46:26,AC85064182,AC29190316,459.93,UPI,normal
T007293,2026-09-18T19:49:58,AC30399018,AC79571586,1832.00,IMPS,normal
T007294,2026-09-18T19:50:11,AC92374421,AC52410090,1232.43,UPI,normal
T007295,2026-09-18T19:50:29,AC32555071,AC30729474,1144.22,UPI,normal
T007296,2026-09-18T19:50:29,AC77264814,AC29190316,188.90,UPI,normal
T007297,2026-09-18T20:18:20,AC41317839,AC29190316,80.26,UPI,normal
T007298,2026-09-18T20:21:37,AC11619076,AC84363365,843.94,UPI,normal
T007299,2026-09-18T20:32:56,AC86665755,AC63453132,711.19,UPI,normal
T007300,2026-09-18T20:44:14,AC15798969,AC67917877,1302.03,NEFT,normal
T007301,2026-09-18T20:44:49,AC91678821,AC99635023,303.82,NEFT,normal
T007302,2026-09-18T20:45:50,AC71967692,AC79203339,456.66,NEFT,normal
T007303,2026-09-18T20:50:08,AC91678821,AC99635023,1858.67,UPI,normal
T007304,2026-09-18T20:50:43,AC74758310,AC42297987,354.27,UPI,normal
T007305,2026-09-18T20:52:48,AC95149012,AC52410090,1000.11,IMPS,normal
T007306,2026-09-18T20:55:30,AC81483341,AC39472579,1074.07,IMPS,normal
T007307,2026-09-18T20:58:12,AC60496650,AC39472579,633.31,UPI,normal
T007308,2026-09-18T21:04:32,AC27359750,AC69340085,772.51,UPI,normal
T007309,2026-09-18T21:20:22,AC17912728,AC42297987,364.11,UPI,normal
T007310,2026-09-18T21:26:12,AC26843185,AC94212661,3534.00,IMPS,normal
T007311,2026-09-18T21:27:55,AC55987803,AC30729474,951.48,UPI,normal
T007312,2026-09-18T21:32:16,AC71289682,AC98618129,196.75,NEFT,normal
T007313,2026-09-18T21:33:58,AC21535642,AC31849997,1124.25,UPI,normal
T007314,2026-09-18T21:34:46,AC18174466,AC22633303,591.30,IMPS,normal
T007315,2026-09-18T21:36:45,AC84714297,AC43971558,276.53,UPI,normal
T007316,2026-09-18T21:36:58,AC81924865,AC29190316,1680.78,NEFT,normal
T007317,2026-09-18T21:45:59,AC13629581,AC59148289,166.17,UPI,normal
T007318,2026-09-18T21:48:10,AC76627625,AC42297987,1127.60,UPI,normal
T007319,2026-09-18T22:00:00,AC55330357,AC11913291,300000.00,IMPS,fan_out_fan_in
T007320,2026-09-18T22:09:32,AC57484087,AC98618129,1344.14,UPI,normal
T007321,2026-09-18T22:10:56,AC30287103,AC96363470,1026.97,UPI,normal
T007322,2026-09-18T22:13:26,AC31667923,AC59117315,907.77,IMPS,normal
T007323,2026-09-18T22:22:43,AC88592782,AC66542771,195.17,UPI,normal
T007324,2026-09-18T22:23:07,AC25482486,AC29190316,1517.91,UPI,normal
T007325,2026-09-18T22:26:03,AC97908110,AC69340085,637.39,UPI,normal
T007326,2026-09-18T22:29:54,AC27050801,AC43971558,1481.83,NEFT,normal
T007327,2026-09-18T22:33:41,AC83061791,AC29190316,1105.23,UPI,normal
T007328,2026-09-18T22:41:56,AC41132723,AC69340085,1090.26,UPI,normal
T007329,2026-09-18T22:47:42,AC42301241,AC77330181,2229.00,IMPS,normal
T007330,2026-09-18T22:49:24,AC37543491,AC40026139,982.89,NEFT,normal
T007331,2026-09-18T22:50:02,AC57000147,AC40026139,2108.42,UPI,normal
T007332,2026-09-18T22:51:43,AC23896513,AC79203339,95.38,UPI,normal
T007333,2026-09-18T22:52:20,AC55997036,AC75399034,945.68,IMPS,normal
T007334,2026-09-18T22:56:40,AC75507385,AC27592411,4953.00,UPI,normal
T007335,2026-09-18T22:58:36,AC25809806,AC39472579,641.85,UPI,normal
T007336,2026-09-19T01:32:42,AC11913291,AC42509269,9860.00,IMPS,fan_out_fan_in
T007337,2026-09-19T01:33:03,AC11913291,AC42809053,9621.00,IMPS,fan_out_fan_in
T007338,2026-09-19T01:41:57,AC11913291,AC39241460,9751.00,IMPS,fan_out_fan_in
T007339,2026-09-19T01:43:36,AC11913291,AC77906507,9592.00,IMPS,fan_out_fan_in
T007340,2026-09-19T01:43:47,AC11913291,AC31143713,9967.00,IMPS,fan_out_fan_in
T007341,2026-09-19T01:48:24,AC11913291,AC44305229,9911.00,IMPS,fan_out_fan_in
T007342,2026-09-19T01:50:53,AC11913291,AC51546818,9882.00,IMPS,fan_out_fan_in
T007343,2026-09-19T01:54:23,AC11913291,AC90366678,9799.00,IMPS,fan_out_fan_in
T007344,2026-09-19T01:54:31,AC11913291,AC21339367,9701.00,IMPS,fan_out_fan_in
T007345,2026-09-19T01:57:20,AC11913291,AC61121087,9957.00,IMPS,fan_out_fan_in
T007346,2026-09-19T02:00:41,AC11913291,AC83426945,9875.00,IMPS,fan_out_fan_in
T007347,2026-09-19T02:03:52,AC11913291,AC45331886,9706.00,IMPS,fan_out_fan_in
T007348,2026-09-19T02:05:23,AC11913291,AC67813039,9792.00,IMPS,fan_out_fan_in
T007349,2026-09-19T02:05:30,AC11913291,AC93946251,9909.00,IMPS,fan_out_fan_in
T007350,2026-09-19T02:13:55,AC11913291,AC10486232,9670.00,IMPS,fan_out_fan_in
T007351,2026-09-19T02:16:31,AC11913291,AC46109495,9594.00,IMPS,fan_out_fan_in
T007352,2026-09-19T02:18:41,AC42809053,AC19492255,4272.00,UPI,fan_out_fan_in
T007353,2026-09-19T02:22:03,AC51546818,AC19492255,4454.00,UPI,fan_out_fan_in
T007354,2026-09-19T02:24:31,AC11913291,AC14623360,9696.00,IMPS,fan_out_fan_in
T007355,2026-09-19T02:24:33,AC11913291,AC99285347,9807.00,IMPS,fan_out_fan_in
T007356,2026-09-19T02:30:04,AC11913291,AC54147722,9541.00,IMPS,fan_out_fan_in
T007357,2026-09-19T02:32:34,AC11913291,AC47840444,9946.00,IMPS,fan_out_fan_in
T007358,2026-09-19T02:36:03,AC11913291,AC17435808,9654.00,IMPS,fan_out_fan_in
T007359,2026-09-19T02:39:04,AC11913291,AC31910577,9903.00,IMPS,fan_out_fan_in
T007360,2026-09-19T02:41:14,AC11913291,AC69837566,9674.00,IMPS,fan_out_fan_in
T007361,2026-09-19T02:43:51,AC11913291,AC99998797,9600.00,IMPS,fan_out_fan_in
T007362,2026-09-19T02:46:34,AC11913291,AC58874224,9602.00,IMPS,fan_out_fan_in
T007363,2026-09-19T02:46:38,AC11913291,AC71666730,9844.00,IMPS,fan_out_fan_in
T007364,2026-09-19T02:46:56,AC11913291,AC49333645,9612.00,IMPS,fan_out_fan_in
T007365,2026-09-19T02:52:17,AC11913291,AC34877528,9757.00,IMPS,fan_out_fan_in
T007366,2026-09-19T02:53:49,AC61121087,AC19492255,9917.00,IMPS,fan_out_fan_in
T007367,2026-09-19T02:54:01,AC11913291,AC16071673,9964.00,IMPS,fan_out_fan_in
T007368,2026-09-19T02:56:43,AC11913291,AC53423984,9648.00,IMPS,fan_out_fan_in
T007369,2026-09-19T02:57:27,AC42809053,AC19492255,5301.00,UPI,fan_out_fan_in
T007370,2026-09-19T03:12:28,AC14623360,AC19492255,9539.00,IMPS,fan_out_fan_in
T007371,2026-09-19T03:16:39,AC51546818,AC19492255,5372.00,UPI,fan_out_fan_in
T007372,2026-09-19T03:31:50,AC54147722,AC19492255,4109.00,UPI,fan_out_fan_in
T007373,2026-09-19T03:31:53,AC58874224,AC19492255,4467.00,UPI,fan_out_fan_in
T007374,2026-09-19T03:36:13,AC83426945,AC19492255,9795.00,IMPS,fan_out_fan_in
T007375,2026-09-19T04:21:12,AC54147722,AC19492255,5376.00,UPI,fan_out_fan_in
T007376,2026-09-19T04:23:29,AC58874224,AC19492255,5081.00,UPI,fan_out_fan_in
T007377,2026-09-19T04:51:06,AC71666730,AC19492255,9723.00,IMPS,fan_out_fan_in
T007378,2026-09-19T05:08:45,AC47840444,AC19492255,4700.00,UPI,fan_out_fan_in
T007379,2026-09-19T05:30:05,AC42509269,AC19492255,9675.00,IMPS,fan_out_fan_in
T007380,2026-09-19T05:39:21,AC90366678,AC19492255,4966.00,UPI,fan_out_fan_in
T007381,2026-09-19T05:55:36,AC69837566,AC19492255,9628.00,IMPS,fan_out_fan_in
T007382,2026-09-19T05:56:36,AC77906507,AC19492255,9556.00,IMPS,fan_out_fan_in
T007383,2026-09-19T06:01:16,AC47840444,AC19492255,5174.00,UPI,fan_out_fan_in
T007384,2026-09-19T06:02:06,AC34877528,AC19492255,9564.00,IMPS,fan_out_fan_in
T007385,2026-09-19T06:16:58,AC31143713,AC19492255,9822.00,IMPS,fan_out_fan_in
T007386,2026-09-19T06:20:03,AC90366678,AC19492255,4677.00,UPI,fan_out_fan_in
T007387,2026-09-19T06:27:46,AC44305229,AC19492255,4545.00,UPI,fan_out_fan_in
T007388,2026-09-19T06:35:46,AC99998797,AC19492255,3988.00,UPI,fan_out_fan_in
T007389,2026-09-19T06:49:05,AC21339367,AC19492255,9599.00,IMPS,fan_out_fan_in
T007390,2026-09-19T06:54:00,AC99998797,AC19492255,5420.00,UPI,fan_out_fan_in
T007391,2026-09-19T07:05:39,AC42301241,AC96363470,2695.51,NEFT,normal
T007392,2026-09-19T07:11:50,AC31910577,AC19492255,9859.00,IMPS,fan_out_fan_in
T007393,2026-09-19T07:13:36,AC53423984,AC19492255,4298.00,UPI,fan_out_fan_in
T007394,2026-09-19T07:14:41,AC93760773,AC99635023,750.57,IMPS,normal
T007395,2026-09-19T07:15:19,AC94212661,AC29190316,1000.73,UPI,normal
T007396,2026-09-19T07:16:49,AC22562241,AC66542771,225.24,UPI,normal
T007397,2026-09-19T07:17:24,AC49321318,AC79203339,389.66,UPI,normal
T007398,2026-09-19T07:18:08,AC27550747,AC40026139,85.16,UPI,normal
T007399,2026-09-19T07:19:43,AC58530762,AC63453132,108.95,UPI,normal
T007400,2026-09-19T07:20:24,AC71967692,AC59117315,215.39,UPI,normal
T007401,2026-09-19T07:20:43,AC85394042,AC42297987,132.89,IMPS,normal
T007402,2026-09-19T07:21:15,AC30287103,AC59148289,1206.66,UPI,normal
T007403,2026-09-19T07:24:21,AC91907998,AC99635023,1131.39,UPI,normal
T007404,2026-09-19T07:24:50,AC93946251,AC19492255,9745.00,IMPS,fan_out_fan_in
T007405,2026-09-19T07:25:55,AC44305229,AC19492255,5245.00,UPI,fan_out_fan_in
T007406,2026-09-19T07:32:24,AC63241552,AC29190316,443.55,NEFT,normal
T007407,2026-09-19T07:34:00,AC25846520,AC67917877,140.02,UPI,normal
T007408,2026-09-19T07:38:12,AC51856109,AC40026139,357.63,UPI,normal
T007409,2026-09-19T07:42:17,AC53423984,AC19492255,5348.00,UPI,fan_out_fan_in
T007410,2026-09-19T07:45:54,AC29619183,AC59117315,2077.21,UPI,normal
T007411,2026-09-19T07:46:35,AC95149012,AC63453132,236.63,UPI,normal
T007412,2026-09-19T07:50:43,AC67813039,AC19492255,9784.00,IMPS,fan_out_fan_in
T007413,2026-09-19T07:51:51,AC70690025,AC64198427,706.78,IMPS,normal
T007414,2026-09-19T07:52:23,AC74353833,AC59148289,1580.86,NEFT,normal
T007415,2026-09-19T07:58:06,AC20815439,AC66542771,1717.72,UPI,normal
T007416,2026-09-19T07:58:27,AC39962626,AC52751778,1277.70,NEFT,normal
T007417,2026-09-19T08:00:03,AC30399018,AC67490644,732.79,NEFT,normal
T007418,2026-09-19T08:02:52,AC82903368,AC59148289,268.76,NEFT,normal
T007419,2026-09-19T08:04:03,AC17435808,AC19492255,3970.00,UPI,fan_out_fan_in
T007420,2026-09-19T08:05:33,AC75090595,AC52751778,1593.90,NEFT,normal
T007421,2026-09-19T08:14:29,AC16071673,AC19492255,9816.00,IMPS,fan_out_fan_in
T007422,2026-09-19T08:14:35,AC74628898,AC59117315,437.63,UPI,normal
T007423,2026-09-19T08:16:55,AC39241460,AC19492255,9696.00,IMPS,fan_out_fan_in
T007424,2026-09-19T08:18:33,AC49333645,AC19492255,9589.00,IMPS,fan_out_fan_in
T007425,2026-09-19T08:23:03,AC79358465,AC64198427,434.38,IMPS,normal
T007426,2026-09-19T08:23:52,AC37643310,AC28422000,273.43,NEFT,normal
T007427,2026-09-19T08:24:24,AC81751584,AC31849997,369.09,NEFT,normal
T007428,2026-09-19T08:25:55,AC83061791,AC55515398,261.62,UPI,normal
T007429,2026-09-19T08:26:18,AC82687908,AC99855030,424.59,UPI,normal
T007430,2026-09-19T08:27:55,AC71289682,AC40026139,197.93,UPI,normal
T007431,2026-09-19T08:33:28,AC17435808,AC19492255,5532.00,UPI,fan_out_fan_in
T007432,2026-09-19T08:34:34,AC18354761,AC26421523,1138.52,UPI,normal
T007433,2026-09-19T08:38:05,AC92891895,AC50638453,82.69,UPI,normal
T007434,2026-09-19T08:39:28,AC43234300,AC39472579,594.56,IMPS,normal
T007435,2026-09-19T08:40:59,AC63778945,AC55362865,1259.75,UPI,normal
T007436,2026-09-19T08:45:52,AC92418944,AC43971558,1252.23,UPI,normal
T007437,2026-09-19T08:48:38,AC43352343,AC39472579,268.76,UPI,normal
T007438,2026-09-19T08:49:22,AC99285347,AC19492255,9669.00,IMPS,fan_out_fan_in
T007439,2026-09-19T08:50:12,AC47840101,AC34576324,3404.00,UPI,normal
T007440,2026-09-19T08:50:29,AC77264814,AC28422000,1759.62,IMPS,normal
T007441,2026-09-19T08:52:08,AC71967692,AC72492024,4580.00,IMPS,normal
T007442,2026-09-19T08:52:51,AC53753544,AC59117315,159.84,UPI,normal
T007443,2026-09-19T08:54:17,AC47203213,AC29190316,1040.78,UPI,normal
T007444,2026-09-19T08:57:59,AC23896513,AC95341298,185.00,UPI,normal
T007445,2026-09-19T09:02:23,AC87832216,AC38546741,1149.31,NEFT,normal
T007446,2026-09-19T09:11:58,AC13757254,AC59148289,1220.23,UPI,normal
T007447,2026-09-19T09:13:01,AC92891895,AC59117315,190.59,IMPS,normal
T007448,2026-09-19T09:30:13,AC37910936,AC63453132,213.51,NEFT,normal
T007449,2026-09-19T09:33:51,AC76453392,AC22633303,1518.52,UPI,normal
T007450,2026-09-19T09:34:40,AC88295746,AC30729474,526.62,UPI,normal
T007451,2026-09-19T09:37:55,AC31321298,AC30729474,406.45,UPI,normal
T007452,2026-09-19T09:39:27,AC77330181,AC59117315,1170.71,NEFT,normal
T007453,2026-09-19T09:40:29,AC83061791,AC99855030,128.52,NEFT,normal
T007454,2026-09-19T09:45:58,AC39936146,AC59148289,743.09,UPI,normal
T007455,2026-09-19T09:49:51,AC13629581,AC29190316,464.74,NEFT,normal
T007456,2026-09-19T09:51:09,AC60496650,AC63453132,1332.84,UPI,normal
T007457,2026-09-19T10:03:06,AC69139937,AC30729474,974.66,IMPS,normal
T007458,2026-09-19T10:05:59,AC56100526,AC84363365,1140.68,UPI,normal
T007459,2026-09-19T10:11:37,AC87570629,AC98618129,2217.08,IMPS,normal
T007460,2026-09-19T10:13:13,AC21397668,AC72778440,278.35,NEFT,normal
T007461,2026-09-19T10:13:32,AC23076910,AC50638453,1334.08,UPI,normal
T007462,2026-09-19T10:14:38,AC83960310,AC36272404,1057.52,UPI,normal
T007463,2026-09-19T10:20:48,AC91847639,AC40026139,657.41,NEFT,normal
T007464,2026-09-19T10:21:29,AC45046288,AC36272404,100.06,NEFT,normal
T007465,2026-09-19T10:26:34,AC85196458,AC30729474,494.02,UPI,normal
T007466,2026-09-19T10:26:50,AC46109495,AC19492255,5324.00,UPI,fan_out_fan_in
T007467,2026-09-19T10:36:25,AC75627516,AC62472380,4048.00,NEFT,normal
T007468,2026-09-19T10:38:57,AC24241764,AC40026139,1135.57,UPI,normal
T007469,2026-09-19T10:59:52,AC34127884,AC52751778,547.00,UPI,normal
T007470,2026-09-19T11:00:32,AC13099855,AC19437596,1791.00,UPI,normal
T007471,2026-09-19T11:04:01,AC62148384,AC40026139,2621.15,UPI,normal
T007472,2026-09-19T11:04:08,AC13028344,AC99635023,372.96,UPI,normal
T007473,2026-09-19T11:21:26,AC46109495,AC19492255,4129.00,UPI,fan_out_fan_in
T007474,2026-09-19T11:26:48,AC69812891,AC26421523,3133.00,UPI,normal
T007475,2026-09-19T11:29:36,AC91354422,AC99855030,2605.09,NEFT,normal
T007476,2026-09-19T11:30:10,AC78144218,AC52751778,1370.50,UPI,normal
T007477,2026-09-19T11:33:35,AC23711300,AC42297987,900.23,UPI,normal
T007478,2026-09-19T11:39:20,AC10486232,AC19492255,4891.00,UPI,fan_out_fan_in
T007479,2026-09-19T11:40:19,AC45331886,AC19492255,5034.00,UPI,fan_out_fan_in
T007480,2026-09-19T11:44:15,AC39673100,AC67917877,673.83,UPI,normal
T007481,2026-09-19T11:47:08,AC44785794,AC55362865,900.26,IMPS,normal
T007482,2026-09-19T11:51:05,AC59217612,AC52410090,819.74,UPI,normal
T007483,2026-09-19T11:51:07,AC43343251,AC57864027,345.17,UPI,normal
T007484,2026-09-19T12:00:13,AC68202938,AC40026139,3173.18,UPI,normal
T007485,2026-09-19T12:06:41,AC91907998,AC29190316,2068.54,UPI,normal
T007486,2026-09-19T12:17:55,AC18288654,AC75399034,435.13,UPI,normal
T007487,2026-09-19T12:19:18,AC30287103,AC19814103,685.95,UPI,normal
T007488,2026-09-19T12:22:23,AC57484087,AC22374072,608.11,UPI,normal
T007489,2026-09-19T12:28:01,AC50298754,AC98027796,2220.00,UPI,normal
T007490,2026-09-19T12:28:40,AC10486232,AC19492255,4645.00,UPI,fan_out_fan_in
T007491,2026-09-19T12:30:31,AC45331886,AC19492255,4660.00,UPI,fan_out_fan_in
T007492,2026-09-19T12:46:56,AC97366946,AC31667923,2010.00,NEFT,normal
T007493,2026-09-19T12:50:51,AC54246886,AC40026139,2997.49,NEFT,normal
T007494,2026-09-19T12:56:54,AC59081935,AC99635023,1115.67,IMPS,normal
T007495,2026-09-19T13:03:20,AC66255890,AC38546741,128.22,NEFT,normal
T007496,2026-09-19T13:09:53,AC71289682,AC22374072,599.89,UPI,normal
T007497,2026-09-19T13:15:49,AC57030900,AC55362865,1018.40,UPI,normal
T007498,2026-09-19T13:20:23,AC22562241,AC29190316,107.40,UPI,normal
T007499,2026-09-19T13:23:28,AC34367415,AC98618129,353.83,UPI,normal
T007500,2026-09-19T13:28:34,AC52164119,AC59148289,385.03,NEFT,normal
T007501,2026-09-19T13:33:27,AC87570629,AC84363365,2820.18,UPI,normal
T007502,2026-09-19T13:42:28,AC63873226,AC67490644,2640.71,IMPS,normal
T007503,2026-09-19T13:54:12,AC33651543,AC55362865,696.84,IMPS,normal
T007504,2026-09-19T13:58:36,AC71967692,AC50638453,351.18,UPI,normal
T007505,2026-09-19T13:58:51,AC66978001,AC12614954,2987.20,IMPS,normal
T007506,2026-09-19T14:10:31,AC84550146,AC59117315,461.17,IMPS,normal
T007507,2026-09-19T14:13:47,AC56208603,AC40026139,920.98,UPI,normal
T007508,2026-09-19T14:15:33,AC61780050,AC29190316,666.18,UPI,normal
T007509,2026-09-19T14:16:06,AC71289682,AC62662255,400.58,NEFT,normal
T007510,2026-09-19T14:17:41,AC83849218,AC84363365,1048.52,NEFT,normal
T007511,2026-09-19T14:20:16,AC19375836,AC39472579,395.36,NEFT,normal
T007512,2026-09-19T14:29:47,AC30926211,AC96363470,669.79,UPI,normal
T007513,2026-09-19T14:37:02,AC32420002,AC62662255,855.30,UPI,normal
T007514,2026-09-19T14:43:15,AC41317839,AC72778440,961.58,UPI,normal
T007515,2026-09-19T14:45:46,AC43234300,AC99635023,629.11,IMPS,normal
T007516,2026-09-19T14:47:04,AC45535068,AC96363470,368.86,UPI,normal
T007517,2026-09-19T14:50:23,AC16655764,AC31849997,2335.35,IMPS,normal
T007518,2026-09-19T14:56:43,AC69491792,AC40026139,289.03,UPI,normal
T007519,2026-09-19T14:58:27,AC79188088,AC30729474,166.54,NEFT,normal
T007520,2026-09-19T15:00:03,AC41132723,AC29190316,1775.61,NEFT,normal
T007521,2026-09-19T15:03:50,AC27874421,AC72778440,246.05,UPI,normal
T007522,2026-09-19T15:04:54,AC50234045,AC40026139,554.87,UPI,normal
T007523,2026-09-19T15:06:12,AC72164355,AC39472579,920.91,UPI,normal
T007524,2026-09-19T15:12:11,AC42284650,AC30729474,4858.46,UPI,normal
T007525,2026-09-19T15:12:53,AC40446731,AC29190316,110.85,IMPS,normal
T007526,2026-09-19T15:24:49,AC29619183,AC29190316,86.16,NEFT,normal
T007527,2026-09-19T15:25:14,AC81483341,AC39472579,4383.82,UPI,normal
T007528,2026-09-19T15:28:02,AC76453392,AC67917877,3093.16,IMPS,normal
T007529,2026-09-19T15:42:55,AC43343251,AC86072408,566.00,NEFT,normal
T007530,2026-09-19T15:47:49,AC72458740,AC55515398,770.86,UPI,normal
T007531,2026-09-19T15:48:11,AC71230843,AC12614954,83.72,UPI,normal
T007532,2026-09-19T15:48:56,AC35990584,AC29190316,1207.61,UPI,normal
T007533,2026-09-19T15:54:01,AC88592782,AC62662255,627.39,NEFT,normal
T007534,2026-09-19T15:55:34,AC88061052,AC36272404,1823.28,NEFT,normal
T007535,2026-09-19T16:01:01,AC25482486,AC30729474,2522.97,IMPS,normal
T007536,2026-09-19T16:01:07,AC29552354,AC12614954,1826.67,UPI,normal
T007537,2026-09-19T16:15:06,AC17912728,AC39472579,511.30,UPI,normal
T007538,2026-09-19T16:15:47,AC62897893,AC80263864,1489.00,UPI,normal
T007539,2026-09-19T16:21:46,AC58153450,AC99635023,182.81,UPI,normal
T007540,2026-09-19T16:26:08,AC77470852,AC95753514,3710.00,NEFT,normal
T007541,2026-09-19T16:28:48,AC33960779,AC99635023,2179.52,IMPS,normal
T007542,2026-09-19T16:39:12,AC81924865,AC29190316,630.05,UPI,normal
T007543,2026-09-19T16:40:22,AC30306925,AC19814103,262.87,UPI,normal
T007544,2026-09-19T16:40:35,AC30256261,AC40026139,404.16,IMPS,normal
T007545,2026-09-19T16:40:53,AC93094361,AC40026139,196.95,UPI,normal
T007546,2026-09-19T16:46:46,AC89774974,AC84363365,287.91,UPI,normal
T007547,2026-09-19T17:00:59,AC62992312,AC96363470,2080.01,UPI,normal
T007548,2026-09-19T17:05:32,AC18354761,AC30729474,653.08,UPI,normal
T007549,2026-09-19T17:11:48,AC20815439,AC28422000,794.87,UPI,normal
T007550,2026-09-19T17:26:53,AC70690025,AC85748230,1981.00,IMPS,normal
T007551,2026-09-19T17:27:30,AC81380338,AC52410090,984.71,NEFT,normal
T007552,2026-09-19T17:28:12,AC30287103,AC67917877,1077.80,UPI,normal
T007553,2026-09-19T17:29:00,AC10527808,AC40026139,957.97,IMPS,normal
T007554,2026-09-19T17:29:04,AC50008920,AC64198427,326.23,IMPS,normal
T007555,2026-09-19T17:29:28,AC55330357,AC38546741,1735.32,NEFT,normal
T007556,2026-09-19T17:31:06,AC30926211,AC57864027,279.65,IMPS,normal
T007557,2026-09-19T17:35:59,AC32140838,AC63453132,1891.33,IMPS,normal
T007558,2026-09-19T17:41:09,AC76627625,AC26421523,248.51,NEFT,normal
T007559,2026-09-19T17:48:36,AC20815439,AC37430528,2940.00,UPI,normal
T007560,2026-09-19T17:51:29,AC98217056,AC31849997,1863.38,IMPS,normal
T007561,2026-09-19T17:56:12,AC92418944,AC81232885,52800.00,IMPS,normal
T007562,2026-09-19T18:02:51,AC37430528,AC29190316,921.76,NEFT,normal
T007563,2026-09-19T18:12:41,AC23618316,AC28422000,410.87,UPI,normal
T007564,2026-09-19T18:25:46,AC57740731,AC55515398,1643.12,NEFT,normal
T007565,2026-09-19T18:29:26,AC82023741,AC79203339,1141.64,UPI,normal
T007566,2026-09-19T18:35:57,AC78524460,AC19736972,1428.34,UPI,normal
T007567,2026-09-19T18:42:41,AC80901507,AC96363470,662.64,NEFT,normal
T007568,2026-09-19T18:52:13,AC98027796,AC79203339,1559.52,UPI,normal
T007569,2026-09-19T19:03:05,AC29343122,AC99855030,837.74,NEFT,normal
T007570,2026-09-19T19:03:12,AC30256261,AC29190316,2808.18,UPI,normal
T007571,2026-09-19T19:08:05,AC49321318,AC91847639,1781.00,IMPS,normal
T007572,2026-09-19T19:15:21,AC62992312,AC39472579,421.74,UPI,normal
T007573,2026-09-19T19:28:43,AC30246633,AC59148289,1221.37,NEFT,normal
T007574,2026-09-19T19:30:20,AC53703122,AC29190316,3053.56,IMPS,normal
T007575,2026-09-19T19:32:36,AC13889649,AC79571586,1495.00,IMPS,normal
T007576,2026-09-19T19:41:55,AC37543491,AC38546741,302.75,UPI,normal
T007577,2026-09-19T19:42:12,AC12871813,AC57864027,1080.28,IMPS,normal
T007578,2026-09-19T19:43:15,AC98217056,AC13740078,2568.00,NEFT,normal
T007579,2026-09-19T19:46:05,AC30256261,AC22374072,731.18,UPI,normal
T007580,2026-09-19T19:48:38,AC27550747,AC79203339,1198.94,UPI,normal
T007581,2026-09-19T19:54:19,AC92418944,AC55515398,1190.15,NEFT,normal
T007582,2026-09-19T19:55:32,AC66230047,AC39472579,737.92,UPI,normal
T007583,2026-09-19T19:59:29,AC91220385,AC84363365,284.35,UPI,normal
T007584,2026-09-19T20:04:44,AC11619076,AC52751778,1998.57,UPI,normal
T007585,2026-09-19T20:08:10,AC59560375,AC59148289,234.91,NEFT,normal
T007586,2026-09-19T20:11:09,AC55650450,AC69340085,1207.19,UPI,normal
T007587,2026-09-19T20:12:22,AC24754327,AC55515398,234.00,UPI,normal
T007588,2026-09-19T20:18:44,AC80676511,AC38546741,950.10,NEFT,normal
T007589,2026-09-19T20:21:01,AC77330181,AC22374072,835.99,UPI,normal
T007590,2026-09-19T20:21:34,AC25846520,AC70288912,3274.00,UPI,normal
T007591,2026-09-19T20:26:59,AC39936146,AC59117315,547.32,UPI,normal
T007592,2026-09-19T20:34:14,AC24754327,AC59117315,2471.09,UPI,normal
T007593,2026-09-19T20:34:55,AC79476293,AC40026139,320.75,NEFT,normal
T007594,2026-09-19T20:37:20,AC36763445,AC39472579,219.22,UPI,normal
T007595,2026-09-19T20:40:58,AC58553593,AC84363365,284.58,NEFT,normal
T007596,2026-09-19T20:43:45,AC88710264,AC30256261,3141.00,NEFT,normal
T007597,2026-09-19T20:52:59,AC78149300,AC99635023,269.93,UPI,normal
T007598,2026-09-19T20:57:20,AC91220385,AC69491792,4805.00,UPI,normal
T007599,2026-09-19T21:01:05,AC22175294,AC40026139,4529.94,UPI,normal
T007600,2026-09-19T21:24:41,AC78106871,AC31849997,319.98,NEFT,normal
T007601,2026-09-19T21:29:33,AC74477539,AC29190316,451.96,UPI,normal
T007602,2026-09-19T21:34:28,AC79578048,AC50638453,165.75,IMPS,normal
T007603,2026-09-19T21:38:29,AC91733095,AC99635023,1699.01,UPI,normal
T007604,2026-09-19T21:42:18,AC90628248,AC63453132,656.71,NEFT,normal
T007605,2026-09-19T21:54:50,AC52110478,AC57864027,850.59,UPI,normal
T007606,2026-09-19T21:59:50,AC91678821,AC26421523,435.59,IMPS,normal
T007607,2026-09-19T22:00:49,AC61780050,AC31671607,363.44,IMPS,normal
T007608,2026-09-19T22:01:54,AC70825377,AC99635023,294.49,NEFT,normal
T007609,2026-09-19T22:24:12,AC34576324,AC59117315,754.61,UPI,normal
T007610,2026-09-19T22:28:53,AC47840101,AC59117315,1703.90,UPI,normal
T007611,2026-09-19T22:36:08,AC93760773,AC99635023,628.30,UPI,normal
T007612,2026-09-19T22:44:32,AC31783965,AC98618129,466.10,NEFT,normal
T007613,2026-09-19T22:48:02,AC69491792,AC99635023,304.05,UPI,normal
T007614,2026-09-19T22:52:23,AC17246803,AC39472579,1130.89,UPI,normal
T007615,2026-09-19T22:56:01,AC22562241,AC52751778,577.40,NEFT,normal
T007616,2026-09-19T22:58:54,AC20815439,AC40026139,213.92,UPI,normal
T007617,2026-09-20T07:02:06,AC82687908,AC99635023,132.27,IMPS,normal
T007618,2026-09-20T07:04:39,AC13749650,AC84363365,643.98,NEFT,normal
T007619,2026-09-20T07:05:26,AC73667109,AC29190316,1798.42,NEFT,normal
T007620,2026-09-20T07:07:08,AC22007414,AC19736972,159.62,UPI,normal
T007621,2026-09-20T07:11:43,AC80881649,AC52751778,1038.20,UPI,normal
T007622,2026-09-20T07:12:20,AC56647663,AC29190316,1207.47,UPI,normal
T007623,2026-09-20T07:13:48,AC36192056,AC31849997,143.42,NEFT,normal
T007624,2026-09-20T07:15:11,AC59217612,AC30729474,1435.36,UPI,normal
T007625,2026-09-20T07:21:38,AC76262352,AC30729474,141.40,UPI,normal
T007626,2026-09-20T07:21:47,AC47167180,AC78144218,4910.00,UPI,normal
T007627,2026-09-20T07:29:32,AC66255890,AC28422000,242.61,UPI,normal
T007628,2026-09-20T07:33:18,AC20815439,AC34473646,1620.00,UPI,normal
T007629,2026-09-20T07:34:30,AC30926211,AC34256684,4302.00,UPI,normal
T007630,2026-09-20T07:37:14,AC26843185,AC30729474,828.46,IMPS,normal
T007631,2026-09-20T07:57:09,AC91220385,AC19814103,305.26,UPI,normal
T007632,2026-09-20T08:00:30,AC17056578,AC99635023,322.26,UPI,normal
T007633,2026-09-20T08:04:00,AC22175294,AC30729474,238.95,UPI,normal
T007634,2026-09-20T08:04:58,AC12510524,AC79203339,1096.33,IMPS,normal
T007635,2026-09-20T08:05:04,AC48197765,AC99635023,778.24,IMPS,normal
T007636,2026-09-20T08:07:57,AC39589952,AC52410090,1748.46,UPI,normal
T007637,2026-09-20T08:08:50,AC74628898,AC55515398,1039.28,UPI,normal
T007638,2026-09-20T08:13:17,AC66238912,AC42297987,291.85,NEFT,normal
T007639,2026-09-20T08:17:29,AC47840101,AC75399034,514.78,NEFT,normal
T007640,2026-09-20T08:34:07,AC10527808,AC19814103,338.09,NEFT,normal
T007641,2026-09-20T08:37:23,AC58802897,AC59117315,2993.32,UPI,normal
T007642,2026-09-20T08:39:52,AC44785794,AC40026139,917.02,UPI,normal
T007643,2026-09-20T08:43:20,AC73093067,AC19814103,960.82,IMPS,normal
T007644,2026-09-20T09:00:06,AC13422671,AC52164119,1097.00,UPI,normal
T007645,2026-09-20T09:00:29,AC97197858,AC52751778,263.53,UPI,normal
T007646,2026-09-20T09:06:18,AC92212100,AC29190316,542.82,NEFT,normal
T007647,2026-09-20T09:06:39,AC21138017,AC43971558,1417.39,UPI,normal
T007648,2026-09-20T09:07:21,AC83589642,AC26421523,156.85,NEFT,normal
T007649,2026-09-20T09:07:38,AC13422671,AC67917877,1115.14,IMPS,normal
T007650,2026-09-20T09:08:56,AC43352343,AC39472579,154.70,IMPS,normal
T007651,2026-09-20T09:16:18,AC70025882,AC13757254,1229.00,IMPS,normal
T007652,2026-09-20T09:21:47,AC92306098,AC29190316,1035.41,UPI,normal
T007653,2026-09-20T09:24:32,AC82687908,AC26421523,1601.28,IMPS,normal
T007654,2026-09-20T09:25:21,AC19824854,AC50638453,398.90,UPI,normal
T007655,2026-09-20T09:26:23,AC86626738,AC22374072,890.60,UPI,normal
T007656,2026-09-20T09:45:47,AC53703122,AC30729474,582.45,NEFT,normal
T007657,2026-09-20T09:56:51,AC74477539,AC59117315,1154.12,UPI,normal
T007658,2026-09-20T10:02:41,AC34127884,AC38546741,596.84,IMPS,normal
T007659,2026-09-20T10:09:50,AC81232885,AC66978001,49900.00,UPI,normal
T007660,2026-09-20T10:10:56,AC16252221,AC12614954,128.40,NEFT,normal
T007661,2026-09-20T10:11:11,AC27580355,AC75399034,376.12,UPI,normal
T007662,2026-09-20T10:23:11,AC71230843,AC84363365,130.41,IMPS,normal
T007663,2026-09-20T10:29:01,AC82687908,AC42297987,1004.78,UPI,normal
T007664,2026-09-20T10:30:43,AC39673100,AC42297987,488.84,UPI,normal
T007665,2026-09-20T10:41:23,AC88220482,AC57864027,540.58,NEFT,normal
T007666,2026-09-20T10:45:35,AC74628898,AC79203339,433.12,UPI,normal
T007667,2026-09-20T10:51:58,AC66599395,AC86013032,222.00,IMPS,normal
T007668,2026-09-20T10:58:00,AC53753544,AC29190316,139.03,NEFT,normal
T007669,2026-09-20T11:00:40,AC47840101,AC19736972,38.76,NEFT,normal
T007670,2026-09-20T11:03:53,AC55987803,AC91907998,4461.00,UPI,normal
T007671,2026-09-20T11:05:13,AC29938108,AC12614954,705.50,NEFT,normal
T007672,2026-09-20T11:08:50,AC68224916,AC39472579,434.13,UPI,normal
T007673,2026-09-20T11:10:47,AC79358465,AC66542771,285.75,UPI,normal
T007674,2026-09-20T11:10:54,AC80490681,AC29190316,3732.14,NEFT,normal
T007675,2026-09-20T11:11:48,AC45265254,AC30729474,1728.52,UPI,normal
T007676,2026-09-20T11:13:43,AC20418044,AC66542771,1860.05,IMPS,normal
T007677,2026-09-20T11:17:44,AC27050801,AC59148289,1094.66,UPI,normal
T007678,2026-09-20T11:21:33,AC56100526,AC75399034,152.83,UPI,normal
T007679,2026-09-20T11:26:57,AC22562241,AC99635023,193.57,UPI,normal
T007680,2026-09-20T11:27:18,AC33131984,AC77330181,4109.00,UPI,normal
T007681,2026-09-20T11:28:32,AC18142912,AC39472579,188.99,IMPS,normal
T007682,2026-09-20T11:29:57,AC62472380,AC63453132,366.59,IMPS,normal
T007683,2026-09-20T11:33:59,AC79476293,AC99635023,3085.14,NEFT,normal
T007684,2026-09-20T11:36:52,AC67783637,AC50638453,180.71,UPI,normal
T007685,2026-09-20T11:38:25,AC24754327,AC39472579,447.60,UPI,normal
T007686,2026-09-20T11:41:00,AC22175294,AC99635023,191.54,UPI,normal
T007687,2026-09-20T11:50:20,AC56100526,AC72778440,303.14,UPI,normal
T007688,2026-09-20T11:50:42,AC33131984,AC43971558,760.06,UPI,normal
T007689,2026-09-20T11:51:44,AC34127884,AC38546741,877.59,UPI,normal
T007690,2026-09-20T11:52:16,AC57722796,AC39962626,353.00,NEFT,normal
T007691,2026-09-20T11:52:31,AC76140059,AC59148289,1110.03,UPI,normal
T007692,2026-09-20T11:56:52,AC76662562,AC26421523,1092.67,UPI,normal
T007693,2026-09-20T11:57:49,AC83061791,AC22215229,4250.00,UPI,normal
T007694,2026-09-20T11:59:22,AC57000147,AC52751778,191.13,UPI,normal
T007695,2026-09-20T12:16:01,AC82687908,AC63453132,273.34,UPI,normal
T007696,2026-09-20T12:19:12,AC32817504,AC79203339,541.22,UPI,normal
T007697,2026-09-20T12:21:27,AC48870700,AC59148289,347.63,UPI,normal
T007698,2026-09-20T12:26:08,AC70241505,AC47502921,4382.00,NEFT,normal
T007699,2026-09-20T12:30:07,AC24754327,AC99635023,473.08,UPI,normal
T007700,2026-09-20T12:33:06,AC39673100,AC31849997,865.70,IMPS,normal
T007701,2026-09-20T12:36:04,AC84903659,AC63453132,244.81,UPI,normal
T007702,2026-09-20T12:42:09,AC38816302,AC19736972,1221.85,NEFT,normal
T007703,2026-09-20T13:10:34,AC82687908,AC40026139,630.82,UPI,normal
T007704,2026-09-20T13:11:33,AC35676674,AC40026139,759.94,NEFT,normal
T007705,2026-09-20T13:12:20,AC66599395,AC72778440,263.10,IMPS,normal
T007706,2026-09-20T13:13:07,AC40432459,AC29190316,1798.30,UPI,normal
T007707,2026-09-20T13:14:01,AC71493326,AC19814103,907.60,NEFT,normal
T007708,2026-09-20T13:14:42,AC20418044,AC69340085,185.69,UPI,normal
T007709,2026-09-20T13:18:18,AC45046288,AC59148289,540.64,UPI,normal
T007710,2026-09-20T13:27:03,AC57484087,AC40026139,1033.91,UPI,normal
T007711,2026-09-20T13:33:52,AC32329304,AC23793831,870.00,UPI,normal
T007712,2026-09-20T13:34:49,AC63746500,AC59117315,1453.06,UPI,normal
T007713,2026-09-20T13:44:26,AC95421789,AC40026139,152.46,UPI,normal
T007714,2026-09-20T13:47:16,AC32420002,AC84363365,321.37,UPI,normal
T007715,2026-09-20T13:52:04,AC17912728,AC99635023,933.21,UPI,normal
T007716,2026-09-20T13:55:56,AC77264814,AC67917877,171.85,IMPS,normal
T007717,2026-09-20T13:56:26,AC30287103,AC29190316,112.81,UPI,normal
T007718,2026-09-20T13:57:49,AC26093192,AC22374072,207.57,UPI,normal
T007719,2026-09-20T14:01:43,AC33960779,AC30729474,1893.54,UPI,normal
T007720,2026-09-20T14:01:51,AC66230047,AC22374072,103.47,IMPS,normal
T007721,2026-09-20T14:04:05,AC20418044,AC63453132,1557.75,UPI,normal
T007722,2026-09-20T14:05:33,AC63778945,AC99635023,1047.00,UPI,normal
T007723,2026-09-20T14:07:28,AC79188088,AC31849997,1260.67,UPI,normal
T007724,2026-09-20T14:10:17,AC32329304,AC50638453,445.14,UPI,normal
T007725,2026-09-20T14:10:27,AC61780050,AC99635023,797.47,IMPS,normal
T007726,2026-09-20T14:11:57,AC85196458,AC30729474,295.75,UPI,normal
T007727,2026-09-20T14:17:59,AC30047826,AC59117315,666.54,IMPS,normal
T007728,2026-09-20T14:19:41,AC19437596,AC85748230,494.00,UPI,normal
T007729,2026-09-20T14:24:54,AC74239549,AC80263864,2473.00,NEFT,normal
T007730,2026-09-20T14:30:59,AC93760773,AC55515398,155.27,IMPS,normal
T007731,2026-09-20T14:31:16,AC51856109,AC67490644,2221.38,UPI,normal
T007732,2026-09-20T14:34:06,AC31667923,AC99855030,1771.61,UPI,normal
T007733,2026-09-20T14:34:43,AC59560375,AC55362865,707.39,UPI,normal
T007734,2026-09-20T14:43:32,AC43352343,AC21643368,3853.00,NEFT,normal
T007735,2026-09-20T14:45:43,AC81380338,AC96363470,824.57,UPI,normal
T007736,2026-09-20T14:46:26,AC43352343,AC69340085,1002.26,UPI,normal
T007737,2026-09-20T14:47:11,AC80881649,AC59148289,180.55,IMPS,normal
T007738,2026-09-20T14:48:02,AC16655764,AC42297987,106.43,IMPS,normal
T007739,2026-09-20T14:57:20,AC21527244,AC40026139,2779.74,UPI,normal
T007740,2026-09-20T15:00:23,AC22175294,AC52410090,1434.54,UPI,normal
T007741,2026-09-20T15:04:08,AC79571586,AC79203339,580.36,NEFT,normal
T007742,2026-09-20T15:07:04,AC84714297,AC43971558,1758.61,IMPS,normal
T007743,2026-09-20T15:08:59,AC91678821,AC30729474,1287.98,UPI,normal
T007744,2026-09-20T15:10:42,AC22633920,AC43971558,166.45,UPI,normal
T007745,2026-09-20T15:22:38,AC91733095,AC21138017,4953.00,UPI,normal
T007746,2026-09-20T15:25:50,AC91996233,AC72778440,1450.74,IMPS,normal
T007747,2026-09-20T15:30:43,AC53464097,AC55362865,529.69,UPI,normal
T007748,2026-09-20T15:31:49,AC89774974,AC29190316,905.35,NEFT,normal
T007749,2026-09-20T15:32:03,AC81924865,AC84363365,957.86,UPI,normal
T007750,2026-09-20T15:38:00,AC17933677,AC39472579,301.37,UPI,normal
T007751,2026-09-20T15:43:30,AC36832537,AC31849997,976.11,NEFT,normal
T007752,2026-09-20T15:58:15,AC36752197,AC99635023,935.01,NEFT,normal
T007753,2026-09-20T15:59:48,AC32329304,AC28422000,390.76,UPI,normal
T007754,2026-09-20T16:05:57,AC73093067,AC59117315,1682.45,UPI,normal
T007755,2026-09-20T16:06:13,AC37543491,AC96363470,547.47,UPI,normal
T007756,2026-09-20T16:06:49,AC13889649,AC30729474,415.97,UPI,normal
T007757,2026-09-20T16:12:15,AC24754327,AC50638453,537.62,UPI,normal
T007758,2026-09-20T16:15:19,AC91733095,AC64198427,775.79,UPI,normal
T007759,2026-09-20T16:15:51,AC40970943,AC42297987,1059.82,UPI,normal
T007760,2026-09-20T16:18:55,AC81576359,AC28422000,347.06,NEFT,normal
T007761,2026-09-20T16:19:01,AC86013032,AC81576359,948.00,UPI,normal
T007762,2026-09-20T16:19:47,AC86626738,AC79203339,261.52,IMPS,normal
T007763,2026-09-20T16:23:54,AC80881649,AC29190316,331.00,NEFT,normal
T007764,2026-09-20T16:26:30,AC29361589,AC40026139,216.03,UPI,normal
T007765,2026-09-20T16:27:37,AC55330357,AC39472579,120.53,UPI,normal
T007766,2026-09-20T16:27:52,AC31667923,AC99855030,1038.77,UPI,normal
T007767,2026-09-20T16:32:06,AC86626738,AC98618129,3161.52,UPI,normal
T007768,2026-09-20T16:33:08,AC98217056,AC31849997,1554.34,UPI,normal
T007769,2026-09-20T16:33:14,AC93760773,AC59117315,732.90,IMPS,normal
T007770,2026-09-20T16:39:38,AC86072408,AC29190316,445.46,IMPS,normal
T007771,2026-09-20T16:40:45,AC83960310,AC57864027,119.59,UPI,normal
T007772,2026-09-20T16:44:47,AC74477539,AC29190316,505.52,UPI,normal
T007773,2026-09-20T16:51:31,AC42301241,AC30729474,7322.55,NEFT,normal
T007774,2026-09-20T16:52:48,AC83517017,AC36272404,569.11,IMPS,normal
T007775,2026-09-20T16:59:32,AC92083983,AC36272404,1766.56,UPI,normal
T007776,2026-09-20T17:00:38,AC76140059,AC67490644,775.27,NEFT,normal
T007777,2026-09-20T17:01:54,AC83744576,AC67917877,936.35,IMPS,normal
T007778,2026-09-20T17:04:37,AC70825377,AC42297987,607.81,NEFT,normal
T007779,2026-09-20T17:06:43,AC76627625,AC40026139,467.24,UPI,normal
T007780,2026-09-20T17:18:23,AC40970943,AC40026139,1621.02,UPI,normal
T007781,2026-09-20T17:28:14,AC86910239,AC30729474,605.13,UPI,normal
T007782,2026-09-20T17:33:06,AC75090595,AC59117315,224.51,NEFT,normal
T007783,2026-09-20T17:40:31,AC37910936,AC84363365,592.61,UPI,normal
T007784,2026-09-20T17:44:15,AC84714297,AC55515398,1832.35,UPI,normal
T007785,2026-09-20T17:48:03,AC59982352,AC19736972,286.89,UPI,normal
T007786,2026-09-20T17:48:44,AC68224916,AC98618129,2608.41,UPI,normal
T007787,2026-09-20T17:51:06,AC32329304,AC55362865,75.81,UPI,normal
T007788,2026-09-20T17:53:01,AC26093192,AC30729474,233.72,UPI,normal
T007789,2026-09-20T17:55:51,AC98915866,AC59081935,2086.00,NEFT,normal
T007790,2026-09-20T18:02:50,AC83960310,AC31849997,2001.54,UPI,normal
T007791,2026-09-20T18:05:05,AC66599395,AC31671607,1473.85,IMPS,normal
T007792,2026-09-20T18:06:30,AC29619183,AC99635023,714.69,NEFT,normal
T007793,2026-09-20T18:10:06,AC79301246,AC30246633,2028.00,IMPS,normal
T007794,2026-09-20T18:13:34,AC23618316,AC31849997,1115.07,UPI,normal
T007795,2026-09-20T18:14:18,AC78524460,AC72778440,749.33,UPI,normal
T007796,2026-09-20T18:24:07,AC89774974,AC99635023,268.39,NEFT,normal
T007797,2026-09-20T18:24:54,AC57722796,AC38546741,1215.93,UPI,normal
T007798,2026-09-20T18:27:07,AC50008920,AC29190316,868.44,IMPS,normal
T007799,2026-09-20T18:31:24,AC47369042,AC59117315,437.82,UPI,normal
T007800,2026-09-20T18:31:44,AC27344259,AC79203339,1347.69,IMPS,normal
T007801,2026-09-20T18:33:07,AC39936146,AC63453132,1752.07,UPI,normal
T007802,2026-09-20T18:37:27,AC13749650,AC69340085,1222.31,IMPS,normal
T007803,2026-09-20T18:52:42,AC32420002,AC59117315,1048.09,UPI,normal
T007804,2026-09-20T18:53:00,AC33960779,AC99635023,559.58,UPI,normal
T007805,2026-09-20T18:56:27,AC43239798,AC84714297,3997.00,UPI,normal
T007806,2026-09-20T19:05:22,AC94212661,AC99635023,174.38,NEFT,normal
T007807,2026-09-20T19:05:25,AC83744576,AC98618129,803.14,IMPS,normal
T007808,2026-09-20T19:19:45,AC94641177,AC99635023,1730.36,UPI,normal
T007809,2026-09-20T19:24:22,AC17056578,AC39472579,510.16,UPI,normal
T007810,2026-09-20T19:25:18,AC12510524,AC30729474,1151.15,IMPS,normal
T007811,2026-09-20T19:30:56,AC29343122,AC84363365,2452.87,UPI,normal
T007812,2026-09-20T19:31:30,AC51403729,AC26421523,845.28,IMPS,normal
T007813,2026-09-20T19:36:25,AC45535068,AC40026139,445.29,UPI,normal
T007814,2026-09-20T19:39:11,AC30379134,AC19814103,538.46,UPI,normal
T007815,2026-09-20T19:40:12,AC43352343,AC23076910,1727.00,UPI,normal
T007816,2026-09-20T19:42:32,AC13028344,AC31849997,2581.66,UPI,normal
T007817,2026-09-20T19:42:56,AC63746500,AC31849997,471.35,UPI,normal
T007818,2026-09-20T19:47:12,AC86910239,AC98618129,748.28,UPI,normal
T007819,2026-09-20T19:58:48,AC10031310,AC19814103,2031.08,NEFT,normal
T007820,2026-09-20T19:59:14,AC55909953,AC52751778,335.85,NEFT,normal
T007821,2026-09-20T19:59:57,AC19824854,AC22374072,304.98,UPI,normal
T007822,2026-09-20T20:00:48,AC32420002,AC43343251,811.00,UPI,normal
T007823,2026-09-20T20:04:36,AC95149012,AC96363470,1536.00,NEFT,normal
T007824,2026-09-20T20:06:30,AC91354422,AC40026139,1380.22,NEFT,normal
T007825,2026-09-20T20:09:33,AC13629581,AC98618129,512.25,NEFT,normal
T007826,2026-09-20T20:14:04,AC53703122,AC40026139,601.52,UPI,normal
T007827,2026-09-20T20:26:33,AC39589952,AC40026139,353.67,NEFT,normal
T007828,2026-09-20T20:29:07,AC25716331,AC39472579,2234.39,UPI,normal
T007829,2026-09-20T20:31:53,AC25809806,AC29190316,354.93,NEFT,normal
T007830,2026-09-20T20:34:41,AC82023741,AC96363470,516.96,IMPS,normal
T007831,2026-09-20T20:36:57,AC23076910,AC84363365,491.97,UPI,normal
T007832,2026-09-20T20:38:20,AC17912728,AC98618129,560.69,UPI,normal
T007833,2026-09-20T20:46:01,AC48646352,AC40026139,157.32,UPI,normal
T007834,2026-09-20T20:53:21,AC13099855,AC26421523,1258.97,NEFT,normal
T007835,2026-09-20T21:09:21,AC80676511,AC29190316,421.46,UPI,normal
T007836,2026-09-20T21:11:26,AC12510524,AC22374072,425.43,IMPS,normal
T007837,2026-09-20T21:15:25,AC44811353,AC59148289,134.94,UPI,normal
T007838,2026-09-20T21:20:15,AC78710461,AC94641177,4809.00,UPI,normal
T007839,2026-09-20T21:31:29,AC92418944,AC69340085,310.64,UPI,normal
T007840,2026-09-20T21:35:50,AC78149300,AC38546741,855.50,NEFT,normal
T007841,2026-09-20T22:03:17,AC87457446,AC22633303,964.89,IMPS,normal
T007842,2026-09-20T22:06:02,AC72544046,AC52751778,841.81,NEFT,normal
T007843,2026-09-20T22:11:30,AC99686414,AC22633303,1013.59,IMPS,normal
T007844,2026-09-20T22:15:27,AC45046288,AC26421523,899.65,IMPS,normal
T007845,2026-09-20T22:22:47,AC19229206,AC87832216,2215.00,UPI,normal
T007846,2026-09-20T22:23:51,AC73632401,AC33131984,429.00,UPI,normal
T007847,2026-09-20T22:26:13,AC30306925,AC40026139,1771.75,IMPS,normal
T007848,2026-09-20T22:29:56,AC98115205,AC57864027,1012.48,NEFT,normal
T007849,2026-09-20T22:45:03,AC55650450,AC69340085,2046.80,UPI,normal
T007850,2026-09-20T22:45:22,AC27874421,AC99635023,198.28,UPI,normal
T007851,2026-09-20T22:45:23,AC38816302,AC63453132,791.61,NEFT,normal
T007852,2026-09-20T22:54:11,AC39287351,AC42297987,1021.08,UPI,normal
T007853,2026-09-20T22:58:01,AC17056578,AC98618129,286.60,UPI,normal
T007854,2026-09-21T07:01:48,AC48578460,AC29190316,2895.02,NEFT,normal
T007855,2026-09-21T07:03:51,AC77264814,AC29190316,617.96,IMPS,normal
T007856,2026-09-21T07:09:36,AC91847639,AC22374072,978.64,UPI,normal
T007857,2026-09-21T07:12:29,AC67783637,AC22374072,727.34,UPI,normal
T007858,2026-09-21T07:13:19,AC87097845,AC22374072,3274.17,UPI,normal
T007859,2026-09-21T07:14:06,AC62897893,AC55515398,221.24,UPI,normal
T007860,2026-09-21T07:17:31,AC54246886,AC19736972,904.79,NEFT,normal
T007861,2026-09-21T07:19:31,AC22633920,AC99635023,526.86,UPI,normal
T007862,2026-09-21T07:22:16,AC65740154,AC59148289,1582.61,IMPS,normal
T007863,2026-09-21T07:25:26,AC57722796,AC67490644,1110.39,UPI,normal
T007864,2026-09-21T07:31:51,AC23618316,AC43971558,827.27,IMPS,normal
T007865,2026-09-21T07:41:05,AC75627516,AC31849997,87.61,UPI,normal
T007866,2026-09-21T07:42:29,AC56625835,AC67917877,242.03,UPI,normal
T007867,2026-09-21T07:45:54,AC66230047,AC29190316,275.00,UPI,normal
T007868,2026-09-21T07:52:14,AC38816302,AC66542771,2627.37,NEFT,normal
T007869,2026-09-21T07:54:51,AC32329304,AC84363365,703.81,UPI,normal
T007870,2026-09-21T07:58:59,AC92891895,AC36272404,1126.43,UPI,normal
T007871,2026-09-21T08:04:59,AC57000147,AC73551145,109.00,IMPS,normal
T007872,2026-09-21T08:06:03,AC17246803,AC92891895,262.00,NEFT,normal
T007873,2026-09-21T08:12:16,AC70825377,AC99855030,1142.83,UPI,normal
T007874,2026-09-21T08:27:11,AC33651543,AC26421523,166.90,UPI,normal
T007875,2026-09-21T08:31:35,AC54246886,AC39472579,159.75,UPI,normal
T007876,2026-09-21T08:37:46,AC29343122,AC36272404,1255.78,UPI,normal
T007877,2026-09-21T08:40:25,AC75090595,AC50638453,2632.81,IMPS,normal
T007878,2026-09-21T08:42:45,AC97908110,AC29190316,353.14,IMPS,normal
T007879,2026-09-21T08:42:46,AC76262352,AC99635023,499.54,UPI,normal
T007880,2026-09-21T08:45:13,AC48870700,AC39472579,3277.50,UPI,normal
T007881,2026-09-21T08:45:15,AC85064182,AC67490644,367.26,IMPS,normal
T007882,2026-09-21T08:46:57,AC52110478,AC30729474,54.71,NEFT,normal
T007883,2026-09-21T08:48:59,AC18427393,AC19375836,4972.00,UPI,normal
T007884,2026-09-21T08:59:18,AC76140059,AC31671607,351.38,UPI,normal
T007885,2026-09-21T09:01:20,AC73093067,AC36763445,4915.00,IMPS,normal
T007886,2026-09-21T09:01:28,AC81380338,AC28422000,339.53,UPI,normal
T007887,2026-09-21T09:02:07,AC22633920,AC40026139,1698.78,IMPS,normal
T007888,2026-09-21T09:06:49,AC23741157,AC57864027,2078.41,NEFT,normal
T007889,2026-09-21T09:22:54,AC78149300,AC38546741,782.26,IMPS,normal
T007890,2026-09-21T09:24:19,AC16655764,AC29190316,929.43,UPI,normal
T007891,2026-09-21T09:24:37,AC82903368,AC99635023,1142.12,UPI,normal
T007892,2026-09-21T09:35:25,AC79188088,AC72778440,205.62,IMPS,normal
T007893,2026-09-21T09:37:30,AC86626738,AC55515398,395.16,UPI,normal
T007894,2026-09-21T09:47:31,AC78710461,AC76662562,218.00,UPI,normal
T007895,2026-09-21T09:49:47,AC27874421,AC29190316,1628.21,NEFT,normal
T007896,2026-09-21T09:49:49,AC89070818,AC42297987,650.93,IMPS,normal
T007897,2026-09-21T09:51:56,AC88248519,AC64198427,728.25,NEFT,normal
T007898,2026-09-21T09:52:21,AC18288654,AC69340085,621.83,NEFT,normal
T007899,2026-09-21T09:55:06,AC22175294,AC98618129,2228.22,NEFT,normal
T007900,2026-09-21T09:55:23,AC16655764,AC59117315,339.66,UPI,normal
T007901,2026-09-21T10:00:07,AC72164355,AC52751778,198.97,UPI,normal
T007902,2026-09-21T10:12:23,AC23793831,AC36272404,1132.64,UPI,normal
T007903,2026-09-21T10:14:29,AC95421789,AC72778440,562.92,UPI,normal
T007904,2026-09-21T10:17:10,AC24264840,AC84363365,154.65,IMPS,normal
T007905,2026-09-21T10:27:06,AC72164355,AC80901507,4926.00,UPI,normal
T007906,2026-09-21T10:32:22,AC16655764,AC39472579,169.93,UPI,normal
T007907,2026-09-21T10:33:42,AC34473646,AC59148289,239.88,UPI,normal
T007908,2026-09-21T10:35:28,AC94212661,AC55515398,1195.47,NEFT,normal
T007909,2026-09-21T10:47:27,AC23793831,AC96363470,388.33,IMPS,normal
T007910,2026-09-21T10:47:49,AC72458740,AC59148289,730.85,UPI,normal
T007911,2026-09-21T10:59:41,AC62664205,AC29190316,881.92,UPI,normal
T007912,2026-09-21T11:32:31,AC18427393,AC43971558,212.39,IMPS,normal
T007913,2026-09-21T11:44:21,AC23715389,AC28422000,2901.25,IMPS,normal
T007914,2026-09-21T11:45:14,AC72164355,AC99635023,130.46,UPI,normal
T007915,2026-09-21T11:45:27,AC84714297,AC19814103,917.26,UPI,normal
T007916,2026-09-21T11:50:39,AC58530762,AC30729474,529.50,UPI,normal
T007917,2026-09-21T11:57:36,AC96856164,AC39472579,791.35,UPI,normal
T007918,2026-09-21T12:05:45,AC37643310,AC40026139,333.90,UPI,normal
T007919,2026-09-21T12:07:08,AC57000147,AC40026139,501.66,UPI,normal
T007920,2026-09-21T12:14:34,AC47290936,AC40026139,551.39,IMPS,normal
T007921,2026-09-21T12:15:08,AC83061791,AC39472579,652.11,IMPS,normal
T007922,2026-09-21T12:19:23,AC34576324,AC96363470,365.08,UPI,normal
T007923,2026-09-21T12:21:19,AC69812891,AC99635023,147.94,UPI,normal
T007924,2026-09-21T12:25:11,AC63873226,AC55515398,295.60,NEFT,normal
T007925,2026-09-21T12:26:24,AC77264814,AC19814103,484.58,UPI,normal
T007926,2026-09-21T12:32:21,AC12510524,AC56100526,1822.00,UPI,normal
T007927,2026-09-21T12:32:33,AC71967692,AC19814103,308.78,UPI,normal
T007928,2026-09-21T12:35:36,AC79301246,AC96363470,2350.57,UPI,normal
T007929,2026-09-21T12:39:43,AC88710264,AC30729474,853.64,IMPS,normal
T007930,2026-09-21T12:40:14,AC78524460,AC36272404,1766.97,UPI,normal
T007931,2026-09-21T12:42:40,AC48646352,AC84363365,988.46,UPI,normal
T007932,2026-09-21T12:42:56,AC58940600,AC55515398,198.31,NEFT,normal
T007933,2026-09-21T12:49:32,AC95753514,AC17784483,4956.00,UPI,normal
T007934,2026-09-21T12:50:19,AC42762079,AC59117315,253.53,NEFT,normal
T007935,2026-09-21T12:55:45,AC26843185,AC72778440,743.06,UPI,normal
T007936,2026-09-21T13:06:23,AC83517017,AC40026139,1327.23,UPI,normal
T007937,2026-09-21T13:17:02,AC96319863,AC62662255,272.68,UPI,normal
T007938,2026-09-21T13:19:27,AC57030900,AC39472579,337.29,UPI,normal
T007939,2026-09-21T13:21:02,AC76140059,AC39472579,353.67,UPI,normal
T007940,2026-09-21T13:21:36,AC11619076,AC75399034,4086.76,UPI,normal
T007941,2026-09-21T13:26:01,AC92418944,AC18288654,2253.00,IMPS,normal
T007942,2026-09-21T13:29:47,AC58530762,AC96363470,633.41,NEFT,normal
T007943,2026-09-21T13:32:28,AC27874421,AC32140838,3531.00,IMPS,normal
T007944,2026-09-21T13:34:09,AC17784483,AC55362865,1102.05,NEFT,normal
T007945,2026-09-21T13:35:09,AC83960310,AC59148289,714.64,UPI,normal
T007946,2026-09-21T13:42:33,AC18142912,AC12614954,60.71,UPI,normal
T007947,2026-09-21T13:43:35,AC85394042,AC67490644,511.41,UPI,normal
T007948,2026-09-21T13:49:31,AC57000147,AC50638453,719.32,UPI,normal
T007949,2026-09-21T13:53:42,AC88061052,AC39472579,533.55,IMPS,normal
T007950,2026-09-21T13:56:16,AC70825377,AC29190316,265.95,IMPS,normal
T007951,2026-09-21T13:56:31,AC58802897,AC99635023,1197.23,IMPS,normal
T007952,2026-09-21T13:58:02,AC62472380,AC40026139,936.50,IMPS,normal
T007953,2026-09-21T13:58:10,AC92083983,AC99635023,1186.07,UPI,normal
T007954,2026-09-21T14:02:13,AC48646352,AC38546741,626.43,UPI,normal
T007955,2026-09-21T14:04:14,AC89070818,AC40026139,780.84,IMPS,normal
T007956,2026-09-21T14:04:50,AC37910936,AC22374072,2527.03,IMPS,normal
T007957,2026-09-21T14:13:31,AC17246803,AC28422000,1278.95,IMPS,normal
T007958,2026-09-21T14:14:14,AC16655764,AC59148289,81.34,UPI,normal
T007959,2026-09-21T14:15:31,AC33131984,AC55362865,1608.64,UPI,normal
T007960,2026-09-21T14:17:28,AC30399018,AC40026139,1830.21,NEFT,normal
T007961,2026-09-21T14:30:32,AC15663839,AC99635023,438.30,UPI,normal
T007962,2026-09-21T14:39:11,AC34256684,AC99635023,456.51,UPI,normal
T007963,2026-09-21T14:39:39,AC56208603,AC98618129,810.81,IMPS,normal
T007964,2026-09-21T14:42:07,AC13099855,AC42297987,3126.75,UPI,normal
T007965,2026-09-21T14:45:08,AC36763445,AC57030900,3611.00,UPI,normal
T007966,2026-09-21T14:47:43,AC27550747,AC63453132,409.77,NEFT,normal
T007967,2026-09-21T14:50:02,AC99141000,AC22374072,266.04,UPI,normal
T007968,2026-09-21T14:59:30,AC58553593,AC57864027,1484.55,UPI,normal
T007969,2026-09-21T15:01:10,AC46230636,AC99635023,1386.16,NEFT,normal
T007970,2026-09-21T15:01:16,AC90836544,AC27050801,980.00,NEFT,normal
T007971,2026-09-21T15:04:51,AC95132904,AC72778440,527.22,UPI,normal
T007972,2026-09-21T15:05:54,AC91678821,AC55362865,223.23,IMPS,normal
T007973,2026-09-21T15:08:28,AC34576324,AC40026139,608.87,NEFT,normal
T007974,2026-09-21T15:08:56,AC50298754,AC59148289,763.51,NEFT,normal
T007975,2026-09-21T15:10:11,AC30287103,AC99635023,446.68,NEFT,normal
T007976,2026-09-21T15:19:20,AC56911734,AC26421523,437.61,UPI,normal
T007977,2026-09-21T15:22:36,AC84688894,AC40026139,248.96,NEFT,normal
T007978,2026-09-21T15:30:47,AC66455770,AC40026139,285.77,NEFT,normal
T007979,2026-09-21T15:34:26,AC17056578,AC55515398,1187.45,UPI,normal
T007980,2026-09-21T15:34:31,AC17912728,AC22633303,216.52,NEFT,normal
T007981,2026-09-21T15:51:42,AC93760773,AC29190316,201.65,UPI,normal
T007982,2026-09-21T15:58:42,AC88220482,AC12614954,174.63,UPI,normal
T007983,2026-09-21T16:06:37,AC85201674,AC39472579,674.84,NEFT,normal
T007984,2026-09-21T16:07:41,AC29552354,AC98618129,328.68,UPI,normal
T007985,2026-09-21T16:12:53,AC80721337,AC30729474,1490.07,IMPS,normal
T007986,2026-09-21T16:13:46,AC96319863,AC30729474,1288.93,UPI,normal
T007987,2026-09-21T16:17:45,AC69139937,AC64198427,1097.17,UPI,normal
T007988,2026-09-21T16:23:20,AC32420002,AC63453132,322.89,UPI,normal
T007989,2026-09-21T16:25:38,AC17626596,AC40026139,1287.83,UPI,normal
T007990,2026-09-21T16:27:27,AC71967692,AC26421523,252.82,UPI,normal
T007991,2026-09-21T16:34:37,AC27874421,AC29190316,188.64,UPI,normal
T007992,2026-09-21T16:38:06,AC29361589,AC42297987,174.46,UPI,normal
T007993,2026-09-21T16:39:31,AC50008920,AC96363470,944.72,UPI,normal
T007994,2026-09-21T16:40:30,AC83744576,AC63453132,1124.73,NEFT,normal
T007995,2026-09-21T16:46:42,AC34473646,AC80490681,820.00,UPI,normal
T007996,2026-09-21T16:50:04,AC29676659,AC22633303,676.96,UPI,normal
T007997,2026-09-21T16:50:29,AC43234300,AC26421523,4011.24,IMPS,normal
T007998,2026-09-21T16:55:32,AC25846520,AC40026139,1033.12,UPI,normal
T007999,2026-09-21T17:00:19,AC79578048,AC72778440,298.37,IMPS,normal
T008000,2026-09-21T17:08:42,AC26487605,AC40026139,118.69,UPI,normal
T008001,2026-09-21T17:12:56,AC74160468,AC67490644,713.66,NEFT,normal
T008002,2026-09-21T17:15:25,AC75627516,AC67917877,286.22,UPI,normal
T008003,2026-09-21T17:19:39,AC13889649,AC30729474,514.56,UPI,normal
T008004,2026-09-21T17:20:05,AC65740154,AC30302435,3231.00,UPI,normal
T008005,2026-09-21T17:29:10,AC93760773,AC79203339,325.02,NEFT,normal
T008006,2026-09-21T17:29:40,AC78741149,AC30729474,413.67,UPI,normal
T008007,2026-09-21T17:37:29,AC74939188,AC84363365,1098.46,UPI,normal
T008008,2026-09-21T17:39:06,AC83270296,AC29190316,1390.78,UPI,normal
T008009,2026-09-21T17:39:28,AC17246803,AC69340085,312.72,UPI,normal
T008010,2026-09-21T17:45:36,AC13757254,AC72778440,754.04,UPI,normal
T008011,2026-09-21T17:48:06,AC75507385,AC64198427,124.50,IMPS,normal
T008012,2026-09-21T17:50:21,AC45046288,AC22633303,654.04,IMPS,normal
T008013,2026-09-21T17:50:36,AC90628248,AC29190316,1103.99,UPI,normal
T008014,2026-09-21T17:53:35,AC30926211,AC59117315,275.14,UPI,normal
T008015,2026-09-21T17:54:19,AC57484087,AC69340085,469.54,UPI,normal
T008016,2026-09-21T17:59:33,AC47840101,AC75399034,472.97,UPI,normal
T008017,2026-09-21T17:59:43,AC59217612,AC36272404,1797.51,UPI,normal
T008018,2026-09-21T18:00:37,AC83639904,AC52751778,188.14,UPI,normal
T008019,2026-09-21T18:01:13,AC45535068,AC84363365,2320.81,NEFT,normal
T008020,2026-09-21T18:01:50,AC74160468,AC74780629,3571.00,UPI,normal
T008021,2026-09-21T18:04:37,AC81483341,AC42297987,179.77,UPI,normal
T008022,2026-09-21T18:08:10,AC88295746,AC99635023,2560.48,IMPS,normal
T008023,2026-09-21T18:09:25,AC98217056,AC52751778,249.71,NEFT,normal
T008024,2026-09-21T18:19:04,AC18505221,AC42297987,5556.08,UPI,normal
T008025,2026-09-21T18:22:29,AC98027796,AC58802897,1696.00,UPI,normal
T008026,2026-09-21T18:22:58,AC18288654,AC84363365,1191.12,UPI,normal
T008027,2026-09-21T18:26:40,AC30379134,AC52751778,951.59,IMPS,normal
T008028,2026-09-21T18:27:16,AC13889649,AC67917877,391.20,UPI,normal
T008029,2026-09-21T18:50:48,AC19722233,AC43971558,552.48,UPI,normal
T008030,2026-09-21T18:52:34,AC79358465,AC72778440,571.70,IMPS,normal
T008031,2026-09-21T18:57:51,AC27359750,AC40026139,535.99,UPI,normal
T008032,2026-09-21T18:59:12,AC23715389,AC42297987,890.58,IMPS,normal
T008033,2026-09-21T19:07:45,AC13629581,AC99635023,513.56,UPI,normal
T008034,2026-09-21T19:14:27,AC91996233,AC55362865,1202.71,NEFT,normal
T008035,2026-09-21T19:18:57,AC93094361,AC40026139,2178.56,UPI,normal
T008036,2026-09-21T19:19:22,AC18174466,AC43971558,378.70,UPI,normal
T008037,2026-09-21T19:25:19,AC45046288,AC55362865,1281.14,UPI,normal
T008038,2026-09-21T19:28:30,AC18354761,AC73705589,750000.00,IMPS,layering
T008039,2026-09-21T19:29:20,AC80224010,AC75399034,744.63,UPI,normal
T008040,2026-09-21T19:36:27,AC55909953,AC12614954,1289.17,NEFT,normal
T008041,2026-09-21T19:38:23,AC55987803,AC40026139,176.99,UPI,normal
T008042,2026-09-21T19:39:12,AC36832537,AC29190316,2051.39,UPI,normal
T008043,2026-09-21T19:40:49,AC73382988,AC96363470,446.56,UPI,normal
T008044,2026-09-21T19:41:05,AC73667109,AC98618129,1674.10,UPI,normal
T008045,2026-09-21T19:41:52,AC73382988,AC22633303,1267.66,UPI,normal
T008046,2026-09-21T19:42:19,AC46230636,AC30729474,295.50,UPI,normal
T008047,2026-09-21T19:44:51,AC78106871,AC66542771,388.97,IMPS,normal
T008048,2026-09-21T19:47:24,AC66599395,AC39673100,3405.00,NEFT,normal
T008049,2026-09-21T19:54:33,AC81366283,AC79203339,809.99,UPI,normal
T008050,2026-09-21T19:56:05,AC87097845,AC42297987,232.47,IMPS,normal
T008051,2026-09-21T19:59:39,AC85196458,AC62662255,854.51,UPI,normal
T008052,2026-09-21T20:02:00,AC15663839,AC19814103,339.84,UPI,normal
T008053,2026-09-21T20:04:44,AC39287351,AC55362865,600.15,UPI,normal
T008054,2026-09-21T20:06:01,AC77264814,AC40026139,693.77,IMPS,normal
T008055,2026-09-21T20:10:28,AC84688894,AC53753544,3825.00,UPI,normal
T008056,2026-09-21T20:15:18,AC28999723,AC29190316,1404.85,NEFT,normal
T008057,2026-09-21T20:19:26,AC40970943,AC98618129,1942.28,UPI,normal
T008058,2026-09-21T20:24:49,AC73639532,AC43971558,2042.28,UPI,normal
T008059,2026-09-21T20:26:10,AC17933677,AC55362865,163.53,NEFT,normal
T008060,2026-09-21T20:26:13,AC63907779,AC39472579,959.61,UPI,normal
T008061,2026-09-21T20:33:40,AC25716331,AC67490644,1039.13,UPI,normal
T008062,2026-09-21T20:36:28,AC41317839,AC40026139,1755.71,IMPS,normal
T008063,2026-09-21T20:38:12,AC81483341,AC40026139,2046.39,UPI,normal
T008064,2026-09-21T20:44:30,AC98915866,AC36272404,361.92,UPI,normal
T008065,2026-09-21T20:45:34,AC85064182,AC50638453,846.27,UPI,normal
T008066,2026-09-21T20:48:37,AC59982352,AC31849997,372.28,NEFT,normal
T008067,2026-09-21T20:54:59,AC83639904,AC99855030,1663.31,UPI,normal
T008068,2026-09-21T20:57:09,AC37430528,AC40026139,3528.04,IMPS,normal
T008069,2026-09-21T20:58:42,AC36832537,AC63453132,780.94,NEFT,normal
T008070,2026-09-21T20:59:14,AC80676511,AC12614954,400.76,IMPS,normal
T008071,2026-09-21T21:06:47,AC25846520,AC26421523,434.94,UPI,normal
T008072,2026-09-21T21:14:29,AC74160468,AC66255890,1661.00,UPI,normal
T008073,2026-09-21T21:14:38,AC23119148,AC30729474,1724.48,IMPS,normal
T008074,2026-09-21T21:17:21,AC27359750,AC99635023,397.94,UPI,normal
T008075,2026-09-21T21:26:19,AC77854192,AC39472579,1148.79,UPI,normal
T008076,2026-09-21T21:27:41,AC66230047,AC79203339,373.45,UPI,normal
T008077,2026-09-21T21:32:42,AC71967692,AC22374072,449.27,IMPS,normal
T008078,2026-09-21T21:33:22,AC19375836,AC99635023,949.51,UPI,normal
T008079,2026-09-21T21:35:31,AC58553593,AC40026139,210.19,IMPS,normal
T008080,2026-09-21T21:45:57,AC77330181,AC42297987,2080.21,UPI,normal
T008081,2026-09-21T21:50:00,AC41132723,AC40026139,75.12,UPI,normal
T008082,2026-09-21T21:52:46,AC74939188,AC40026139,1013.82,UPI,normal
T008083,2026-09-21T21:59:27,AC38558820,AC67390467,427.00,UPI,normal
T008084,2026-09-21T22:02:59,AC57000147,AC99635023,310.11,IMPS,normal
T008085,2026-09-21T22:04:33,AC87457446,AC59148289,491.21,UPI,normal
T008086,2026-09-21T22:20:08,AC73705589,AC47437199,733790.00,IMPS,layering
T008087,2026-09-21T22:30:26,AC18724149,AC52410090,148.18,IMPS,normal
T008088,2026-09-21T22:38:24,AC18302983,AC69340085,251.22,UPI,normal
T008089,2026-09-21T22:39:29,AC46230636,AC75399034,865.82,UPI,normal
T008090,2026-09-21T22:45:27,AC10031310,AC40026139,866.71,IMPS,normal
T008091,2026-09-21T22:47:51,AC76453392,AC47167180,2781.00,NEFT,normal
T008092,2026-09-21T22:50:26,AC84550146,AC39472579,1458.20,UPI,normal
T008093,2026-09-21T22:54:54,AC43800696,AC52410090,218.96,UPI,normal
T008094,2026-09-22T01:09:42,AC47437199,AC77479842,717330.00,NEFT,layering
T008095,2026-09-22T02:59:14,AC77479842,AC98049228,711372.00,NEFT,layering
T008096,2026-09-22T06:35:43,AC98049228,AC36975086,706220.00,IMPS,layering
T008097,2026-09-22T07:02:24,AC47203213,AC29190316,216.02,UPI,normal
T008098,2026-09-22T07:04:47,AC20418044,AC54492893,499.00,UPI,normal
T008099,2026-09-22T07:10:04,AC85201674,AC63453132,1368.32,UPI,normal
T008100,2026-09-22T07:15:20,AC20986393,AC59148289,844.77,NEFT,normal
T008101,2026-09-22T07:16:00,AC99686414,AC43971558,1188.39,IMPS,normal
T008102,2026-09-22T07:25:34,AC36975086,AC43310074,697608.00,IMPS,layering
T008103,2026-09-22T07:28:11,AC63907779,AC29190316,484.69,NEFT,normal
T008104,2026-09-22T07:30:55,AC80901507,AC55362865,1429.45,UPI,normal
T008105,2026-09-22T07:31:10,AC12871813,AC19814103,1567.68,UPI,normal
T008106,2026-09-22T07:32:09,AC36192056,AC28422000,190.09,UPI,normal
T008107,2026-09-22T07:57:27,AC45535068,AC72778440,650.86,UPI,normal
T008108,2026-09-22T07:59:22,AC58877189,AC29190316,2619.75,UPI,normal
T008109,2026-09-22T08:02:40,AC78106871,AC40026139,1531.00,NEFT,normal
T008110,2026-09-22T08:18:10,AC30379134,AC98618129,414.37,NEFT,normal
T008111,2026-09-22T08:23:27,AC98662305,AC52410090,1197.55,UPI,normal
T008112,2026-09-22T08:24:30,AC81380338,AC99635023,1612.10,UPI,normal
T008113,2026-09-22T08:26:49,AC88710264,AC43857462,845.00,UPI,normal
T008114,2026-09-22T08:26:57,AC23715389,AC12614954,238.88,UPI,normal
T008115,2026-09-22T08:27:36,AC81576359,AC55987803,973.00,UPI,normal
T008116,2026-09-22T08:29:44,AC40432459,AC50638453,225.73,UPI,normal
T008117,2026-09-22T08:36:11,AC53464097,AC59117315,458.53,NEFT,normal
T008118,2026-09-22T08:36:38,AC36192056,AC31849997,2076.68,UPI,normal
T008119,2026-09-22T08:38:36,AC78710461,AC28422000,1191.74,UPI,normal
T008120,2026-09-22T08:39:16,AC88710264,AC29190316,705.85,UPI,normal
T008121,2026-09-22T08:43:52,AC85064182,AC63453132,320.46,UPI,normal
T008122,2026-09-22T08:46:49,AC30246633,AC59148289,801.35,UPI,normal
T008123,2026-09-22T08:49:48,AC63428001,AC55515398,424.16,IMPS,normal
T008124,2026-09-22T08:51:18,AC49321318,AC55362865,244.09,NEFT,normal
T008125,2026-09-22T08:59:00,AC58530762,AC40026139,2003.31,NEFT,normal
T008126,2026-09-22T09:04:04,AC71967692,AC66542771,1211.97,UPI,normal
T008127,2026-09-22T09:11:23,AC81380338,AC84363365,143.47,UPI,normal
T008128,2026-09-22T09:12:04,AC75507385,AC40026139,1828.56,UPI,normal
T008129,2026-09-22T09:15:04,AC92306098,AC40026139,3360.93,UPI,normal
T008130,2026-09-22T09:17:31,AC13422671,AC64198427,374.48,UPI,normal
T008131,2026-09-22T09:25:20,AC27874421,AC37643310,2388.00,UPI,normal
T008132,2026-09-22T09:26:57,AC98027796,AC54492893,499.00,UPI,normal
T008133,2026-09-22T09:29:42,AC93082061,AC38546741,1276.71,UPI,normal
T008134,2026-09-22T09:34:40,AC40446731,AC22633303,710.74,UPI,normal
T008135,2026-09-22T09:40:30,AC57000147,AC79203339,1588.40,NEFT,normal
T008136,2026-09-22T09:40:54,AC62472380,AC99635023,1134.11,UPI,normal
T008137,2026-09-22T09:53:56,AC26093192,AC59148289,1095.54,IMPS,normal
T008138,2026-09-22T09:54:27,AC74160468,AC30729474,831.41,IMPS,normal
T008139,2026-09-22T09:56:52,AC75507385,AC42297987,90.16,UPI,normal
T008140,2026-09-22T09:59:56,AC99141000,AC29190316,735.13,NEFT,normal
T008141,2026-09-22T10:03:51,AC74239549,AC38546741,643.55,NEFT,normal
T008142,2026-09-22T10:05:12,AC56625835,AC30729474,1664.68,UPI,normal
T008143,2026-09-22T10:07:06,AC80490681,AC28422000,140.77,UPI,normal
T008144,2026-09-22T10:12:33,AC13740078,AC42297987,4172.91,IMPS,normal
T008145,2026-09-22T10:16:54,AC50298754,AC99635023,1008.64,UPI,normal
T008146,2026-09-22T10:18:15,AC43857462,AC59117315,1350.08,UPI,normal
T008147,2026-09-22T10:27:02,AC75090595,AC63453132,387.50,IMPS,normal
T008148,2026-09-22T10:29:36,AC10527808,AC84363365,2172.62,NEFT,normal
T008149,2026-09-22T10:35:47,AC92306098,AC55515398,1493.31,UPI,normal
T008150,2026-09-22T10:50:45,AC77264814,AC84363365,1074.54,IMPS,normal
T008151,2026-09-22T10:56:46,AC32420002,AC55362865,63.15,UPI,normal
T008152,2026-09-22T11:01:29,AC74353833,AC54492893,499.00,UPI,normal
T008153,2026-09-22T11:06:16,AC52164119,AC59148289,545.44,UPI,normal
T008154,2026-09-22T11:17:00,AC23715389,AC62662255,342.96,UPI,normal
T008155,2026-09-22T11:19:53,AC76627625,AC73093067,1357.00,UPI,normal
T008156,2026-09-22T11:26:42,AC16480894,AC42297987,1372.90,IMPS,normal
T008157,2026-09-22T11:29:00,AC69491792,AC73632401,4682.00,UPI,normal
T008158,2026-09-22T11:30:43,AC32329304,AC40026139,766.90,NEFT,normal
T008159,2026-09-22T11:36:05,AC18505221,AC40026139,1795.69,UPI,normal
T008160,2026-09-22T11:38:27,AC96856164,AC29190316,2198.41,IMPS,normal
T008161,2026-09-22T11:50:25,AC37543491,AC19814103,644.05,UPI,normal
T008162,2026-09-22T11:59:49,AC81380338,AC99635023,182.44,NEFT,normal
T008163,2026-09-22T12:01:19,AC55641228,AC26421523,198.56,UPI,normal
T008164,2026-09-22T12:04:41,AC50298754,AC31849997,4556.93,NEFT,normal
T008165,2026-09-22T12:05:16,AC26616417,AC19814103,935.13,NEFT,normal
T008166,2026-09-22T12:14:02,AC13422671,AC63453132,109.64,UPI,normal
T008167,2026-09-22T12:27:25,AC12510524,AC31849997,927.37,NEFT,normal
T008168,2026-09-22T12:29:00,AC70241505,AC67917877,1329.97,IMPS,normal
T008169,2026-09-22T12:29:46,AC88220482,AC59148289,794.16,NEFT,normal
T008170,2026-09-22T12:35:59,AC59081935,AC30729474,1042.94,IMPS,normal
T008171,2026-09-22T12:36:11,AC36146343,AC84363365,434.91,IMPS,normal
T008172,2026-09-22T12:36:22,AC81232885,AC63453132,7108.39,NEFT,normal
T008173,2026-09-22T12:57:41,AC38019720,AC28422000,545.20,UPI,normal
T008174,2026-09-22T13:16:52,AC22633920,AC84363365,329.57,UPI,normal
T008175,2026-09-22T13:43:09,AC67783637,AC36272404,249.17,UPI,normal
T008176,2026-09-22T13:45:24,AC32817504,AC84363365,518.49,UPI,normal
T008177,2026-09-22T13:50:34,AC21378775,AC39472579,1401.45,UPI,normal
T008178,2026-09-22T13:51:42,AC75627516,AC30729474,1348.48,NEFT,normal
T008179,2026-09-22T13:58:02,AC70025882,AC64198427,260.84,UPI,normal
T008180,2026-09-22T14:04:45,AC83744576,AC84363365,446.87,NEFT,normal
T008181,2026-09-22T14:05:13,AC86072408,AC96363470,705.83,NEFT,normal
T008182,2026-09-22T14:09:03,AC63778945,AC29190316,411.82,UPI,normal
T008183,2026-09-22T14:11:13,AC97641229,AC26616417,1989.00,UPI,normal
T008184,2026-09-22T14:12:04,AC61780050,AC75399034,822.26,UPI,normal
T008185,2026-09-22T14:20:21,AC96290869,AC30729474,560.52,UPI,normal
T008186,2026-09-22T14:20:26,AC86626738,AC83061791,4863.00,IMPS,normal
T008187,2026-09-22T14:20:30,AC48870700,AC26421523,397.47,IMPS,normal
T008188,2026-09-22T14:25:05,AC66119495,AC75399034,1246.16,NEFT,normal
T008189,2026-09-22T14:25:30,AC75507385,AC63453132,662.29,IMPS,normal
T008190,2026-09-22T14:26:54,AC30256261,AC98618129,2319.28,UPI,normal
T008191,2026-09-22T14:26:59,AC53752583,AC39472579,602.19,UPI,normal
T008192,2026-09-22T14:30:57,AC57484087,AC99855030,226.90,UPI,normal
T008193,2026-09-22T14:31:17,AC30399018,AC54492893,499.00,UPI,normal
T008194,2026-09-22T14:33:19,AC33651543,AC99635023,183.09,UPI,normal
T008195,2026-09-22T14:44:31,AC30106149,AC52751778,254.03,IMPS,normal
T008196,2026-09-22T14:50:29,AC71230843,AC42297987,246.61,IMPS,normal
T008197,2026-09-22T14:52:11,AC69812891,AC26421523,155.76,UPI,normal
T008198,2026-09-22T14:53:30,AC80901507,AC66542771,2711.70,IMPS,normal
T008199,2026-09-22T14:56:15,AC81380338,AC19814103,2735.62,UPI,normal
T008200,2026-09-22T15:02:49,AC34127884,AC66542771,649.31,UPI,normal
T008201,2026-09-22T15:03:24,AC13749650,AC99635023,474.16,UPI,normal
T008202,2026-09-22T15:08:42,AC47840101,AC29190316,758.77,IMPS,normal
T008203,2026-09-22T15:12:26,AC35583179,AC36272404,720.41,UPI,normal
T008204,2026-09-22T15:13:06,AC36832537,AC79203339,1588.66,NEFT,normal
T008205,2026-09-22T15:19:52,AC12510524,AC83061791,149.00,UPI,normal
T008206,2026-09-22T15:21:49,AC50234045,AC67490644,432.04,UPI,normal
T008207,2026-09-22T15:27:52,AC75090595,AC59148289,906.21,IMPS,normal
T008208,2026-09-22T15:28:37,AC57000147,AC79203339,1195.74,NEFT,normal
T008209,2026-09-22T15:29:24,AC38816302,AC19814103,491.19,UPI,normal
T008210,2026-09-22T15:33:11,AC85394042,AC26421523,905.51,UPI,normal
T008211,2026-09-22T15:33:12,AC76262352,AC69340085,829.88,IMPS,normal
T008212,2026-09-22T15:34:26,AC52110478,AC63128543,290.00,UPI,normal
T008213,2026-09-22T15:35:05,AC49321318,AC96363470,2004.00,NEFT,normal
T008214,2026-09-22T15:38:02,AC82687908,AC26421523,323.18,UPI,normal
T008215,2026-09-22T15:42:11,AC39936146,AC42297987,218.36,UPI,normal
T008216,2026-09-22T15:45:15,AC48870700,AC19736972,764.48,UPI,normal
T008217,2026-09-22T15:52:29,AC46230636,AC40026139,270.38,UPI,normal
T008218,2026-09-22T15:52:32,AC74160468,AC84363365,1044.31,UPI,normal
T008219,2026-09-22T15:52:55,AC52164119,AC22374072,437.01,UPI,normal
T008220,2026-09-22T15:55:27,AC45046288,AC38546741,371.16,UPI,normal
T008221,2026-09-22T15:56:00,AC63404922,AC22374072,1443.66,UPI,normal
T008222,2026-09-22T15:59:40,AC75090595,AC40026139,1484.14,IMPS,normal
T008223,2026-09-22T16:05:09,AC67783637,AC99635023,191.32,NEFT,normal
T008224,2026-09-22T16:05:13,AC72492024,AC99635023,93.71,UPI,normal
T008225,2026-09-22T16:07:22,AC39902737,AC22374072,633.30,NEFT,normal
T008226,2026-09-22T16:10:13,AC48870700,AC28422000,2107.60,IMPS,normal
T008227,2026-09-22T16:10:53,AC66238912,AC75399034,128.40,IMPS,normal
T008228,2026-09-22T16:17:05,AC56171824,AC79203339,486.37,NEFT,normal
T008229,2026-09-22T16:17:13,AC98217056,AC59117315,369.15,UPI,normal
T008230,2026-09-22T16:19:55,AC13028344,AC52410090,1015.72,UPI,normal
T008231,2026-09-22T16:21:54,AC52164119,AC40026139,1488.52,NEFT,normal
T008232,2026-09-22T16:24:10,AC43239798,AC62662255,610.63,NEFT,normal
T008233,2026-09-22T16:38:06,AC19229206,AC40026139,3791.30,UPI,normal
T008234,2026-09-22T16:39:32,AC32817504,AC39472579,293.49,UPI,normal
T008235,2026-09-22T16:46:21,AC78710461,AC50638453,346.02,IMPS,normal
T008236,2026-09-22T16:46:44,AC18505221,AC59148289,389.47,UPI,normal
T008237,2026-09-22T16:47:48,AC36763445,AC63453132,589.15,IMPS,normal
T008238,2026-09-22T16:59:37,AC56100526,AC77264814,208.00,UPI,normal
T008239,2026-09-22T17:05:28,AC78144218,AC40026139,1726.04,UPI,normal
T008240,2026-09-22T17:06:44,AC51856109,AC29190316,294.58,UPI,normal
T008241,2026-09-22T17:09:59,AC44970682,AC19736972,834.56,UPI,normal
T008242,2026-09-22T17:18:01,AC61061966,AC30729474,795.13,IMPS,normal
T008243,2026-09-22T17:21:27,AC21378775,AC40026139,330.72,IMPS,normal
T008244,2026-09-22T17:26:14,AC58802897,AC31849997,2701.22,NEFT,normal
T008245,2026-09-22T17:26:20,AC83960310,AC59148289,571.71,IMPS,normal
T008246,2026-09-22T17:31:44,AC39962626,AC59117315,1100.32,UPI,normal
T008247,2026-09-22T17:32:24,AC39287351,AC28422000,4284.88,UPI,normal
T008248,2026-09-22T17:35:39,AC69812891,AC69340085,1940.38,UPI,normal
T008249,2026-09-22T17:35:51,AC38325623,AC39472579,5140.24,NEFT,normal
T008250,2026-09-22T17:40:53,AC47167180,AC64198427,814.78,UPI,normal
T008251,2026-09-22T17:44:40,AC91733095,AC42297987,736.37,UPI,normal
T008252,2026-09-22T17:53:01,AC82569631,AC29190316,325.98,UPI,normal
T008253,2026-09-22T17:54:20,AC95153029,AC31849997,324.39,IMPS,normal
T008254,2026-09-22T17:54:27,AC88592782,AC54492893,499.00,UPI,normal
T008255,2026-09-22T18:04:35,AC76640001,AC29190316,860.82,UPI,normal
T008256,2026-09-22T18:05:11,AC51554798,AC52751778,2004.71,UPI,normal
T008257,2026-09-22T18:09:18,AC57000147,AC29190316,238.90,IMPS,normal
T008258,2026-09-22T18:16:13,AC98027796,AC81232885,4489.00,UPI,normal
T008259,2026-09-22T18:23:15,AC50234045,AC59117315,2878.50,UPI,normal
T008260,2026-09-22T18:28:27,AC96290869,AC67917877,388.48,UPI,normal
T008261,2026-09-22T18:35:22,AC74160948,AC30729474,685.74,UPI,normal
T008262,2026-09-22T18:35:31,AC98384612,AC36272404,1269.72,UPI,normal
T008263,2026-09-22T18:38:48,AC83061791,AC62662255,331.19,UPI,normal
T008264,2026-09-22T18:44:30,AC53703122,AC26421523,2319.92,UPI,normal
T008265,2026-09-22T18:49:25,AC72458740,AC59148289,1439.89,NEFT,normal
T008266,2026-09-22T18:54:24,AC16655764,AC40026139,741.45,UPI,normal
T008267,2026-09-22T18:59:12,AC17912728,AC74477539,2200.00,UPI,normal
T008268,2026-09-22T19:06:34,AC74160468,AC55515398,1028.28,UPI,normal
T008269,2026-09-22T19:07:14,AC79571586,AC29190316,1559.33,UPI,normal
T008270,2026-09-22T19:08:46,AC26093192,AC64198427,636.53,NEFT,normal
T008271,2026-09-22T19:18:50,AC81232885,AC99635023,3557.55,UPI,normal
T008272,2026-09-22T19:38:32,AC95132904,AC55362865,1706.76,IMPS,normal
T008273,2026-09-22T19:40:18,AC80881649,AC52410090,317.38,UPI,normal
T008274,2026-09-22T19:44:35,AC66238912,AC62662255,1375.07,NEFT,normal
T008275,2026-09-22T19:52:12,AC47369042,AC99635023,754.94,UPI,normal
T008276,2026-09-22T19:56:37,AC21535642,AC39472579,405.02,NEFT,normal
T008277,2026-09-22T19:57:02,AC68202938,AC42297987,576.30,UPI,normal
T008278,2026-09-22T20:00:08,AC25809806,AC28422000,739.36,NEFT,normal
T008279,2026-09-22T20:00:19,AC30287103,AC26421523,1064.08,NEFT,normal
T008280,2026-09-22T20:03:19,AC21535642,AC12614954,1611.97,UPI,normal
T008281,2026-09-22T20:13:31,AC51554798,AC29190316,451.85,UPI,normal
T008282,2026-09-22T20:15:00,AC91996233,AC26421523,276.23,IMPS,normal
T008283,2026-09-22T20:18:51,AC56100526,AC29190316,318.72,UPI,normal
T008284,2026-09-22T20:21:56,AC39902737,AC12614954,2588.37,IMPS,normal
T008285,2026-09-22T20:22:21,AC53752583,AC39472579,1513.61,UPI,normal
T008286,2026-09-22T20:28:35,AC23076910,AC26421523,672.43,NEFT,normal
T008287,2026-09-22T20:36:57,AC92374421,AC99635023,4181.65,IMPS,normal
T008288,2026-09-22T20:40:31,AC63428001,AC36272404,92.30,UPI,normal
T008289,2026-09-22T20:45:43,AC28999723,AC72778440,690.00,UPI,normal
T008290,2026-09-22T20:45:47,AC26616417,AC99635023,1561.75,UPI,normal
T008291,2026-09-22T20:49:17,AC59560375,AC40026139,308.76,UPI,normal
T008292,2026-09-22T20:50:23,AC55909953,AC99635023,199.76,UPI,normal
T008293,2026-09-22T21:03:13,AC26843185,AC39472579,522.13,IMPS,normal
T008294,2026-09-22T21:06:49,AC96856164,AC59117315,717.41,IMPS,normal
T008295,2026-09-22T21:20:42,AC58940600,AC64198427,343.16,NEFT,normal
T008296,2026-09-22T21:20:47,AC56171824,AC62662255,265.87,UPI,normal
T008297,2026-09-22T21:20:51,AC99686414,AC30729474,881.01,NEFT,normal
T008298,2026-09-22T21:22:32,AC80224010,AC30287103,408.00,UPI,normal
T008299,2026-09-22T21:25:34,AC29938108,AC36272404,1975.99,UPI,normal
T008300,2026-09-22T21:29:20,AC86665755,AC29190316,361.27,UPI,normal
T008301,2026-09-22T21:29:44,AC47840101,AC44841887,471.00,IMPS,normal
T008302,2026-09-22T21:30:32,AC63428001,AC69340085,332.10,UPI,normal
T008303,2026-09-22T21:36:00,AC95153029,AC99635023,175.73,IMPS,normal
T008304,2026-09-22T21:36:56,AC98662305,AC63453132,1177.11,UPI,normal
T008305,2026-09-22T21:37:26,AC52164119,AC39472579,766.04,IMPS,normal
T008306,2026-09-22T21:45:45,AC67783637,AC75399034,599.40,NEFT,normal
T008307,2026-09-22T21:58:06,AC62148384,AC42297987,7454.25,NEFT,normal
T008308,2026-09-22T22:04:37,AC65740154,AC52751778,389.11,IMPS,normal
T008309,2026-09-22T22:06:17,AC22215229,AC30729474,567.01,UPI,normal
T008310,2026-09-22T22:11:50,AC67783637,AC99635023,1173.01,NEFT,normal
T008311,2026-09-22T22:14:37,AC18174466,AC72778440,714.96,UPI,normal
T008312,2026-09-22T22:19:13,AC32140838,AC96363470,703.30,UPI,normal
T008313,2026-09-22T22:22:40,AC31667923,AC79203339,1777.10,NEFT,normal
T008314,2026-09-22T22:27:20,AC80224010,AC43971558,500.23,NEFT,normal
T008315,2026-09-22T22:29:29,AC91996233,AC29190316,2250.63,NEFT,normal
T008316,2026-09-22T22:29:56,AC79571586,AC31849997,95.77,UPI,normal
T008317,2026-09-22T22:33:10,AC25482486,AC54492893,499.00,UPI,normal
T008318,2026-09-22T22:35:11,AC80224010,AC42297987,787.96,IMPS,normal
T008319,2026-09-22T22:46:25,AC66255890,AC52410090,905.39,IMPS,normal
T008320,2026-09-22T22:47:38,AC84688894,AC29190316,2489.12,IMPS,normal
T008321,2026-09-22T22:59:31,AC78106871,AC38546741,501.12,NEFT,normal
T008322,2026-09-22T22:59:43,AC36752197,AC30729474,195.87,IMPS,normal
T008323,2026-09-23T07:03:21,AC63873226,AC62662255,598.99,UPI,normal
T008324,2026-09-23T07:06:02,AC51554798,AC75399034,771.10,UPI,normal
T008325,2026-09-23T07:08:13,AC90628248,AC39472579,3786.96,NEFT,normal
T008326,2026-09-23T07:10:07,AC56625835,AC40026139,991.96,NEFT,normal
T008327,2026-09-23T07:10:08,AC60496650,AC58553593,2348.00,NEFT,normal
T008328,2026-09-23T07:12:35,AC54629703,AC75399034,2924.22,NEFT,normal
T008329,2026-09-23T07:14:11,AC34473646,AC84363365,3991.08,NEFT,normal
T008330,2026-09-23T07:16:13,AC13629581,AC22633303,675.10,NEFT,normal
T008331,2026-09-23T07:28:39,AC56574257,AC30729474,5928.58,NEFT,normal
T008332,2026-09-23T07:31:48,AC93082061,AC19229206,1993.00,NEFT,normal
T008333,2026-09-23T07:37:51,AC88061052,AC99635023,406.41,NEFT,normal
T008334,2026-09-23T07:43:50,AC83744576,AC99635023,241.37,NEFT,normal
T008335,2026-09-23T07:45:26,AC97255749,AC57864027,563.75,NEFT,normal
T008336,2026-09-23T07:55:01,AC25809806,AC99635023,4476.06,UPI,normal
T008337,2026-09-23T07:57:14,AC94641177,AC54492893,499.00,UPI,normal
T008338,2026-09-23T07:58:46,AC58553593,AC22374072,769.73,UPI,normal
T008339,2026-09-23T07:58:50,AC43800696,AC19814103,922.98,UPI,normal
T008340,2026-09-23T08:04:22,AC88061052,AC38546741,791.48,UPI,normal
T008341,2026-09-23T08:05:04,AC48870700,AC19814103,1831.07,UPI,normal
T008342,2026-09-23T08:14:53,AC81366283,AC72778440,764.96,UPI,normal
T008343,2026-09-23T08:16:14,AC57709585,AC36272404,613.97,UPI,normal
T008344,2026-09-23T08:18:20,AC85394042,AC29190316,1091.30,NEFT,normal
T008345,2026-09-23T08:21:19,AC73382988,AC54492893,499.00,UPI,normal
T008346,2026-09-23T08:22:40,AC69812891,AC99635023,1308.27,UPI,normal
T008347,2026-09-23T08:30:38,AC47203213,AC67917877,942.37,UPI,normal
T008348,2026-09-23T08:33:07,AC96319863,AC99635023,1091.48,UPI,normal
T008349,2026-09-23T08:34:34,AC86626738,AC55362865,477.44,NEFT,normal
T008350,2026-09-23T08:35:25,AC27874421,AC75399034,228.06,UPI,normal
T008351,2026-09-23T08:37:44,AC82687908,AC66542771,2585.36,IMPS,normal
T008352,2026-09-23T08:38:03,AC85196458,AC28422000,675.05,NEFT,normal
T008353,2026-09-23T08:40:49,AC19375836,AC40026139,10839.22,UPI,normal
T008354,2026-09-23T08:46:14,AC17933677,AC64198427,211.82,IMPS,normal
T008355,2026-09-23T08:47:53,AC43352343,AC99855030,877.61,UPI,normal
T008356,2026-09-23T08:54:16,AC82687908,AC39472579,570.68,UPI,normal
T008357,2026-09-23T08:58:41,AC22562241,AC99635023,965.05,UPI,normal
T008358,2026-09-23T08:59:55,AC51856109,AC67917877,803.39,IMPS,normal
T008359,2026-09-23T09:13:17,AC74239549,AC67917877,1622.49,UPI,normal
T008360,2026-09-23T09:16:51,AC38558820,AC69340085,2423.35,IMPS,normal
T008361,2026-09-23T09:22:41,AC85196458,AC40026139,558.62,UPI,normal
T008362,2026-09-23T09:24:39,AC35583179,AC39472579,1019.24,NEFT,normal
T008363,2026-09-23T09:24:39,AC85893910,AC63453132,573.22,NEFT,normal
T008364,2026-09-23T09:32:08,AC77470852,AC30729474,358.12,IMPS,normal
T008365,2026-09-23T09:32:40,AC84550146,AC67490644,5821.68,UPI,normal
T008366,2026-09-23T09:40:52,AC47840101,AC42297987,636.78,IMPS,normal
T008367,2026-09-23T09:41:25,AC34576324,AC42297987,316.23,NEFT,normal
T008368,2026-09-23T09:43:23,AC23618316,AC99855030,3886.63,UPI,normal
T008369,2026-09-23T09:44:11,AC55330357,AC30729474,1345.26,NEFT,normal
T008370,2026-09-23T09:46:49,AC75090595,AC63907779,2286.00,NEFT,normal
T008371,2026-09-23T09:48:37,AC53753544,AC76640001,1740.00,IMPS,normal
T008372,2026-09-23T09:56:33,AC58153450,AC28422000,472.97,NEFT,normal
T008373,2026-09-23T10:05:44,AC27050801,AC39472579,65.67,UPI,normal
T008374,2026-09-23T10:13:40,AC20809644,AC66542771,975.83,UPI,normal
T008375,2026-09-23T10:19:12,AC85201674,AC67490644,625.64,UPI,normal
T008376,2026-09-23T10:20:16,AC17056578,AC84363365,601.70,IMPS,normal
T008377,2026-09-23T10:25:03,AC48646352,AC92212100,4976.00,IMPS,normal
T008378,2026-09-23T10:25:58,AC25482486,AC40026139,380.22,NEFT,normal
T008379,2026-09-23T10:32:05,AC61780050,AC67917877,105.25,UPI,normal
T008380,2026-09-23T10:32:37,AC33651543,AC99635023,767.13,IMPS,normal
T008381,2026-09-23T10:33:25,AC80263864,AC31671607,424.13,UPI,normal
T008382,2026-09-23T10:39:13,AC80676511,AC55515398,2248.80,IMPS,normal
T008383,2026-09-23T10:43:12,AC70690025,AC31849997,712.54,UPI,normal
T008384,2026-09-23T10:49:53,AC26151306,AC42297987,2028.22,IMPS,normal
T008385,2026-09-23T10:55:27,AC43800696,AC99635023,410.68,NEFT,normal
T008386,2026-09-23T10:59:06,AC98915866,AC29190316,2402.29,UPI,normal
T008387,2026-09-23T11:02:27,AC38325623,AC39472579,1428.73,IMPS,normal
T008388,2026-09-23T11:07:20,AC24754327,AC40026139,1430.55,UPI,normal
T008389,2026-09-23T11:12:41,AC82903368,AC39472579,396.70,IMPS,normal
T008390,2026-09-23T11:16:18,AC63128543,AC59148289,372.53,NEFT,normal
T008391,2026-09-23T11:21:52,AC35583179,AC29190316,1158.36,UPI,normal
T008392,2026-09-23T11:23:26,AC82687908,AC84363365,874.73,UPI,normal
T008393,2026-09-23T11:30:39,AC47369042,AC72778440,1155.27,NEFT,normal
T008394,2026-09-23T11:32:40,AC57030900,AC54492893,499.00,UPI,normal
T008395,2026-09-23T11:33:35,AC86013032,AC42297987,1901.43,IMPS,normal
T008396,2026-09-23T11:37:37,AC23076910,AC62992312,1995.00,UPI,normal
T008397,2026-09-23T11:42:05,AC86013032,AC26421523,609.06,NEFT,normal
T008398,2026-09-23T11:42:21,AC76627625,AC99635023,576.03,UPI,normal
T008399,2026-09-23T11:44:08,AC88295746,AC84363365,660.86,UPI,normal
T008400,2026-09-23T11:46:03,AC96319863,AC98618129,75.04,UPI,normal
T008401,2026-09-23T11:53:33,AC49321318,AC63453132,849.21,UPI,normal
T008402,2026-09-23T12:10:24,AC43857462,AC40026139,1101.52,IMPS,normal
T008403,2026-09-23T12:12:04,AC74939188,AC59117315,1747.97,UPI,normal
T008404,2026-09-23T12:13:25,AC89070818,AC52410090,374.25,IMPS,normal
T008405,2026-09-23T12:22:31,AC19229206,AC40026139,455.55,NEFT,normal
T008406,2026-09-23T12:45:27,AC56625835,AC99855030,196.10,IMPS,normal
T008407,2026-09-23T12:58:11,AC83589642,AC59117315,172.91,UPI,normal
T008408,2026-09-23T13:05:34,AC51403729,AC54492893,499.00,UPI,normal
T008409,2026-09-23T13:06:20,AC87457446,AC40026139,358.14,UPI,normal
T008410,2026-09-23T13:11:33,AC97641229,AC26421523,1702.42,IMPS,normal
T008411,2026-09-23T13:12:10,AC97908110,AC33131984,2407.00,UPI,normal
T008412,2026-09-23T13:20:25,AC69072565,AC52751778,185.07,NEFT,normal
T008413,2026-09-23T13:22:24,AC43343251,AC30729474,804.52,UPI,normal
T008414,2026-09-23T13:25:43,AC34127884,AC63453132,801.20,UPI,normal
T008415,2026-09-23T13:26:04,AC20418044,AC40026139,752.90,UPI,normal
T008416,2026-09-23T13:27:38,AC78106871,AC75627516,2036.00,IMPS,normal
T008417,2026-09-23T13:36:56,AC56911734,AC64198427,446.18,UPI,normal
T008418,2026-09-23T13:38:53,AC27550747,AC29190316,1506.94,UPI,normal
T008419,2026-09-23T13:40:17,AC89976351,AC28422000,1005.82,UPI,normal
T008420,2026-09-23T13:44:40,AC18288654,AC54492893,499.00,UPI,normal
T008421,2026-09-23T13:46:05,AC17626596,AC19814103,1463.56,UPI,normal
T008422,2026-09-23T13:46:36,AC42301241,AC62662255,803.83,UPI,normal
T008423,2026-09-23T13:54:11,AC91733095,AC52751778,222.71,UPI,normal
T008424,2026-09-23T13:56:35,AC21378775,AC30729474,654.26,UPI,normal
T008425,2026-09-23T13:58:51,AC75507385,AC40026139,1972.54,UPI,normal
T008426,2026-09-23T14:01:12,AC50008920,AC62662255,324.08,IMPS,normal
T008427,2026-09-23T14:03:43,AC76140059,AC79203339,706.10,IMPS,normal
T008428,2026-09-23T14:08:12,AC37430528,AC25846520,4243.00,NEFT,normal
T008429,2026-09-23T14:09:03,AC76662562,AC26421523,2633.00,UPI,normal
T008430,2026-09-23T14:10:18,AC70690025,AC54492893,499.00,UPI,normal
T008431,2026-09-23T14:12:44,AC55987803,AC40026139,895.44,UPI,normal
T008432,2026-09-23T14:18:37,AC21378775,AC52751778,540.24,IMPS,normal
T008433,2026-09-23T14:21:21,AC74939188,AC40026139,1785.02,UPI,normal
T008434,2026-09-23T14:27:52,AC80263864,AC39472579,921.54,UPI,normal
T008435,2026-09-23T14:33:44,AC19229206,AC84363365,224.99,UPI,normal
T008436,2026-09-23T14:34:57,AC58553593,AC22374072,563.15,UPI,normal
T008437,2026-09-23T14:36:09,AC54246886,AC67917877,1511.57,NEFT,normal
T008438,2026-09-23T14:38:23,AC63550032,AC40026139,139.54,IMPS,normal
T008439,2026-09-23T14:47:21,AC83517017,AC40026139,67.92,UPI,normal
T008440,2026-09-23T14:47:47,AC45150991,AC52751778,244.11,UPI,normal
T008441,2026-09-23T14:49:04,AC99745048,AC40026139,197.73,IMPS,normal
T008442,2026-09-23T14:54:14,AC48870700,AC84363365,1465.31,NEFT,normal
T008443,2026-09-23T14:59:01,AC43343251,AC19736972,221.33,UPI,normal
T008444,2026-09-23T15:01:34,AC66119495,AC55362865,1019.03,UPI,normal
T008445,2026-09-23T15:04:24,AC84714297,AC22633303,326.65,UPI,normal
T008446,2026-09-23T15:06:22,AC88295746,AC29190316,618.81,IMPS,normal
T008447,2026-09-23T15:07:05,AC18174466,AC36272404,214.66,IMPS,normal
T008448,2026-09-23T15:07:49,AC26616417,AC40026139,2546.90,NEFT,normal
T008449,2026-09-23T15:09:40,AC44811353,AC59148289,1527.99,UPI,normal
T008450,2026-09-23T15:10:19,AC61780050,AC40026139,321.32,UPI,normal
T008451,2026-09-23T15:15:13,AC89976351,AC12614954,414.19,IMPS,normal
T008452,2026-09-23T15:17:11,AC85394042,AC43971558,2053.08,IMPS,normal
T008453,2026-09-23T15:25:54,AC53752583,AC36272404,644.33,UPI,normal
T008454,2026-09-23T15:33:56,AC25716331,AC36272404,342.06,NEFT,normal
T008455,2026-09-23T15:37:27,AC95753514,AC61061966,745.00,IMPS,normal
T008456,2026-09-23T15:41:29,AC48646352,AC99635023,1170.97,UPI,normal
T008457,2026-09-23T15:44:21,AC63907779,AC67490644,1679.34,UPI,normal
T008458,2026-09-23T15:48:11,AC68224916,AC72778440,152.56,UPI,normal
T008459,2026-09-23T15:48:40,AC33651543,AC29190316,1315.38,NEFT,normal
T008460,2026-09-23T15:57:12,AC23741157,AC96363470,1068.63,UPI,normal
T008461,2026-09-23T16:03:37,AC59982352,AC22374072,420.09,NEFT,normal
T008462,2026-09-23T16:04:06,AC45535068,AC96363470,350.37,NEFT,normal
T008463,2026-09-23T16:09:40,AC17784483,AC40026139,872.06,UPI,normal
T008464,2026-09-23T16:12:18,AC32140838,AC81576359,4673.00,UPI,normal
T008465,2026-09-23T16:14:12,AC43239798,AC55515398,899.93,IMPS,normal
T008466,2026-09-23T16:15:26,AC13757254,AC30729474,351.84,NEFT,normal
T008467,2026-09-23T16:16:14,AC17056578,AC85201674,4171.00,UPI,normal
T008468,2026-09-23T16:28:20,AC32555071,AC59117315,53.50,IMPS,normal
T008469,2026-09-23T16:30:21,AC47369042,AC42297987,374.03,IMPS,normal
T008470,2026-09-23T16:42:33,AC39902737,AC26421523,1766.07,UPI,normal
T008471,2026-09-23T16:42:51,AC25716331,AC47840101,4567.00,UPI,normal
T008472,2026-09-23T16:50:48,AC98384612,AC39472579,589.03,UPI,normal
T008473,2026-09-23T16:58:05,AC76453392,AC52751778,501.40,IMPS,normal
T008474,2026-09-23T17:00:08,AC63778945,AC79203339,875.98,NEFT,normal
T008475,2026-09-23T17:04:03,AC39936146,AC40026139,565.36,UPI,normal
T008476,2026-09-23T17:06:14,AC32140838,AC40026139,2041.68,UPI,normal
T008477,2026-09-23T17:10:59,AC59081935,AC30306925,3362.00,IMPS,normal
T008478,2026-09-23T17:14:31,AC25716331,AC57864027,433.78,UPI,normal
T008479,2026-09-23T17:14:37,AC83639904,AC59117315,553.38,NEFT,normal
T008480,2026-09-23T17:15:12,AC85748230,AC39472579,331.90,NEFT,normal
T008481,2026-09-23T17:16:00,AC32329304,AC40026139,445.69,UPI,normal
T008482,2026-09-23T17:22:28,AC79301246,AC54492893,499.00,UPI,normal
T008483,2026-09-23T17:22:32,AC43234300,AC55515398,510.26,UPI,normal
T008484,2026-09-23T17:26:11,AC74939188,AC26421523,277.20,UPI,normal
T008485,2026-09-23T17:28:25,AC69491792,AC22374072,1309.99,NEFT,normal
T008486,2026-09-23T17:28:36,AC70690025,AC30729474,1209.93,UPI,normal
T008487,2026-09-23T17:31:22,AC74939188,AC99635023,593.41,UPI,normal
T008488,2026-09-23T17:33:55,AC25482486,AC57000147,1862.00,NEFT,normal
T008489,2026-09-23T17:40:58,AC15262308,AC59148289,344.63,UPI,normal
T008490,2026-09-23T17:44:13,AC83589642,AC59117315,454.39,UPI,normal
T008491,2026-09-23T17:49:49,AC33651543,AC99635023,763.32,UPI,normal
T008492,2026-09-23T17:58:48,AC58530762,AC54492893,499.00,UPI,normal
T008493,2026-09-23T18:04:05,AC18288654,AC99635023,310.88,UPI,normal
T008494,2026-09-23T18:13:47,AC47203213,AC69340085,710.87,UPI,normal
T008495,2026-09-23T18:17:13,AC81366283,AC59148289,1495.05,UPI,normal
T008496,2026-09-23T18:22:30,AC78710461,AC30729474,2668.08,UPI,normal
T008497,2026-09-23T18:24:24,AC27592411,AC67490644,3185.90,UPI,normal
T008498,2026-09-23T18:29:11,AC20815439,AC55515398,282.45,NEFT,normal
T008499,2026-09-23T18:29:56,AC94641177,AC99855030,620.36,UPI,normal
T008500,2026-09-23T18:30:53,AC17056578,AC99635023,826.45,UPI,normal
T008501,2026-09-23T18:30:55,AC57484087,AC24754327,2036.00,UPI,normal
T008502,2026-09-23T18:40:23,AC83639904,AC40026139,1206.96,UPI,normal
T008503,2026-09-23T18:41:06,AC18174466,AC75507385,1910.00,UPI,normal
T008504,2026-09-23T18:43:20,AC83849218,AC29190316,622.25,UPI,normal
T008505,2026-09-23T18:51:30,AC39902737,AC29190316,1495.29,IMPS,normal
T008506,2026-09-23T18:54:32,AC22562241,AC29190316,1362.92,UPI,normal
T008507,2026-09-23T18:54:51,AC74758310,AC99635023,764.45,UPI,normal
T008508,2026-09-23T18:55:04,AC91354422,AC42297987,1717.99,UPI,normal
T008509,2026-09-23T18:57:24,AC69139937,AC99635023,476.61,UPI,normal
T008510,2026-09-23T19:03:45,AC57709585,AC84363365,1110.02,IMPS,normal
T008511,2026-09-23T19:05:34,AC83960310,AC87097845,3533.00,UPI,normal
T008512,2026-09-23T19:07:08,AC33960779,AC72778440,507.16,UPI,normal
T008513,2026-09-23T19:07:20,AC25716331,AC54492893,499.00,UPI,normal
T008514,2026-09-23T19:25:17,AC13889649,AC40026139,773.83,UPI,normal
T008515,2026-09-23T19:27:51,AC21138017,AC29190316,1357.66,UPI,normal
T008516,2026-09-23T19:30:59,AC16252221,AC19814103,444.85,UPI,normal
T008517,2026-09-23T19:34:58,AC17721077,AC62662255,794.82,UPI,normal
T008518,2026-09-23T19:36:08,AC50298754,AC38546741,378.63,IMPS,normal
T008519,2026-09-23T19:37:21,AC15262308,AC19814103,188.80,IMPS,normal
T008520,2026-09-23T19:46:06,AC40432459,AC22633303,714.33,IMPS,normal
T008521,2026-09-23T19:48:14,AC58530762,AC79203339,3232.56,UPI,normal
T008522,2026-09-23T19:50:41,AC25846520,AC99635023,429.97,IMPS,normal
T008523,2026-09-23T19:52:15,AC73632401,AC36272404,534.35,UPI,normal
T008524,2026-09-23T19:54:43,AC84903659,AC26421523,435.07,UPI,normal
T008525,2026-09-23T19:55:31,AC63428001,AC39472579,1885.02,IMPS,normal
T008526,2026-09-23T19:59:10,AC18505221,AC99635023,547.96,UPI,normal
T008527,2026-09-23T19:59:50,AC94212661,AC67490644,485.33,UPI,normal
T008528,2026-09-23T20:06:54,AC25846520,AC96363470,1424.75,IMPS,normal
T008529,2026-09-23T20:09:11,AC80901507,AC67917877,2945.66,UPI,normal
T008530,2026-09-23T20:11:20,AC50298754,AC72778440,131.13,IMPS,normal
T008531,2026-09-23T20:13:49,AC29938108,AC96363470,1480.67,NEFT,normal
T008532,2026-09-23T20:14:35,AC60496650,AC69340085,320.70,UPI,normal
T008533,2026-09-23T20:20:03,AC62472380,AC30729474,626.59,UPI,normal
T008534,2026-09-23T20:22:00,AC28689916,AC52410090,186.10,UPI,normal
T008535,2026-09-23T20:22:48,AC42301241,AC38546741,682.03,UPI,normal
T008536,2026-09-23T20:22:52,AC42974546,AC22374072,1348.77,UPI,normal
T008537,2026-09-23T20:27:21,AC20815439,AC22374072,177.19,UPI,normal
T008538,2026-09-23T20:30:54,AC38558820,AC38546741,335.40,UPI,normal
T008539,2026-09-23T20:33:34,AC87832216,AC84363365,190.12,UPI,normal
T008540,2026-09-23T20:36:31,AC23793831,AC59148289,922.21,NEFT,normal
T008541,2026-09-23T20:43:16,AC24241764,AC39472579,1220.77,IMPS,normal
T008542,2026-09-23T20:49:22,AC73667109,AC19814103,2190.29,UPI,normal
T008543,2026-09-23T20:53:48,AC32420002,AC40026139,1753.39,UPI,normal
T008544,2026-09-23T20:58:17,AC13749650,AC39472579,1700.03,UPI,normal
T008545,2026-09-23T21:02:50,AC30256261,AC30729474,1044.53,UPI,normal
T008546,2026-09-23T21:20:55,AC36192056,AC28422000,635.64,UPI,normal
T008547,2026-09-23T21:23:35,AC39962626,AC92212100,3610.00,UPI,normal
T008548,2026-09-23T21:24:50,AC91733095,AC50008920,1612.00,UPI,normal
T008549,2026-09-23T21:25:44,AC30926211,AC55515398,336.95,UPI,normal
T008550,2026-09-23T21:40:15,AC31321298,AC42297987,348.38,IMPS,normal
T008551,2026-09-23T21:48:42,AC60496650,AC64198427,1932.35,NEFT,normal
T008552,2026-09-23T21:52:48,AC80881649,AC99855030,484.16,UPI,normal
T008553,2026-09-23T21:52:52,AC85064182,AC12614954,265.17,UPI,normal
T008554,2026-09-23T21:58:41,AC22633920,AC72164355,3772.00,UPI,normal
T008555,2026-09-23T21:59:45,AC92306098,AC72778440,1086.54,IMPS,normal
T008556,2026-09-23T22:01:45,AC90836544,AC35215622,4480.00,UPI,normal
T008557,2026-09-23T22:07:57,AC59081935,AC98618129,626.87,UPI,normal
T008558,2026-09-23T22:08:18,AC34576324,AC54629703,3148.00,UPI,normal
T008559,2026-09-23T22:10:07,AC73093067,AC52751778,597.56,IMPS,normal
T008560,2026-09-23T22:12:00,AC83639904,AC29190316,737.80,UPI,normal
T008561,2026-09-23T22:15:52,AC18288654,AC42297987,1720.84,NEFT,normal
T008562,2026-09-23T22:21:13,AC26487605,AC38546741,590.98,UPI,normal
T008563,2026-09-23T22:25:20,AC93760773,AC99635023,399.30,UPI,normal
T008564,2026-09-23T22:25:33,AC66255890,AC99855030,268.10,IMPS,normal
T008565,2026-09-23T22:27:21,AC34473646,AC69340085,348.05,UPI,normal
T008566,2026-09-23T22:32:56,AC59217612,AC36272404,1813.05,IMPS,normal
T008567,2026-09-23T22:45:47,AC58553593,AC51403729,959.00,NEFT,normal
T008568,2026-09-23T22:47:03,AC38019720,AC99635023,3375.33,UPI,normal
T008569,2026-09-23T22:50:55,AC93760773,AC43971558,3201.47,NEFT,normal
T008570,2026-09-23T22:57:57,AC99686414,AC39472579,867.40,IMPS,normal
T008571,2026-09-24T07:00:32,AC81751584,AC39472579,743.56,UPI,normal
T008572,2026-09-24T07:01:02,AC97908110,AC94212661,3529.00,NEFT,normal
T008573,2026-09-24T07:18:25,AC93082061,AC22374072,514.12,IMPS,normal
T008574,2026-09-24T07:19:21,AC62148384,AC62662255,1167.26,UPI,normal
T008575,2026-09-24T07:23:19,AC96856164,AC39472579,1509.90,IMPS,normal
T008576,2026-09-24T07:23:56,AC52164119,AC99635023,875.42,UPI,normal
T008577,2026-09-24T07:23:57,AC27874421,AC98618129,5066.35,NEFT,normal
T008578,2026-09-24T07:24:38,AC70690025,AC39472579,251.33,UPI,normal
T008579,2026-09-24T07:32:33,AC35215622,AC99745048,936.00,IMPS,normal
T008580,2026-09-24T07:57:23,AC59560375,AC59148289,237.72,UPI,normal
T008581,2026-09-24T07:57:47,AC81483341,AC59148289,647.12,UPI,normal
T008582,2026-09-24T08:00:11,AC95341298,AC66542771,341.44,NEFT,normal
T008583,2026-09-24T08:00:56,AC57740731,AC31849997,1061.10,UPI,normal
T008584,2026-09-24T08:08:16,AC41132723,AC66542771,347.07,UPI,normal
T008585,2026-09-24T08:11:01,AC66119495,AC99635023,460.85,UPI,normal
T008586,2026-09-24T08:13:01,AC56171824,AC67490644,579.16,UPI,normal
T008587,2026-09-24T08:21:14,AC72458740,AC83849218,2222.00,UPI,normal
T008588,2026-09-24T08:21:56,AC37430528,AC76627625,4813.00,UPI,normal
T008589,2026-09-24T08:30:56,AC13028344,AC12614954,339.66,UPI,normal
T008590,2026-09-24T08:41:20,AC13740078,AC18505221,2297.00,NEFT,normal
T008591,2026-09-24T08:43:34,AC76640001,AC72778440,558.72,UPI,normal
T008592,2026-09-24T08:48:56,AC22562241,AC84363365,1337.32,UPI,normal
T008593,2026-09-24T08:52:10,AC94212661,AC52751778,175.65,NEFT,normal
T008594,2026-09-24T08:56:23,AC63428001,AC99635023,5717.91,NEFT,normal
T008595,2026-09-24T09:02:14,AC50298754,AC19814103,1364.70,NEFT,normal
T008596,2026-09-24T09:08:24,AC56208603,AC22374072,615.84,UPI,normal
T008597,2026-09-24T09:09:30,AC95421789,AC42297987,680.89,NEFT,normal
T008598,2026-09-24T09:16:20,AC16252221,AC52751778,526.60,UPI,normal
T008599,2026-09-24T09:22:30,AC81576359,AC38325623,3794.00,NEFT,normal
T008600,2026-09-24T09:30:14,AC63778945,AC52410090,284.21,UPI,normal
T008601,2026-09-24T09:30:20,AC13099855,AC30729474,570.47,UPI,normal
T008602,2026-09-24T09:30:28,AC30379134,AC96363470,434.11,UPI,normal
T008603,2026-09-24T09:30:54,AC21138017,AC31849997,582.25,UPI,normal
T008604,2026-09-24T09:44:57,AC58802897,AC26421523,1662.90,UPI,normal
T008605,2026-09-24T09:45:28,AC36763445,AC81380338,3757.00,NEFT,normal
T008606,2026-09-24T09:47:47,AC21397668,AC40026139,1770.04,IMPS,normal
T008607,2026-09-24T09:50:18,AC23618316,AC19814103,2316.19,UPI,normal
T008608,2026-09-24T09:54:35,AC40446731,AC26421523,214.32,NEFT,normal
T008609,2026-09-24T09:55:01,AC60496650,AC80676511,824.00,UPI,normal
T008610,2026-09-24T10:04:42,AC84903659,AC98618129,667.86,IMPS,normal
T008611,2026-09-24T10:09:56,AC62992312,AC63453132,609.01,UPI,normal
T008612,2026-09-24T10:16:51,AC58153450,AC99635023,1144.47,UPI,normal
T008613,2026-09-24T10:20:26,AC13028344,AC64198427,1407.11,IMPS,normal
T008614,2026-09-24T10:23:49,AC52110478,AC12614954,1072.36,UPI,normal
T008615,2026-09-24T10:24:32,AC36752197,AC55362865,373.74,UPI,normal
T008616,2026-09-24T10:25:20,AC17933677,AC27592411,3771.00,UPI,normal
T008617,2026-09-24T10:25:33,AC63241552,AC98618129,966.80,UPI,normal
T008618,2026-09-24T10:27:53,AC41132723,AC63453132,1090.28,IMPS,normal
T008619,2026-09-24T10:33:36,AC78524460,AC30729474,1416.64,NEFT,normal
T008620,2026-09-24T10:34:46,AC29361589,AC99635023,205.68,IMPS,normal
T008621,2026-09-24T10:45:10,AC88061052,AC12614954,2917.72,NEFT,normal
T008622,2026-09-24T10:52:33,AC30379134,AC40026139,821.08,IMPS,normal
T008623,2026-09-24T10:56:23,AC81751584,AC55515398,1113.49,UPI,normal
T008624,2026-09-24T10:57:16,AC40432459,AC52751778,2225.65,IMPS,normal
T008625,2026-09-24T10:59:55,AC28377915,AC69340085,1205.40,UPI,normal
T008626,2026-09-24T11:00:49,AC21535642,AC29190316,1700.74,NEFT,normal
T008627,2026-09-24T11:01:00,AC13740078,AC99635023,1228.32,NEFT,normal
T008628,2026-09-24T11:04:30,AC25846520,AC62662255,939.29,UPI,normal
T008629,2026-09-24T11:04:43,AC89976351,AC66542771,2038.64,UPI,normal
T008630,2026-09-24T11:06:38,AC84550146,AC52751778,209.95,UPI,normal
T008631,2026-09-24T11:09:28,AC97197858,AC72778440,119.84,UPI,normal
T008632,2026-09-24T11:15:54,AC74160468,AC29190316,271.19,NEFT,normal
T008633,2026-09-24T11:16:54,AC84903659,AC55362865,124.25,UPI,normal
T008634,2026-09-24T11:18:41,AC38558820,AC55515398,2098.12,UPI,normal
T008635,2026-09-24T11:21:47,AC81380338,AC29190316,602.46,UPI,normal
T008636,2026-09-24T11:26:38,AC40970943,AC62662255,439.17,UPI,normal
T008637,2026-09-24T11:34:04,AC56911734,AC84363365,438.38,UPI,normal
T008638,2026-09-24T11:34:42,AC77264814,AC22374072,259.83,UPI,normal
T008639,2026-09-24T11:34:55,AC70288912,AC79203339,2187.86,UPI,normal
T008640,2026-09-24T11:35:15,AC43857462,AC38546741,1178.22,UPI,normal
T008641,2026-09-24T11:35:28,AC35676674,AC29190316,684.40,IMPS,normal
T008642,2026-09-24T11:39:03,AC18174466,AC40026139,1315.70,UPI,normal
T008643,2026-09-24T11:42:15,AC29552354,AC55987803,51800.00,IMPS,normal
T008644,2026-09-24T11:45:07,AC99141000,AC40026139,524.73,UPI,normal
T008645,2026-09-24T11:50:51,AC73667109,AC22374072,873.44,UPI,normal
T008646,2026-09-24T11:53:08,AC24241764,AC22175294,4919.00,NEFT,normal
T008647,2026-09-24T11:53:23,AC62148384,AC40026139,743.67,UPI,normal
T008648,2026-09-24T12:00:23,AC45265254,AC26421523,1014.94,UPI,normal
T008649,2026-09-24T12:02:09,AC17999533,AC30729474,599.65,UPI,normal
T008650,2026-09-24T12:05:36,AC30302435,AC31671607,3165.88,UPI,normal
T008651,2026-09-24T12:07:54,AC19375836,AC67490644,522.04,IMPS,normal
T008652,2026-09-24T12:09:10,AC81380338,AC39472579,487.48,UPI,normal
T008653,2026-09-24T12:10:25,AC70025882,AC99635023,196.38,NEFT,normal
T008654,2026-09-24T12:15:39,AC77264814,AC72778440,4113.63,UPI,normal
T008655,2026-09-24T12:16:43,AC34576324,AC48578460,1204.00,NEFT,normal
T008656,2026-09-24T12:17:33,AC23896513,AC36272404,860.33,IMPS,normal
T008657,2026-09-24T12:22:45,AC18302983,AC84363365,310.87,UPI,normal
T008658,2026-09-24T12:25:49,AC45046288,AC29190316,311.45,UPI,normal
T008659,2026-09-24T12:27:19,AC36752197,AC63453132,363.64,NEFT,normal
T008660,2026-09-24T12:28:55,AC29361589,AC38546741,2702.19,IMPS,normal
T008661,2026-09-24T12:37:53,AC82903368,AC15262308,2998.00,NEFT,normal
T008662,2026-09-24T12:51:03,AC91847639,AC59148289,2129.23,UPI,normal
T008663,2026-09-24T12:54:11,AC80881649,AC22633303,2092.16,UPI,normal
T008664,2026-09-24T12:56:23,AC83589642,AC30729474,2916.45,IMPS,normal
T008665,2026-09-24T12:58:11,AC36401454,AC63453132,234.74,IMPS,normal
T008666,2026-09-24T13:00:28,AC30399018,AC63453132,422.37,UPI,normal
T008667,2026-09-24T13:06:57,AC73632401,AC84363365,455.19,UPI,normal
T008668,2026-09-24T13:11:45,AC94212661,AC38546741,731.63,UPI,normal
T008669,2026-09-24T13:14:02,AC15032582,AC69340085,139.30,UPI,normal
T008670,2026-09-24T13:15:13,AC96856164,AC42297987,881.29,NEFT,normal
T008671,2026-09-24T13:23:58,AC87457446,AC39472579,629.99,NEFT,normal
T008672,2026-09-24T13:28:15,AC81751584,AC40026139,2715.48,IMPS,normal
T008673,2026-09-24T13:30:12,AC36832537,AC39472579,789.07,UPI,normal
T008674,2026-09-24T13:31:38,AC91354422,AC30729474,385.45,IMPS,normal
T008675,2026-09-24T13:33:01,AC93094361,AC99635023,436.89,IMPS,normal
T008676,2026-09-24T13:42:57,AC47290936,AC60496650,3919.00,NEFT,normal
T008677,2026-09-24T13:56:19,AC23715389,AC19814103,1769.16,UPI,normal
T008678,2026-09-24T13:58:44,AC45535068,AC79203339,714.29,UPI,normal
T008679,2026-09-24T14:04:06,AC92891895,AC29190316,712.13,UPI,normal
T008680,2026-09-24T14:05:11,AC71493326,AC99635023,1687.42,IMPS,normal
T008681,2026-09-24T14:05:46,AC34473646,AC12614954,626.70,IMPS,normal
T008682,2026-09-24T14:05:48,AC88592782,AC64198427,1126.48,IMPS,normal
T008683,2026-09-24T14:05:59,AC71493326,AC38546741,1859.03,NEFT,normal
T008684,2026-09-24T14:08:40,AC86072408,AC99635023,928.95,IMPS,normal
T008685,2026-09-24T14:11:20,AC81380338,AC40026139,119.98,NEFT,normal
T008686,2026-09-24T14:11:45,AC70825377,AC99635023,2345.45,IMPS,normal
T008687,2026-09-24T14:12:03,AC10527808,AC57864027,340.80,UPI,normal
T008688,2026-09-24T14:12:16,AC36192056,AC40026139,614.93,UPI,normal
T008689,2026-09-24T14:14:55,AC73667109,AC30729474,472.31,UPI,normal
T008690,2026-09-24T14:15:16,AC77854192,AC66542771,318.76,UPI,normal
T008691,2026-09-24T14:17:51,AC61780050,AC30729474,283.93,NEFT,normal
T008692,2026-09-24T14:28:10,AC23711300,AC40026139,1476.77,UPI,normal
T008693,2026-09-24T14:29:33,AC86626738,AC38546741,2383.91,UPI,normal
T008694,2026-09-24T14:31:40,AC67390467,AC25846520,2499.00,UPI,normal
T008695,2026-09-24T14:36:13,AC81751584,AC40026139,1263.78,UPI,normal
T008696,2026-09-24T14:36:17,AC19722233,AC40026139,1479.86,UPI,normal
T008697,2026-09-24T14:44:35,AC20815439,AC40026139,1401.91,UPI,normal
T008698,2026-09-24T14:46:22,AC26487605,AC26421523,513.68,NEFT,normal
T008699,2026-09-24T14:50:48,AC92212100,AC39472579,405.49,UPI,normal
T008700,2026-09-24T14:54:31,AC20418044,AC40026139,586.91,UPI,normal
T008701,2026-09-24T14:54:46,AC13422671,AC31671607,471.85,UPI,normal
T008702,2026-09-24T14:55:47,AC74160468,AC99635023,209.55,UPI,normal
T008703,2026-09-24T14:55:56,AC47502921,AC52751778,252.74,NEFT,normal
T008704,2026-09-24T14:58:24,AC80490681,AC63453132,249.30,UPI,normal
T008705,2026-09-24T15:05:02,AC93094361,AC59148289,181.90,NEFT,normal
T008706,2026-09-24T15:10:45,AC91996233,AC43971558,541.13,IMPS,normal
T008707,2026-09-24T15:21:33,AC13629581,AC59117315,735.16,UPI,normal
T008708,2026-09-24T15:22:44,AC88592782,AC99635023,704.88,IMPS,normal
T008709,2026-09-24T15:23:16,AC45046288,AC31671607,841.02,NEFT,normal
T008710,2026-09-24T15:25:35,AC15663839,AC31849997,1414.60,UPI,normal
T008711,2026-09-24T15:26:16,AC21138017,AC28422000,560.03,NEFT,normal
T008712,2026-09-24T15:28:25,AC18302983,AC99635023,901.87,UPI,normal
T008713,2026-09-24T15:36:11,AC43352343,AC28422000,392.48,UPI,normal
T008714,2026-09-24T15:37:16,AC80901507,AC36272404,563.35,IMPS,normal
T008715,2026-09-24T15:38:01,AC86910239,AC59148289,318.00,UPI,normal
T008716,2026-09-24T15:40:09,AC46230636,AC29190316,628.29,IMPS,normal
T008717,2026-09-24T15:41:27,AC62664205,AC22633303,473.90,IMPS,normal
T008718,2026-09-24T15:50:28,AC66126116,AC30729474,1217.77,UPI,normal
T008719,2026-09-24T15:54:50,AC70712824,AC64198427,95.50,NEFT,normal
T008720,2026-09-24T15:55:30,AC40432459,AC29190316,1412.18,UPI,normal
T008721,2026-09-24T16:01:57,AC70825377,AC30729474,3967.11,UPI,normal
T008722,2026-09-24T16:08:23,AC37643310,AC63453132,98.53,UPI,normal
T008723,2026-09-24T16:09:53,AC20809644,AC39902737,495.00,UPI,normal
T008724,2026-09-24T16:10:58,AC40970943,AC99635023,1145.45,IMPS,normal
T008725,2026-09-24T16:10:59,AC19824854,AC99635023,403.56,UPI,normal
T008726,2026-09-24T16:14:56,AC23793831,AC39472579,341.10,UPI,normal
T008727,2026-09-24T16:19:51,AC55641228,AC38546741,295.06,UPI,normal
T008728,2026-09-24T16:20:19,AC63907779,AC57864027,747.09,UPI,normal
T008729,2026-09-24T16:20:25,AC21378775,AC59148289,886.61,UPI,normal
T008730,2026-09-24T16:28:28,AC41132723,AC39472579,2365.68,NEFT,normal
T008731,2026-09-24T16:50:45,AC65740154,AC30729474,2061.78,UPI,normal
T008732,2026-09-24T16:55:09,AC76640001,AC29190316,640.96,IMPS,normal
T008733,2026-09-24T16:56:44,AC32555071,AC19814103,384.45,UPI,normal
T008734,2026-09-24T16:58:30,AC91733095,AC99635023,1896.76,NEFT,normal
T008735,2026-09-24T17:06:00,AC74477539,AC38546741,93.61,UPI,normal
T008736,2026-09-24T17:07:40,AC45265254,AC40026139,148.39,IMPS,normal
T008737,2026-09-24T17:10:36,AC55909953,AC36146343,4153.00,IMPS,normal
T008738,2026-09-24T17:15:18,AC85201674,AC29190316,216.61,UPI,normal
T008739,2026-09-24T17:32:18,AC30246633,AC75399034,671.25,UPI,normal
T008740,2026-09-24T17:33:07,AC12510524,AC19736972,611.79,NEFT,normal
T008741,2026-09-24T17:41:21,AC43857462,AC99635023,380.91,NEFT,normal
T008742,2026-09-24T17:44:22,AC76453392,AC19814103,525.26,UPI,normal
T008743,2026-09-24T17:46:10,AC63241552,AC84363365,206.86,UPI,normal
T008744,2026-09-24T17:47:07,AC16252221,AC83744576,3704.00,NEFT,normal
T008745,2026-09-24T17:48:18,AC26151306,AC62662255,1431.97,UPI,normal
T008746,2026-09-24T17:57:52,AC12871813,AC99635023,674.89,NEFT,normal
T008747,2026-09-24T17:59:26,AC86910239,AC30729474,1079.21,UPI,normal
T008748,2026-09-24T18:12:11,AC57484087,AC55515398,180.09,NEFT,normal
T008749,2026-09-24T18:24:11,AC42301241,AC55515398,217.02,UPI,normal
T008750,2026-09-24T18:26:03,AC37543491,AC40026139,1304.86,NEFT,normal
T008751,2026-09-24T18:28:00,AC33960779,AC19814103,1271.50,IMPS,normal
T008752,2026-09-24T18:29:34,AC28689916,AC59148289,1839.23,NEFT,normal
T008753,2026-09-24T18:45:37,AC55330357,AC39472579,480.75,IMPS,normal
T008754,2026-09-24T18:49:38,AC79188088,AC29190316,1206.34,NEFT,normal
T008755,2026-09-24T18:49:56,AC48646352,AC99635023,662.22,UPI,normal
T008756,2026-09-24T18:50:07,AC89297484,AC99855030,1158.17,NEFT,normal
T008757,2026-09-24T18:50:24,AC79578048,AC79203339,2168.67,NEFT,normal
T008758,2026-09-24T18:57:55,AC71967692,AC52751778,2023.28,NEFT,normal
T008759,2026-09-24T19:00:59,AC30287103,AC59148289,369.87,UPI,normal
T008760,2026-09-24T19:07:04,AC78741149,AC63453132,711.06,NEFT,normal
T008761,2026-09-24T19:09:05,AC74160468,AC29190316,924.55,UPI,normal
T008762,2026-09-24T19:20:25,AC81751584,AC99635023,379.67,UPI,normal
T008763,2026-09-24T19:24:40,AC63873226,AC52751778,470.33,UPI,normal
T008764,2026-09-24T19:27:46,AC83744576,AC40026139,2499.55,NEFT,normal
T008765,2026-09-24T19:28:19,AC88061052,AC98618129,692.65,UPI,normal
T008766,2026-09-24T19:29:28,AC35583179,AC43971558,4470.22,UPI,normal
T008767,2026-09-24T19:33:35,AC34313000,AC69340085,482.83,UPI,normal
T008768,2026-09-24T19:38:04,AC55909953,AC29190316,330.82,UPI,normal
T008769,2026-09-24T19:38:54,AC82023741,AC38546741,448.08,NEFT,normal
T008770,2026-09-24T19:44:00,AC20815439,AC55362865,266.67,UPI,normal
T008771,2026-09-24T19:45:36,AC88220482,AC40026139,381.26,UPI,normal
T008772,2026-09-24T19:46:09,AC71493326,AC99635023,885.99,UPI,normal
T008773,2026-09-24T19:56:13,AC27580355,AC99635023,1137.92,IMPS,normal
T008774,2026-09-24T20:05:18,AC63404922,AC99855030,2282.21,IMPS,normal
T008775,2026-09-24T20:14:35,AC47369042,AC55362865,494.66,UPI,normal
T008776,2026-09-24T20:23:12,AC73632401,AC99635023,122.46,UPI,normal
T008777,2026-09-24T20:24:07,AC31667923,AC69340085,949.91,UPI,normal
T008778,2026-09-24T20:24:35,AC88061052,AC40026139,3554.39,NEFT,normal
T008779,2026-09-24T20:32:20,AC18354761,AC50638453,1212.85,NEFT,normal
T008780,2026-09-24T20:38:43,AC41132723,AC19814103,1166.68,UPI,normal
T008781,2026-09-24T20:48:35,AC39673100,AC59148289,527.13,UPI,normal
T008782,2026-09-24T20:50:05,AC27050801,AC31849997,1969.70,UPI,normal
T008783,2026-09-24T20:56:39,AC80676511,AC42297987,1219.79,UPI,normal
T008784,2026-09-24T21:01:47,AC26843185,AC43800696,4740.00,UPI,normal
T008785,2026-09-24T21:01:59,AC15663839,AC28422000,360.72,UPI,normal
T008786,2026-09-24T21:03:02,AC51554798,AC72778440,2347.83,UPI,normal
T008787,2026-09-24T21:03:50,AC74477539,AC29190316,3010.73,UPI,normal
T008788,2026-09-24T21:05:47,AC38816302,AC19814103,3147.41,UPI,normal
T008789,2026-09-24T21:07:01,AC63404922,AC22633303,318.33,UPI,normal
T008790,2026-09-24T21:09:00,AC65740154,AC99635023,555.16,UPI,normal
T008791,2026-09-24T21:12:20,AC32420002,AC22374072,7048.69,UPI,normal
T008792,2026-09-24T21:18:03,AC66255890,AC85748230,3595.00,NEFT,normal
T008793,2026-09-24T21:21:00,AC39287351,AC96363470,786.76,IMPS,normal
T008794,2026-09-24T21:26:43,AC81380338,AC79203339,979.12,NEFT,normal
T008795,2026-09-24T21:28:16,AC89774974,AC67490644,795.62,IMPS,normal
T008796,2026-09-24T21:29:51,AC44785794,AC66542771,959.67,NEFT,normal
T008797,2026-09-24T21:30:47,AC18288654,AC28422000,210.60,UPI,normal
T008798,2026-09-24T21:34:41,AC84688894,AC63453132,1441.16,UPI,normal
T008799,2026-09-24T21:35:44,AC29343122,AC26421523,1700.31,IMPS,normal
T008800,2026-09-24T21:36:53,AC99745048,AC40026139,473.28,UPI,normal
T008801,2026-09-24T21:43:27,AC16761851,AC99855030,1403.36,UPI,normal
T008802,2026-09-24T21:44:32,AC91733095,AC30729474,544.62,NEFT,normal
T008803,2026-09-24T21:45:51,AC91733095,AC31671607,87.73,NEFT,normal
T008804,2026-09-24T21:45:56,AC78524460,AC72778440,1002.01,UPI,normal
T008805,2026-09-24T21:46:33,AC35676674,AC39472579,666.79,NEFT,normal
T008806,2026-09-24T21:49:26,AC88248519,AC12614954,256.23,IMPS,normal
T008807,2026-09-24T21:53:34,AC73093067,AC42297987,2370.15,IMPS,normal
T008808,2026-09-24T21:54:18,AC91678821,AC99635023,367.18,UPI,normal
T008809,2026-09-24T21:57:06,AC41132723,AC66542771,1041.54,NEFT,normal
T008810,2026-09-24T22:01:59,AC74758310,AC99635023,456.82,NEFT,normal
T008811,2026-09-24T22:07:28,AC91907998,AC39472579,283.97,UPI,normal
T008812,2026-09-24T22:09:59,AC44841887,AC30729474,727.43,UPI,normal
T008813,2026-09-24T22:12:22,AC54246886,AC67490644,549.80,NEFT,normal
T008814,2026-09-24T22:22:38,AC91678821,AC39472579,1225.70,IMPS,normal
T008815,2026-09-24T22:27:42,AC30306925,AC99635023,2709.98,IMPS,normal
T008816,2026-09-24T22:28:10,AC77854192,AC50638453,350.00,UPI,normal
T008817,2026-09-24T22:41:15,AC69812891,AC39472579,2880.83,UPI,normal
T008818,2026-09-24T22:43:17,AC70690025,AC82687908,3520.00,UPI,normal
T008819,2026-09-24T22:48:00,AC69139937,AC72778440,780.87,UPI,normal
T008820,2026-09-24T22:54:01,AC31783965,AC87097845,2859.00,UPI,normal
T008821,2026-09-24T22:55:08,AC26616417,AC98618129,699.55,UPI,normal
T008822,2026-09-24T22:58:25,AC55330357,AC29190316,1874.13,UPI,normal
T008823,2026-09-25T04:10:07,AC55987803,AC88592782,46800.00,UPI,normal
T008824,2026-09-25T07:01:08,AC15032582,AC55362865,524.65,UPI,normal
T008825,2026-09-25T07:10:46,AC85893910,AC40026139,237.72,UPI,normal
T008826,2026-09-25T07:17:43,AC38816302,AC22374072,632.04,UPI,normal
T008827,2026-09-25T07:20:26,AC27874421,AC19736972,874.50,IMPS,normal
T008828,2026-09-25T07:20:29,AC84903659,AC59148289,2081.35,IMPS,normal
T008829,2026-09-25T07:28:24,AC17999533,AC55515398,965.91,UPI,normal
T008830,2026-09-25T07:33:51,AC36401454,AC40026139,770.28,NEFT,normal
T008831,2026-09-25T07:34:55,AC29938108,AC30729474,232.33,UPI,normal
T008832,2026-09-25T07:40:48,AC38325623,AC22633303,307.06,UPI,normal
T008833,2026-09-25T07:46:21,AC32420002,AC69340085,883.69,UPI,normal
T008834,2026-09-25T07:48:00,AC53703122,AC50638453,282.71,NEFT,normal
T008835,2026-09-25T07:49:07,AC76262352,AC69340085,131.25,UPI,normal
T008836,2026-09-25T07:53:03,AC23715389,AC39472579,260.50,IMPS,normal
T008837,2026-09-25T07:57:06,AC83960561,AC43971558,990.00,UPI,normal
T008838,2026-09-25T07:58:55,AC63873226,AC52410090,252.13,NEFT,normal
T008839,2026-09-25T08:06:06,AC47369042,AC26421523,10084.48,IMPS,normal
T008840,2026-09-25T08:06:17,AC32817504,AC75399034,491.56,UPI,normal
T008841,2026-09-25T08:11:20,AC79301246,AC19814103,350.77,UPI,normal
T008842,2026-09-25T08:13:43,AC31667923,AC88592782,2442.00,UPI,normal
T008843,2026-09-25T08:18:09,AC26616417,AC38546741,927.81,UPI,normal
T008844,2026-09-25T08:22:15,AC77854192,AC40026139,7385.61,UPI,normal
T008845,2026-09-25T08:28:33,AC74780629,AC22633303,1326.91,NEFT,normal
T008846,2026-09-25T08:30:26,AC18288654,AC29190316,294.92,NEFT,normal
T008847,2026-09-25T08:33:41,AC81924865,AC94212661,4350.00,UPI,normal
T008848,2026-09-25T08:34:40,AC94641177,AC59148289,271.22,UPI,normal
T008849,2026-09-25T08:44:45,AC90836544,AC36272404,812.05,UPI,normal
T008850,2026-09-25T08:50:18,AC85201674,AC19736972,438.91,NEFT,normal
T008851,2026-09-25T08:52:19,AC74160468,AC99635023,440.16,UPI,normal
T008852,2026-09-25T08:57:27,AC90836544,AC40026139,243.35,UPI,normal
T008853,2026-09-25T09:00:57,AC41317839,AC79203339,222.13,UPI,normal
T008854,2026-09-25T09:12:48,AC86665755,AC96363470,240.51,NEFT,normal
T008855,2026-09-25T09:13:15,AC36752197,AC40026139,193.35,UPI,normal
T008856,2026-09-25T09:16:26,AC26151306,AC69340085,590.55,UPI,normal
T008857,2026-09-25T09:23:14,AC92083983,AC29190316,1172.85,NEFT,normal
T008858,2026-09-25T09:27:55,AC63873226,AC22633303,3072.99,IMPS,normal
T008859,2026-09-25T09:31:15,AC79476293,AC22633303,932.97,UPI,normal
T008860,2026-09-25T09:37:24,AC42762079,AC69340085,513.03,NEFT,normal
T008861,2026-09-25T09:37:47,AC37910936,AC26421523,661.13,UPI,normal
T008862,2026-09-25T09:40:56,AC32329304,AC38546741,303.07,UPI,normal
T008863,2026-09-25T09:41:15,AC44785794,AC42297987,3960.22,UPI,normal
T008864,2026-09-25T09:45:22,AC13740078,AC55362865,43.95,UPI,normal
T008865,2026-09-25T09:46:19,AC74628898,AC70690025,153.00,NEFT,normal
T008866,2026-09-25T09:48:26,AC72492024,AC69340085,640.73,IMPS,normal
T008867,2026-09-25T09:49:14,AC58877189,AC37910936,3967.00,UPI,normal
T008868,2026-09-25T09:49:40,AC86013032,AC30729474,278.12,UPI,normal
T008869,2026-09-25T09:50:20,AC80263864,AC42297987,850.14,UPI,normal
T008870,2026-09-25T09:51:07,AC18505221,AC59148289,649.85,NEFT,normal
T008871,2026-09-25T09:53:45,AC79578048,AC66978001,1072.00,IMPS,normal
T008872,2026-09-25T09:55:41,AC66599395,AC19814103,191.49,IMPS,normal
T008873,2026-09-25T09:59:55,AC28377915,AC59117315,1839.60,UPI,normal
T008874,2026-09-25T10:01:01,AC23831903,AC67490644,545.95,UPI,normal
T008875,2026-09-25T10:02:33,AC50298754,AC99635023,620.57,NEFT,normal
T008876,2026-09-25T10:03:02,AC91733095,AC39472579,402.87,UPI,normal
T008877,2026-09-25T10:08:19,AC87097845,AC99635023,377.96,UPI,normal
T008878,2026-09-25T10:08:23,AC75090595,AC38546741,147.54,UPI,normal
T008879,2026-09-25T10:11:13,AC68202938,AC29190316,1108.45,UPI,normal
T008880,2026-09-25T10:12:04,AC21378775,AC84363365,797.14,UPI,normal
T008881,2026-09-25T10:16:37,AC92891895,AC40026139,186.82,NEFT,normal
T008882,2026-09-25T10:16:51,AC29343122,AC72778440,1495.19,NEFT,normal
T008883,2026-09-25T10:29:33,AC45535068,AC75399034,602.90,NEFT,normal
T008884,2026-09-25T10:30:26,AC21138017,AC52751778,1769.22,UPI,normal
T008885,2026-09-25T10:34:29,AC31667923,AC74353833,4258.00,NEFT,normal
T008886,2026-09-25T10:42:28,AC45265254,AC39472579,284.40,UPI,normal
T008887,2026-09-25T10:48:49,AC57709585,AC55515398,923.67,NEFT,normal
T008888,2026-09-25T10:57:56,AC77470852,AC40026139,684.25,UPI,normal
T008889,2026-09-25T11:02:46,AC39673100,AC39472579,3515.47,NEFT,normal
T008890,2026-09-25T11:03:55,AC11619076,AC22633303,239.71,NEFT,normal
T008891,2026-09-25T11:04:23,AC62897893,AC26421523,756.54,UPI,normal
T008892,2026-09-25T11:07:05,AC88248519,AC40026139,1564.72,NEFT,normal
T008893,2026-09-25T11:10:48,AC18174466,AC39472579,622.49,NEFT,normal
T008894,2026-09-25T11:12:44,AC78524460,AC50638453,668.52,UPI,normal
T008895,2026-09-25T11:12:55,AC55641228,AC98618129,187.50,UPI,normal
T008896,2026-09-25T11:13:49,AC79571586,AC93082061,1909.00,IMPS,normal
T008897,2026-09-25T11:15:13,AC20815439,AC67917877,723.81,UPI,normal
T008898,2026-09-25T11:18:07,AC88061052,AC43971558,319.38,UPI,normal
T008899,2026-09-25T11:20:50,AC40970943,AC64198427,650.82,IMPS,normal
T008900,2026-09-25T11:26:54,AC83849218,AC62662255,237.05,IMPS,normal
T008901,2026-09-25T11:33:05,AC28689916,AC84363365,145.23,IMPS,normal
T008902,2026-09-25T11:33:42,AC27550747,AC30729474,422.77,UPI,normal
T008903,2026-09-25T11:35:24,AC91354422,AC52410090,2641.39,UPI,normal
T008904,2026-09-25T11:45:34,AC55987803,AC40026139,789.15,UPI,normal
T008905,2026-09-25T11:47:38,AC47840101,AC59117315,1427.28,IMPS,normal
T008906,2026-09-25T11:49:51,AC59081935,AC40026139,67.89,UPI,normal
T008907,2026-09-25T11:59:15,AC66119495,AC22374072,454.18,UPI,normal
T008908,2026-09-25T12:07:11,AC39962626,AC50638453,138.38,UPI,normal
T008909,2026-09-25T12:10:51,AC19824854,AC38546741,1008.23,UPI,normal
T008910,2026-09-25T12:10:56,AC62897893,AC22374072,88.31,UPI,normal
T008911,2026-09-25T12:11:14,AC39287351,AC57864027,221.25,UPI,normal
T008912,2026-09-25T12:20:30,AC70825377,AC31671607,175.93,UPI,normal
T008913,2026-09-25T12:24:18,AC18354761,AC19814103,569.51,UPI,normal
T008914,2026-09-25T12:26:32,AC35676674,AC99635023,719.48,IMPS,normal
T008915,2026-09-25T12:28:28,AC55650450,AC44841887,3002.00,IMPS,normal
T008916,2026-09-25T12:32:11,AC70712824,AC38546741,678.41,UPI,normal
T008917,2026-09-25T12:37:03,AC58940600,AC29190316,380.59,UPI,normal
T008918,2026-09-25T12:46:43,AC98027796,AC84363365,422.67,UPI,normal
T008919,2026-09-25T12:47:48,AC74477539,AC26421523,520.13,UPI,normal
T008920,2026-09-25T12:50:22,AC22215229,AC99635023,226.54,UPI,normal
T008921,2026-09-25T12:52:37,AC70825377,AC75399034,647.37,UPI,normal
T008922,2026-09-25T12:55:39,AC66119495,AC31849997,1313.20,UPI,normal
T008923,2026-09-25T12:59:49,AC92891895,AC99635023,844.93,UPI,normal
T008924,2026-09-25T13:00:20,AC87097845,AC99635023,159.83,UPI,normal
T008925,2026-09-25T13:06:21,AC59982352,AC98618129,488.81,NEFT,normal
T008926,2026-09-25T13:12:06,AC57740731,AC59560375,1082.00,UPI,normal
T008927,2026-09-25T13:12:45,AC96290869,AC39472579,3758.42,UPI,normal
T008928,2026-09-25T13:23:51,AC85394042,AC67490644,1681.26,UPI,normal
T008929,2026-09-25T13:27:11,AC74477539,AC84363365,273.69,NEFT,normal
T008930,2026-09-25T13:38:32,AC98915866,AC40026139,564.87,UPI,normal
T008931,2026-09-25T13:39:56,AC81751584,AC99635023,883.67,NEFT,normal
T008932,2026-09-25T13:41:00,AC22215229,AC19736972,467.83,IMPS,normal
T008933,2026-09-25T13:45:54,AC53752583,AC21643368,365.00,UPI,normal
T008934,2026-09-25T13:46:25,AC35583179,AC42297987,616.35,UPI,normal
T008935,2026-09-25T13:51:31,AC92374421,AC29190316,521.18,NEFT,normal
T008936,2026-09-25T14:10:10,AC56100526,AC52751778,400.93,IMPS,normal
T008937,2026-09-25T14:12:02,AC13629581,AC40026139,2264.33,IMPS,normal
T008938,2026-09-25T14:18:04,AC26093192,AC39472579,1090.70,UPI,normal
T008939,2026-09-25T14:18:32,AC78203564,AC40026139,918.09,UPI,normal
T008940,2026-09-25T14:24:42,AC43857462,AC26487605,2458.00,IMPS,normal
T008941,2026-09-25T14:24:49,AC36192056,AC40026139,328.69,IMPS,normal
T008942,2026-09-25T14:24:51,AC18288654,AC58877189,2222.00,UPI,normal
T008943,2026-09-25T14:27:34,AC49655179,AC75399034,316.25,UPI,normal
T008944,2026-09-25T14:31:10,AC10549434,AC30729474,1094.54,UPI,normal
T008945,2026-09-25T14:32:42,AC17784483,AC19736972,1972.74,UPI,normal
T008946,2026-09-25T14:32:48,AC42301241,AC19814103,1696.24,IMPS,normal
T008947,2026-09-25T14:35:59,AC30287103,AC70825377,4962.00,UPI,normal
T008948,2026-09-25T14:36:06,AC96290869,AC30729474,1997.95,IMPS,normal
T008949,2026-09-25T14:39:34,AC24690326,AC55515398,1168.65,UPI,normal
T008950,2026-09-25T14:44:47,AC66126116,AC42297987,585.78,UPI,normal
T008951,2026-09-25T14:51:38,AC39287351,AC40026139,773.08,UPI,normal
T008952,2026-09-25T14:55:55,AC16480894,AC98618129,846.05,UPI,normal
T008953,2026-09-25T14:57:51,AC17933677,AC30729474,336.41,UPI,normal
T008954,2026-09-25T14:59:32,AC11911654,AC99635023,376.17,IMPS,normal
T008955,2026-09-25T14:59:44,AC45046288,AC98618129,377.25,UPI,normal
T008956,2026-09-25T15:01:52,AC92306098,AC29190316,399.65,UPI,normal
T008957,2026-09-25T15:02:30,AC78203564,AC22633303,237.35,UPI,normal
T008958,2026-09-25T15:04:11,AC95132904,AC62662255,428.89,IMPS,normal
T008959,2026-09-25T15:06:37,AC47290936,AC31849997,232.70,UPI,normal
T008960,2026-09-25T15:07:09,AC58802897,AC99635023,625.72,UPI,normal
T008961,2026-09-25T15:18:22,AC91678821,AC62662255,666.07,UPI,normal
T008962,2026-09-25T15:19:49,AC13697544,AC64198427,1456.97,UPI,normal
T008963,2026-09-25T15:25:01,AC10256129,AC38546741,991.20,IMPS,normal
T008964,2026-09-25T15:29:08,AC66599395,AC29190316,1441.41,UPI,normal
T008965,2026-09-25T15:29:15,AC66126116,AC75399034,199.42,UPI,normal
T008966,2026-09-25T15:30:07,AC25846520,AC79203339,999.91,IMPS,normal
T008967,2026-09-25T15:33:13,AC78144218,AC99635023,241.61,NEFT,normal
T008968,2026-09-25T15:46:33,AC73667109,AC72778440,1843.82,UPI,normal
T008969,2026-09-25T15:50:17,AC77264814,AC87457446,1297.00,UPI,normal
T008970,2026-09-25T15:50:49,AC84903659,AC22374072,476.76,NEFT,normal
T008971,2026-09-25T15:50:55,AC51403729,AC29190316,495.39,IMPS,normal
T008972,2026-09-25T15:56:47,AC37543491,AC43971558,2316.85,IMPS,normal
T008973,2026-09-25T16:02:03,AC57030900,AC31321298,705.00,UPI,normal
T008974,2026-09-25T16:07:22,AC56625835,AC67490644,1948.17,UPI,normal
T008975,2026-09-25T16:08:56,AC31667923,AC30729474,1112.93,UPI,normal
T008976,2026-09-25T16:18:40,AC44841887,AC99635023,269.03,NEFT,normal
T008977,2026-09-25T16:19:23,AC43239798,AC36272404,363.37,UPI,normal
T008978,2026-09-25T16:20:53,AC33651543,AC99855030,158.96,UPI,normal
T008979,2026-09-25T16:36:44,AC63550032,AC29190316,407.40,NEFT,normal
T008980,2026-09-25T16:37:22,AC81576359,AC29190316,519.08,IMPS,normal
T008981,2026-09-25T16:40:15,AC86626738,AC59148289,1050.43,UPI,normal
T008982,2026-09-25T16:41:55,AC22215229,AC83639904,2341.00,NEFT,normal
T008983,2026-09-25T16:44:11,AC91996233,AC99855030,322.70,UPI,normal
T008984,2026-09-25T16:47:42,AC26843185,AC99635023,5903.70,UPI,normal
T008985,2026-09-25T16:49:20,AC67783637,AC29190316,827.09,NEFT,normal
T008986,2026-09-25T16:58:40,AC23618316,AC52751778,303.45,UPI,normal
T008987,2026-09-25T16:59:31,AC36752197,AC66119495,3055.00,IMPS,normal
T008988,2026-09-25T17:03:54,AC83960310,AC50638453,1010.16,NEFT,normal
T008989,2026-09-25T17:16:08,AC85196458,AC59117315,1452.96,UPI,normal
T008990,2026-09-25T17:21:21,AC80881649,AC99855030,301.40,UPI,normal
T008991,2026-09-25T17:25:09,AC53703122,AC31671607,251.64,UPI,normal
T008992,2026-09-25T17:26:20,AC90836544,AC59148289,608.86,UPI,normal
T008993,2026-09-25T17:26:31,AC52164119,AC40026139,271.91,UPI,normal
T008994,2026-09-25T17:27:42,AC47502921,AC57864027,625.65,UPI,normal
T008995,2026-09-25T17:30:09,AC48870700,AC30729474,161.16,NEFT,normal
T008996,2026-09-25T17:30:35,AC97197858,AC40026139,523.52,IMPS,normal
T008997,2026-09-25T17:32:34,AC96319863,AC59117315,464.07,UPI,normal
T008998,2026-09-25T17:37:15,AC79358465,AC75399034,692.31,NEFT,normal
T008999,2026-09-25T17:39:59,AC92374421,AC40026139,1496.96,UPI,normal
T009000,2026-09-25T17:40:01,AC52164119,AC12614954,1067.62,IMPS,normal
T009001,2026-09-25T17:44:47,AC68224916,AC64198427,1375.29,NEFT,normal
T009002,2026-09-25T17:49:55,AC47369042,AC99635023,1602.61,IMPS,normal
T009003,2026-09-25T17:55:44,AC55987803,AC31849997,2080.04,IMPS,normal
T009004,2026-09-25T17:59:08,AC26616417,AC42297987,1328.68,IMPS,normal
T009005,2026-09-25T18:03:55,AC86626738,AC79203339,430.01,UPI,normal
T009006,2026-09-25T18:05:10,AC67783637,AC40026139,551.59,UPI,normal
T009007,2026-09-25T18:06:41,AC36192056,AC30729474,367.20,IMPS,normal
T009008,2026-09-25T18:09:15,AC17246803,AC55515398,827.20,NEFT,normal
T009009,2026-09-25T18:12:55,AC17912728,AC43971558,547.23,UPI,normal
T009010,2026-09-25T18:19:46,AC73093067,AC75399034,2275.70,UPI,normal
T009011,2026-09-25T18:25:00,AC89774974,AC31849997,698.51,UPI,normal
T009012,2026-09-25T18:27:02,AC34473646,AC55362865,1472.16,IMPS,normal
T009013,2026-09-25T18:35:55,AC36832537,AC59148289,1523.62,UPI,normal
T009014,2026-09-25T18:39:41,AC42762079,AC72778440,1446.56,IMPS,normal
T009015,2026-09-25T18:48:45,AC91733095,AC19736972,459.09,UPI,normal
T009016,2026-09-25T18:49:13,AC71289682,AC52410090,1536.52,NEFT,normal
T009017,2026-09-25T18:50:14,AC38019720,AC66542771,129.90,UPI,normal
T009018,2026-09-25T18:55:40,AC32555071,AC29190316,4312.40,NEFT,normal
T009019,2026-09-25T18:56:33,AC47167180,AC26421523,269.59,UPI,normal
T009020,2026-09-25T18:58:23,AC39936146,AC72778440,379.02,IMPS,normal
T009021,2026-09-25T19:04:55,AC22562241,AC29190316,380.71,IMPS,normal
T009022,2026-09-25T19:06:47,AC30302435,AC39472579,869.34,NEFT,normal
T009023,2026-09-25T19:12:01,AC59081935,AC67917877,91.81,UPI,normal
T009024,2026-09-25T19:22:25,AC12474155,AC55362865,1312.44,UPI,normal
T009025,2026-09-25T19:28:37,AC86013032,AC66542771,829.35,NEFT,normal
T009026,2026-09-25T19:29:31,AC96856164,AC72778440,269.98,UPI,normal
T009027,2026-09-25T19:32:05,AC38325623,AC85394042,571.00,NEFT,normal
T009028,2026-09-25T19:32:54,AC86665755,AC17912728,2557.00,NEFT,normal
T009029,2026-09-25T19:37:08,AC32329304,AC79301246,2982.00,UPI,normal
T009030,2026-09-25T19:38:01,AC78106871,AC39472579,321.44,UPI,normal
T009031,2026-09-25T19:51:21,AC26487605,AC40026139,147.86,UPI,normal
T009032,2026-09-25T19:56:38,AC74160948,AC10256129,2880.00,IMPS,normal
T009033,2026-09-25T19:59:04,AC67783637,AC29190316,795.42,UPI,normal
T009034,2026-09-25T20:01:26,AC52110478,AC28422000,1961.42,NEFT,normal
T009035,2026-09-25T20:04:59,AC45046288,AC67917877,685.22,IMPS,normal
T009036,2026-09-25T20:09:03,AC66599395,AC40026139,474.10,UPI,normal
T009037,2026-09-25T20:26:08,AC74939188,AC40026139,671.52,UPI,normal
T009038,2026-09-25T20:27:22,AC53752583,AC28689916,3622.00,IMPS,normal
T009039,2026-09-25T20:29:43,AC33960779,AC75399034,933.76,UPI,normal
T009040,2026-09-25T20:36:42,AC67390467,AC29190316,607.33,UPI,normal
T009041,2026-09-25T20:39:49,AC83639904,AC39472579,860.16,IMPS,normal
T009042,2026-09-25T20:40:11,AC76453392,AC99635023,1557.08,UPI,normal
T009043,2026-09-25T20:43:07,AC45535068,AC19814103,341.41,UPI,normal
T009044,2026-09-25T20:44:03,AC21535642,AC48578460,2284.00,NEFT,normal
T009045,2026-09-25T20:45:31,AC26487605,AC30729474,1246.82,UPI,normal
T009046,2026-09-25T20:49:17,AC61780050,AC59560375,4314.00,IMPS,normal
T009047,2026-09-25T20:49:51,AC81380338,AC22374072,461.97,UPI,normal
T009048,2026-09-25T20:52:27,AC38816302,AC66542771,329.58,UPI,normal
T009049,2026-09-25T20:53:25,AC74160948,AC30729474,232.57,UPI,normal
T009050,2026-09-25T20:58:14,AC78741149,AC64198427,590.46,UPI,normal
T009051,2026-09-25T21:02:28,AC32555071,AC29190316,178.41,UPI,normal
T009052,2026-09-25T21:03:24,AC36401454,AC39472579,2115.57,UPI,normal
T009053,2026-09-25T21:06:21,AC59982352,AC40026139,547.49,UPI,normal
T009054,2026-09-25T21:12:28,AC13028344,AC12614954,561.17,IMPS,normal
T009055,2026-09-25T21:15:58,AC83589642,AC59117315,644.86,NEFT,normal
T009056,2026-09-25T21:17:14,AC28999723,AC28422000,1549.51,UPI,normal
T009057,2026-09-25T21:21:04,AC18505221,AC29190316,107.48,IMPS,normal
T009058,2026-09-25T21:24:23,AC63873226,AC40026139,1035.61,UPI,normal
T009059,2026-09-25T21:24:34,AC34473646,AC29190316,672.57,UPI,normal
T009060,2026-09-25T21:31:31,AC84903659,AC98618129,1131.41,UPI,normal
T009061,2026-09-25T21:32:08,AC44811353,AC22633303,2173.17,UPI,normal
T009062,2026-09-25T21:32:29,AC79188088,AC62662255,427.53,UPI,normal
T009063,2026-09-25T21:34:23,AC11619076,AC99635023,301.62,IMPS,normal
T009064,2026-09-25T21:37:26,AC25482486,AC22374072,616.41,NEFT,normal
T009065,2026-09-25T21:45:43,AC88061052,AC99635023,802.93,NEFT,normal
T009066,2026-09-25T22:02:33,AC27359750,AC59148289,808.46,UPI,normal
T009067,2026-09-25T22:08:14,AC35676674,AC99855030,836.22,IMPS,normal
T009068,2026-09-25T22:08:35,AC31667923,AC40026139,253.19,IMPS,normal
T009069,2026-09-25T22:10:08,AC25809806,AC81232885,4534.00,IMPS,normal
T009070,2026-09-25T22:12:18,AC78524460,AC99635023,483.15,UPI,normal
T009071,2026-09-25T22:12:29,AC74758310,AC29190316,523.43,UPI,normal
T009072,2026-09-25T22:15:24,AC12510524,AC63453132,219.79,NEFT,normal
T009073,2026-09-25T22:16:12,AC38019720,AC50638453,701.80,UPI,normal
T009074,2026-09-25T22:22:02,AC37910936,AC59148289,1262.09,UPI,normal
T009075,2026-09-25T22:36:08,AC41132723,AC67917877,313.31,IMPS,normal
T009076,2026-09-25T22:39:24,AC23618316,AC66542771,248.77,UPI,normal
T009077,2026-09-25T22:39:27,AC38816302,AC59148289,308.15,UPI,normal
T009078,2026-09-25T22:40:47,AC21378775,AC22374072,310.16,UPI,normal
T009079,2026-09-25T22:41:17,AC79358465,AC30729474,183.13,UPI,normal
T009080,2026-09-25T22:48:00,AC30302435,AC39472579,182.18,IMPS,normal
T009081,2026-09-25T22:48:56,AC24754327,AC40026139,2804.41,UPI,normal
T009082,2026-09-25T22:49:01,AC27359750,AC63453132,9371.78,UPI,normal
T009083,2026-09-25T22:54:08,AC91220385,AC40026139,2671.89,UPI,normal
T009084,2026-09-25T22:54:17,AC17626596,AC55515398,544.85,UPI,normal
T009085,2026-09-25T22:56:51,AC80901507,AC99635023,667.44,UPI,normal
T009086,2026-09-25T22:58:56,AC54246886,AC59117315,591.54,NEFT,normal
T009087,2026-09-26T07:07:23,AC66230047,AC34473646,4337.00,IMPS,normal
T009088,2026-09-26T07:07:34,AC32817504,AC69812891,1769.00,UPI,normal
T009089,2026-09-26T07:15:52,AC68202938,AC31671607,1200.22,NEFT,normal
T009090,2026-09-26T07:18:08,AC38816302,AC99635023,298.85,UPI,normal
T009091,2026-09-26T07:18:56,AC24241764,AC99635023,1175.63,IMPS,normal
T009092,2026-09-26T07:23:37,AC21535642,AC31849997,1302.92,NEFT,normal
T009093,2026-09-26T07:29:35,AC39902737,AC26421523,328.66,UPI,normal
T009094,2026-09-26T07:30:25,AC47502921,AC29190316,1196.36,NEFT,normal
T009095,2026-09-26T07:31:43,AC15663839,AC42297987,1851.41,IMPS,normal
T009096,2026-09-26T07:36:33,AC94641177,AC36272404,1031.64,UPI,normal
T009097,2026-09-26T07:38:22,AC89774974,AC84363365,2072.13,UPI,normal
T009098,2026-09-26T07:48:00,AC82903368,AC39472579,452.97,UPI,normal
T009099,2026-09-26T07:52:30,AC77470852,AC13757254,4682.00,UPI,normal
T009100,2026-09-26T07:55:17,AC95341298,AC68224916,2143.00,UPI,normal
T009101,2026-09-26T07:58:46,AC83960310,AC40026139,172.93,NEFT,normal
T009102,2026-09-26T08:01:15,AC79578048,AC69340085,172.30,UPI,normal
T009103,2026-09-26T08:01:46,AC89774974,AC59117315,211.24,IMPS,normal
T009104,2026-09-26T08:02:13,AC29938108,AC69340085,314.43,NEFT,normal
T009105,2026-09-26T08:02:24,AC55650450,AC40026139,510.09,UPI,normal
T009106,2026-09-26T08:04:09,AC95421789,AC39472579,957.84,UPI,normal
T009107,2026-09-26T08:13:54,AC28377915,AC99635023,853.58,NEFT,normal
T009108,2026-09-26T08:16:33,AC42130069,AC57864027,251.77,UPI,normal
T009109,2026-09-26T08:17:11,AC63907779,AC42297987,1100.80,NEFT,normal
T009110,2026-09-26T08:20:35,AC21535642,AC42297987,93.40,IMPS,normal
T009111,2026-09-26T08:24:04,AC13028344,AC38546741,1174.61,UPI,normal
T009112,2026-09-26T08:31:06,AC91628191,AC50638453,130.84,NEFT,normal
T009113,2026-09-26T08:32:51,AC49321318,AC52751778,501.36,IMPS,normal
T009114,2026-09-26T08:35:47,AC69072565,AC96363470,288.76,UPI,normal
T009115,2026-09-26T08:36:45,AC23715389,AC52410090,547.02,UPI,normal
T009116,2026-09-26T08:37:44,AC36763445,AC42297987,308.04,UPI,normal
T009117,2026-09-26T08:38:06,AC18302983,AC69340085,370.09,NEFT,normal
T009118,2026-09-26T08:38:11,AC25482486,AC12614954,947.71,NEFT,normal
T009119,2026-09-26T08:39:12,AC13889649,AC52410090,1218.23,UPI,normal
T009120,2026-09-26T08:46:24,AC23741157,AC59117315,1612.20,UPI,normal
T009121,2026-09-26T08:49:51,AC62992312,AC30729474,386.33,UPI,normal
T009122,2026-09-26T08:58:16,AC13749650,AC26421523,1062.80,UPI,normal
T009123,2026-09-26T09:09:26,AC66126116,AC39472579,3116.02,UPI,normal
T009124,2026-09-26T09:11:14,AC25716331,AC59148289,228.45,UPI,normal
T009125,2026-09-26T09:13:28,AC13028344,AC63453132,1990.05,IMPS,normal
T009126,2026-09-26T09:15:47,AC42762079,AC40026139,926.82,UPI,normal
T009127,2026-09-26T09:20:34,AC57000147,AC50638453,146.32,NEFT,normal
T009128,2026-09-26T09:21:02,AC79358465,AC72778440,5646.12,UPI,normal
T009129,2026-09-26T09:22:16,AC58802897,AC43971558,1640.02,IMPS,normal
T009130,2026-09-26T09:33:04,AC74628898,AC36272404,429.70,UPI,normal
T009131,2026-09-26T09:35:17,AC96290869,AC29190316,1054.25,UPI,normal
T009132,2026-09-26T09:36:18,AC98384612,AC40026139,176.43,UPI,normal
T009133,2026-09-26T09:36:43,AC33131984,AC39472579,1671.35,UPI,normal
T009134,2026-09-26T09:46:51,AC68240437,AC29190316,454.63,UPI,normal
T009135,2026-09-26T09:47:11,AC25482486,AC59148289,2373.66,UPI,normal
T009136,2026-09-26T09:51:17,AC30379134,AC38546741,198.69,IMPS,normal
T009137,2026-09-26T09:55:22,AC57740731,AC31849997,852.01,UPI,normal
T009138,2026-09-26T10:07:38,AC75507385,AC72778440,328.88,UPI,normal
T009139,2026-09-26T10:10:27,AC52110478,AC39472579,222.75,NEFT,normal
T009140,2026-09-26T10:10:38,AC30256261,AC40026139,4617.96,UPI,normal
T009141,2026-09-26T10:19:08,AC37910936,AC55515398,254.39,IMPS,normal
T009142,2026-09-26T10:19:46,AC49321318,AC19814103,1342.49,NEFT,normal
T009143,2026-09-26T10:22:53,AC83517017,AC99635023,776.50,UPI,normal
T009144,2026-09-26T10:28:16,AC29938108,AC28422000,986.04,UPI,normal
T009145,2026-09-26T10:38:28,AC69072565,AC69340085,365.43,IMPS,normal
T009146,2026-09-26T10:41:57,AC54246886,AC40026139,755.50,IMPS,normal
T009147,2026-09-26T10:43:10,AC56100526,AC30729474,2070.48,UPI,normal
T009148,2026-09-26T10:48:00,AC57722796,AC64198427,356.16,UPI,normal
T009149,2026-09-26T10:48:19,AC93082061,AC30729474,1590.03,UPI,normal
T009150,2026-09-26T10:50:47,AC59982352,AC29190316,1218.58,IMPS,normal
T009151,2026-09-26T10:51:01,AC19722233,AC64198427,2760.18,UPI,normal
T009152,2026-09-26T10:55:24,AC83589642,AC12614954,302.72,IMPS,normal
T009153,2026-09-26T10:57:33,AC87097845,AC39472579,589.74,IMPS,normal
T009154,2026-09-26T11:06:08,AC22633920,AC12614954,555.87,UPI,normal
T009155,2026-09-26T11:10:31,AC82903368,AC67917877,169.31,UPI,normal
T009156,2026-09-26T11:19:09,AC87457446,AC29190316,719.28,UPI,normal
T009157,2026-09-26T11:21:14,AC83517017,AC38546741,2572.96,IMPS,normal
T009158,2026-09-26T11:32:17,AC88061052,AC26421523,1879.54,UPI,normal
T009159,2026-09-26T11:33:39,AC59081935,AC35676674,3158.00,IMPS,normal
T009160,2026-09-26T11:35:00,AC37430528,AC29190316,740.20,NEFT,normal
T009161,2026-09-26T11:38:30,AC41317839,AC59117315,644.66,UPI,normal
T009162,2026-09-26T11:38:54,AC30306925,AC28422000,1213.56,UPI,normal
T009163,2026-09-26T11:40:20,AC59217612,AC75399034,1054.85,UPI,normal
T009164,2026-09-26T11:41:29,AC55330357,AC26421523,987.19,UPI,normal
T009165,2026-09-26T11:47:29,AC32555071,AC39472579,1381.42,IMPS,normal
T009166,2026-09-26T11:50:31,AC19722233,AC30729474,1481.24,UPI,normal
T009167,2026-09-26T11:52:28,AC25809806,AC67917877,1009.29,UPI,normal
T009168,2026-09-26T11:56:43,AC23618316,AC91996233,2628.00,UPI,normal
T009169,2026-09-26T12:07:21,AC16655764,AC72778440,662.95,UPI,normal
T009170,2026-09-26T12:10:16,AC73639532,AC40026139,412.69,UPI,normal
T009171,2026-09-26T12:13:01,AC89774974,AC52751778,111.98,NEFT,normal
T009172,2026-09-26T12:33:54,AC32555071,AC99635023,1079.91,UPI,normal
T009173,2026-09-26T12:37:30,AC38019720,AC99635023,6766.11,UPI,normal
T009174,2026-09-26T12:38:16,AC43234300,AC40026139,841.51,UPI,normal
T009175,2026-09-26T12:43:23,AC24754327,AC29190316,114.43,IMPS,normal
T009176,2026-09-26T12:48:14,AC10527808,AC55362865,941.19,UPI,normal
T009177,2026-09-26T12:59:46,AC27550747,AC30729474,577.77,UPI,normal
T009178,2026-09-26T13:02:30,AC79358465,AC59148289,655.75,UPI,normal
T009179,2026-09-26T13:14:06,AC37910936,AC19814103,774.55,UPI,normal
T009180,2026-09-26T13:14:14,AC41132723,AC22633303,1563.84,UPI,normal
T009181,2026-09-26T13:30:53,AC35990584,AC22633303,466.60,UPI,normal
T009182,2026-09-26T13:35:58,AC55987803,AC79203339,1339.01,IMPS,normal
T009183,2026-09-26T13:49:15,AC93082061,AC99855030,1660.73,UPI,normal
T009184,2026-09-26T13:49:31,AC87832216,AC29190316,4361.69,UPI,normal
T009185,2026-09-26T13:52:37,AC36192056,AC40026139,145.42,NEFT,normal
T009186,2026-09-26T13:55:18,AC70825377,AC28422000,216.33,UPI,normal
T009187,2026-09-26T13:59:23,AC21378775,AC31849997,267.39,UPI,normal
T009188,2026-09-26T14:02:41,AC27874421,AC72778440,742.62,IMPS,normal
T009189,2026-09-26T14:06:19,AC98027796,AC30729474,796.25,IMPS,normal
T009190,2026-09-26T14:07:05,AC32817504,AC31849997,590.76,UPI,normal
T009191,2026-09-26T14:08:14,AC44841887,AC52751778,1884.27,UPI,normal
T009192,2026-09-26T14:10:01,AC78106871,AC69340085,243.85,UPI,normal
T009193,2026-09-26T14:14:34,AC27580355,AC31849997,891.42,IMPS,normal
T009194,2026-09-26T14:17:25,AC52164119,AC39472579,785.57,UPI,normal
T009195,2026-09-26T14:21:27,AC79578048,AC69340085,519.57,UPI,normal
T009196,2026-09-26T14:36:35,AC83960310,AC31667923,3725.00,UPI,normal
T009197,2026-09-26T14:40:51,AC36752197,AC12871813,4526.00,UPI,normal
T009198,2026-09-26T14:51:27,AC84688894,AC55362865,240.27,UPI,normal
T009199,2026-09-26T14:52:03,AC72458740,AC59148289,271.77,IMPS,normal
T009200,2026-09-26T14:54:37,AC17056578,AC55515398,881.88,NEFT,normal
T009201,2026-09-26T15:08:45,AC82021083,AC26421523,1129.62,NEFT,normal
T009202,2026-09-26T15:09:21,AC91907998,AC42297987,523.71,UPI,normal
T009203,2026-09-26T15:09:54,AC17626596,AC22374072,1485.37,NEFT,normal
T009204,2026-09-26T15:10:45,AC30379134,AC40026139,423.89,UPI,normal
T009205,2026-09-26T15:12:28,AC45265254,AC59148289,1074.38,IMPS,normal
T009206,2026-09-26T15:29:47,AC77264814,AC30729474,908.42,UPI,normal
T009207,2026-09-26T15:31:09,AC47167180,AC39472579,835.39,UPI,normal
T009208,2026-09-26T15:31:35,AC83960310,AC55362865,465.60,IMPS,normal
T009209,2026-09-26T15:38:42,AC38325623,AC26421523,1949.89,IMPS,normal
T009210,2026-09-26T15:41:45,AC63873226,AC52751778,277.89,NEFT,normal
T009211,2026-09-26T15:42:09,AC90836544,AC39472579,1684.79,UPI,normal
T009212,2026-09-26T15:43:52,AC54246886,AC63453132,205.16,NEFT,normal
T009213,2026-09-26T15:47:12,AC70825377,AC39472579,1660.78,UPI,normal
T009214,2026-09-26T15:48:04,AC13757254,AC39472579,476.31,UPI,normal
T009215,2026-09-26T15:49:28,AC16655764,AC67917877,545.43,NEFT,normal
T009216,2026-09-26T15:49:45,AC83849218,AC42297987,2596.76,IMPS,normal
T009217,2026-09-26T15:55:07,AC45535068,AC24241764,3600.00,UPI,normal
T009218,2026-09-26T15:58:39,AC70025882,AC99635023,325.10,UPI,normal
T009219,2026-09-26T16:06:26,AC85196458,AC59148289,338.33,UPI,normal
T009220,2026-09-26T16:14:49,AC57484087,AC99635023,476.51,UPI,normal
T009221,2026-09-26T16:16:48,AC79476293,AC59148289,208.68,IMPS,normal
T009222,2026-09-26T16:18:32,AC99141000,AC59148289,521.73,UPI,normal
T009223,2026-09-26T16:19:23,AC42301241,AC20418044,357.00,UPI,normal
T009224,2026-09-26T16:22:17,AC58802897,AC99635023,229.38,UPI,normal
T009225,2026-09-26T16:25:49,AC16252221,AC40026139,1456.70,NEFT,normal
T009226,2026-09-26T16:36:57,AC73667109,AC30729474,617.41,UPI,normal
T009227,2026-09-26T16:40:18,AC72164355,AC39472579,212.25,NEFT,normal
T009228,2026-09-26T16:43:05,AC90836544,AC39472579,556.31,NEFT,normal
T009229,2026-09-26T16:49:51,AC85201674,AC69072565,2210.00,UPI,normal
T009230,2026-09-26T16:57:22,AC13757254,AC40026139,187.87,UPI,normal
T009231,2026-09-26T17:03:06,AC80490681,AC55362865,196.29,UPI,normal
T009232,2026-09-26T17:25:36,AC80881649,AC55515398,317.12,NEFT,normal
T009233,2026-09-26T17:26:31,AC22562241,AC12614954,278.09,UPI,normal
T009234,2026-09-26T17:30:55,AC12510524,AC99635023,151.85,NEFT,normal
T009235,2026-09-26T17:36:15,AC17626596,AC55515398,758.42,UPI,normal
T009236,2026-09-26T17:36:25,AC68224916,AC29190316,848.64,UPI,normal
T009237,2026-09-26T17:47:24,AC23618316,AC26421523,1202.24,IMPS,normal
T009238,2026-09-26T17:54:26,AC12871813,AC26421523,1694.14,UPI,normal
T009239,2026-09-26T17:54:38,AC29938108,AC30729474,1325.94,UPI,normal
T009240,2026-09-26T17:56:46,AC40432459,AC40026139,3997.59,UPI,normal
T009241,2026-09-26T18:02:11,AC58940600,AC36272404,1773.01,NEFT,normal
T009242,2026-09-26T18:08:17,AC27874421,AC63453132,2463.76,IMPS,normal
T009243,2026-09-26T18:08:23,AC35583179,AC31849997,1048.64,UPI,normal
T009244,2026-09-26T18:24:22,AC47369042,AC63453132,562.42,NEFT,normal
T009245,2026-09-26T18:26:34,AC29619183,AC30729474,176.68,UPI,normal
T009246,2026-09-26T18:41:04,AC99141000,AC40026139,1249.64,NEFT,normal
T009247,2026-09-26T18:41:09,AC85748230,AC12614954,199.22,NEFT,normal
T009248,2026-09-26T18:41:18,AC95753514,AC39472579,430.01,UPI,normal
T009249,2026-09-26T18:45:37,AC55330357,AC26421523,302.68,UPI,normal
T009250,2026-09-26T18:53:55,AC98915866,AC30729474,555.42,UPI,normal
T009251,2026-09-26T18:55:52,AC13028344,AC99635023,305.37,UPI,normal
T009252,2026-09-26T18:56:54,AC12510524,AC99635023,592.29,NEFT,normal
T009253,2026-09-26T19:00:09,AC47290936,AC29190316,2401.06,UPI,normal
T009254,2026-09-26T19:08:48,AC87097845,AC84363365,845.14,NEFT,normal
T009255,2026-09-26T19:10:27,AC43234300,AC12614954,793.11,UPI,normal
T009256,2026-09-26T19:10:31,AC97197858,AC26421523,1676.73,UPI,normal
T009257,2026-09-26T19:15:10,AC43352343,AC26421523,1255.70,UPI,normal
T009258,2026-09-26T19:17:11,AC93760773,AC31671607,586.87,UPI,normal
T009259,2026-09-26T19:24:31,AC69491792,AC72778440,630.23,UPI,normal
T009260,2026-09-26T19:30:12,AC83960310,AC26421523,459.46,UPI,normal
T009261,2026-09-26T19:39:31,AC61061966,AC55362865,627.54,IMPS,normal
T009262,2026-09-26T20:06:17,AC66126116,AC26421523,494.31,IMPS,normal
T009263,2026-09-26T20:12:21,AC80881649,AC75399034,782.33,NEFT,normal
T009264,2026-09-26T20:13:01,AC45046288,AC69340085,374.35,UPI,normal
T009265,2026-09-26T20:18:35,AC86072408,AC12614954,443.04,UPI,normal
T009266,2026-09-26T20:21:36,AC82687908,AC40026139,779.58,UPI,normal
T009267,2026-09-26T20:24:48,AC40432459,AC29190316,300.34,UPI,normal
T009268,2026-09-26T20:32:34,AC43352343,AC43971558,2210.97,IMPS,normal
T009269,2026-09-26T20:33:18,AC41317839,AC55362865,890.59,UPI,normal
T009270,2026-09-26T20:35:10,AC28377915,AC19814103,292.82,NEFT,normal
T009271,2026-09-26T20:41:10,AC11619076,AC99635023,938.66,IMPS,normal
T009272,2026-09-26T20:41:17,AC40432459,AC30729474,398.34,UPI,normal
T009273,2026-09-26T20:42:18,AC10549434,AC39472579,461.30,UPI,normal
T009274,2026-09-26T20:42:18,AC18354761,AC67490644,284.20,UPI,normal
T009275,2026-09-26T20:47:05,AC30379134,AC42297987,214.56,UPI,normal
T009276,2026-09-26T20:48:26,AC56171824,AC59148289,687.99,UPI,normal
T009277,2026-09-26T20:51:04,AC95421789,AC22374072,2027.68,UPI,normal
T009278,2026-09-26T20:52:29,AC63907779,AC55515398,934.17,NEFT,normal
T009279,2026-09-26T20:52:41,AC25716331,AC95132904,4334.00,IMPS,normal
T009280,2026-09-26T21:03:34,AC92418944,AC99635023,374.92,UPI,normal
T009281,2026-09-26T21:05:31,AC15262308,AC99635023,490.14,NEFT,normal
T009282,2026-09-26T21:05:33,AC23715389,AC26421523,302.98,UPI,normal
T009283,2026-09-26T21:08:12,AC80224010,AC99635023,580.48,UPI,normal
T009284,2026-09-26T21:09:51,AC45046288,AC63453132,903.76,IMPS,normal
T009285,2026-09-26T21:14:26,AC78741149,AC96363470,104.48,UPI,normal
T009286,2026-09-26T21:16:12,AC79301246,AC57709585,1940.00,UPI,normal
T009287,2026-09-26T21:16:14,AC39673100,AC26421523,498.37,UPI,normal
T009288,2026-09-26T21:16:17,AC83061791,AC55515398,3167.71,NEFT,normal
T009289,2026-09-26T21:16:25,AC22633920,AC84363365,634.58,IMPS,normal
T009290,2026-09-26T21:17:24,AC13889649,AC52410090,264.37,IMPS,normal
T009291,2026-09-26T21:21:01,AC43857462,AC36272404,334.00,UPI,normal
T009292,2026-09-26T21:26:06,AC18174466,AC62662255,813.10,IMPS,normal
T009293,2026-09-26T21:28:41,AC26487605,AC63453132,317.29,UPI,normal
T009294,2026-09-26T21:35:30,AC22175294,AC96363470,737.95,UPI,normal
T009295,2026-09-26T21:38:58,AC83061791,AC40026139,1457.78,UPI,normal
T009296,2026-09-26T21:39:19,AC43234300,AC75399034,731.34,IMPS,normal
T009297,2026-09-26T21:39:58,AC73639532,AC42297987,169.09,UPI,normal
T009298,2026-09-26T21:44:02,AC92083983,AC29190316,2558.73,UPI,normal
T009299,2026-09-26T21:49:19,AC33131984,AC99635023,797.22,UPI,normal
T009300,2026-09-26T21:54:29,AC15032582,AC99635023,552.72,NEFT,normal
T009301,2026-09-26T21:58:56,AC18427393,AC52751778,1147.51,UPI,normal
T009302,2026-09-26T22:10:11,AC19824854,AC38546741,2400.57,UPI,normal
T009303,2026-09-26T22:19:22,AC91733095,AC36272404,1063.43,UPI,normal
T009304,2026-09-26T22:21:45,AC50234045,AC40026139,1451.48,UPI,normal
T009305,2026-09-26T22:31:44,AC88710264,AC39962626,3144.00,UPI,normal
T009306,2026-09-26T22:33:34,AC82569631,AC99635023,719.58,UPI,normal
T009307,2026-09-26T22:35:10,AC85196458,AC96363470,1783.00,IMPS,normal
T009308,2026-09-26T22:38:05,AC13889649,AC29190316,381.37,IMPS,normal
T009309,2026-09-26T22:47:08,AC63404922,AC27592411,2000.00,NEFT,normal
T009310,2026-09-26T22:49:27,AC37643310,AC31849997,534.18,UPI,normal
T009311,2026-09-26T22:50:15,AC22215229,AC50638453,1920.90,IMPS,normal
T009312,2026-09-26T22:52:22,AC36752197,AC31671607,506.44,UPI,normal
T009313,2026-09-26T22:57:16,AC40432459,AC36832537,1288.00,IMPS,normal
T009314,2026-09-27T07:02:14,AC95753514,AC39472579,551.51,IMPS,normal
T009315,2026-09-27T07:08:56,AC36763445,AC42297987,1430.30,UPI,normal
T009316,2026-09-27T07:12:56,AC43857462,AC59148289,988.74,UPI,normal
T009317,2026-09-27T07:14:05,AC81483341,AC75399034,256.70,NEFT,normal
T009318,2026-09-27T07:23:58,AC63404922,AC29190316,353.71,NEFT,normal
T009319,2026-09-27T07:24:54,AC99745048,AC99635023,265.61,UPI,normal
T009320,2026-09-27T07:26:36,AC62664205,AC30729474,450.20,UPI,normal
T009321,2026-09-27T07:35:34,AC57709585,AC28422000,1780.43,IMPS,normal
T009322,2026-09-27T07:36:05,AC82023741,AC22633303,279.37,UPI,normal
T009323,2026-09-27T07:36:11,AC83639904,AC38546741,675.20,IMPS,normal
T009324,2026-09-27T07:40:36,AC53703122,AC59148289,1406.00,UPI,normal
T009325,2026-09-27T07:40:50,AC11911654,AC39472579,678.80,NEFT,normal
T009326,2026-09-27T07:41:34,AC70241505,AC96363470,369.34,UPI,normal
T009327,2026-09-27T07:42:25,AC74160948,AC84363365,1105.96,NEFT,normal
T009328,2026-09-27T07:56:13,AC62759119,AC38546741,490.52,NEFT,normal
T009329,2026-09-27T07:56:27,AC95132904,AC66542771,1732.80,UPI,normal
T009330,2026-09-27T07:56:31,AC80263864,AC55515398,123.80,UPI,normal
T009331,2026-09-27T07:57:15,AC81924865,AC12614954,220.46,UPI,normal
T009332,2026-09-27T07:57:17,AC50234045,AC99635023,3585.74,IMPS,normal
T009333,2026-09-27T08:00:54,AC70025882,AC26421523,300.81,UPI,normal
T009334,2026-09-27T08:00:56,AC35583179,AC40026139,434.88,UPI,normal
T009335,2026-09-27T08:08:54,AC88061052,AC84363365,642.33,UPI,normal
T009336,2026-09-27T08:16:42,AC81232885,AC72778440,1249.84,NEFT,normal
T009337,2026-09-27T08:19:10,AC71967692,AC52751778,268.59,UPI,normal
T009338,2026-09-27T08:24:12,AC84550146,AC38546741,251.58,IMPS,normal
T009339,2026-09-27T08:31:21,AC73667109,AC52751778,1255.14,UPI,normal
T009340,2026-09-27T08:45:31,AC18174466,AC59148289,354.50,UPI,normal
T009341,2026-09-27T08:50:41,AC44811353,AC28422000,1346.58,UPI,normal
T009342,2026-09-27T08:54:15,AC55650450,AC72778440,2732.21,IMPS,normal
T009343,2026-09-27T08:58:45,AC44811353,AC99635023,138.67,UPI,normal
T009344,2026-09-27T09:02:32,AC81924865,AC55515398,194.62,UPI,normal
T009345,2026-09-27T09:03:50,AC20809644,AC99635023,1338.14,UPI,normal
T009346,2026-09-27T09:04:11,AC21397668,AC34256684,3550.00,UPI,normal
T009347,2026-09-27T09:04:31,AC63746500,AC40026139,2896.87,NEFT,normal
T009348,2026-09-27T09:10:13,AC91996233,AC99635023,1406.95,UPI,normal
T009349,2026-09-27T09:14:23,AC13697544,AC40026139,132.51,UPI,normal
T009350,2026-09-27T09:15:44,AC38881120,AC31671607,880.12,IMPS,normal
T009351,2026-09-27T09:20:21,AC71230843,AC99635023,311.03,UPI,normal
T009352,2026-09-27T09:33:21,AC90836544,AC52751778,673.32,IMPS,normal
T009353,2026-09-27T09:35:17,AC10256129,AC96363470,587.43,IMPS,normal
T009354,2026-09-27T09:35:23,AC22633920,AC50638453,261.59,UPI,normal
T009355,2026-09-27T09:36:53,AC30399018,AC31321298,1666.00,UPI,normal
T009356,2026-09-27T09:49:30,AC86013032,AC79203339,317.80,UPI,normal
T009357,2026-09-27T09:49:59,AC31667923,AC26421523,1698.24,NEFT,normal
T009358,2026-09-27T09:50:20,AC70002780,AC98618129,866.09,NEFT,normal
T009359,2026-09-27T09:53:58,AC85893910,AC55515398,551.42,NEFT,normal
T009360,2026-09-27T10:04:07,AC25482486,AC52751778,976.66,UPI,normal
T009361,2026-09-27T10:11:37,AC21138017,AC28422000,405.94,UPI,normal
T009362,2026-09-27T10:12:16,AC88220482,AC17784483,4835.00,NEFT,normal
T009363,2026-09-27T10:19:41,AC48870700,AC12614954,372.09,IMPS,normal
T009364,2026-09-27T10:22:56,AC17999533,AC99855030,692.92,UPI,normal
T009365,2026-09-27T10:30:06,AC55909953,AC40026139,1102.44,NEFT,normal
T009366,2026-09-27T10:32:18,AC29676659,AC39472579,225.20,UPI,normal
T009367,2026-09-27T10:34:29,AC71230843,AC50008920,1999.00,IMPS,normal
T009368,2026-09-27T10:34:51,AC93082061,AC62662255,776.26,UPI,normal
T009369,2026-09-27T10:46:20,AC55641228,AC38546741,1790.21,UPI,normal
T009370,2026-09-27T10:57:47,AC36401454,AC99635023,977.33,NEFT,normal
T009371,2026-09-27T11:17:01,AC80676511,AC36272404,407.07,NEFT,normal
T009372,2026-09-27T11:18:40,AC73382988,AC29190316,1514.44,UPI,normal
T009373,2026-09-27T11:18:41,AC55330357,AC99635023,578.19,UPI,normal
T009374,2026-09-27T11:25:04,AC30047826,AC42297987,1219.70,UPI,normal
T009375,2026-09-27T11:25:10,AC70690025,AC99635023,626.72,NEFT,normal
T009376,2026-09-27T11:34:51,AC91678821,AC19814103,2208.67,UPI,normal
T009377,2026-09-27T11:43:46,AC24241764,AC99635023,795.12,NEFT,normal
T009378,2026-09-27T11:48:33,AC96319863,AC52751778,271.85,UPI,normal
T009379,2026-09-27T11:50:17,AC38019720,AC99635023,74.44,NEFT,normal
T009380,2026-09-27T11:51:59,AC23119148,AC96363470,2540.66,NEFT,normal
T009381,2026-09-27T11:53:54,AC54629703,AC31849997,1032.17,NEFT,normal
T009382,2026-09-27T12:01:58,AC81232885,AC29190316,227.51,IMPS,normal
T009383,2026-09-27T12:02:55,AC70690025,AC19814103,1374.13,UPI,normal
T009384,2026-09-27T12:15:51,AC63746500,AC55362865,947.49,UPI,normal
T009385,2026-09-27T12:25:16,AC30246633,AC75399034,1342.31,UPI,normal
T009386,2026-09-27T12:34:44,AC47502921,AC50638453,169.20,UPI,normal
T009387,2026-09-27T12:36:42,AC76140059,AC98618129,328.78,NEFT,normal
T009388,2026-09-27T12:39:53,AC36401454,AC59148289,63.04,UPI,normal
T009389,2026-09-27T12:57:33,AC85394042,AC30729474,2237.97,NEFT,normal
T009390,2026-09-27T13:09:55,AC36752197,AC55362865,3232.52,UPI,normal
T009391,2026-09-27T13:16:43,AC54246886,AC59148289,930.07,NEFT,normal
T009392,2026-09-27T13:18:42,AC17056578,AC96363470,171.04,UPI,normal
T009393,2026-09-27T13:20:58,AC89976351,AC67490644,763.75,UPI,normal
T009394,2026-09-27T13:23:30,AC86910239,AC84363365,481.42,UPI,normal
T009395,2026-09-27T13:24:57,AC85201674,AC66542771,226.23,NEFT,normal
T009396,2026-09-27T13:28:59,AC17784483,AC22633303,1570.72,UPI,normal
T009397,2026-09-27T13:36:48,AC22633920,AC39472579,4053.53,UPI,normal
T009398,2026-09-27T13:37:01,AC85196458,AC66542771,536.39,UPI,normal
T009399,2026-09-27T13:40:46,AC81576359,AC39472579,1902.00,UPI,normal
T009400,2026-09-27T13:42:25,AC25716331,AC59148289,1336.70,NEFT,normal
T009401,2026-09-27T13:44:40,AC98217056,AC47203213,2487.00,UPI,normal
T009402,2026-09-27T13:53:47,AC38558820,AC30729474,613.66,UPI,normal
T009403,2026-09-27T13:57:21,AC17784483,AC98618129,644.11,UPI,normal
T009404,2026-09-27T13:58:25,AC13889649,AC96363470,471.28,UPI,normal
T009405,2026-09-27T14:02:22,AC33651543,AC52751778,919.63,UPI,normal
T009406,2026-09-27T14:05:06,AC41132723,AC99635023,1111.94,NEFT,normal
T009407,2026-09-27T14:06:18,AC91907998,AC43971558,455.94,IMPS,normal
T009408,2026-09-27T14:07:08,AC74160468,AC79203339,2372.51,UPI,normal
T009409,2026-09-27T14:11:36,AC44811353,AC32555071,2342.00,UPI,normal
T009410,2026-09-27T14:12:46,AC42301241,AC38546741,891.24,UPI,normal
T009411,2026-09-27T14:12:51,AC80881649,AC38546741,195.44,UPI,normal
T009412,2026-09-27T14:15:03,AC47502921,AC55362865,465.91,IMPS,normal
T009413,2026-09-27T14:16:50,AC93760773,AC40026139,613.86,UPI,normal
T009414,2026-09-27T14:20:00,AC32420002,AC57864027,567.84,UPI,normal
T009415,2026-09-27T14:20:02,AC83849218,AC55515398,723.77,UPI,normal
T009416,2026-09-27T14:20:09,AC28999723,AC42297987,483.24,UPI,normal
T009417,2026-09-27T14:20:56,AC23076910,AC59148289,795.47,UPI,normal
T009418,2026-09-27T14:22:30,AC71230843,AC30729474,474.87,UPI,normal
T009419,2026-09-27T14:27:54,AC76662562,AC40026139,608.64,UPI,normal
T009420,2026-09-27T14:36:25,AC67390467,AC40026139,119.02,IMPS,normal
T009421,2026-09-27T14:38:31,AC32140838,AC66542771,1207.66,NEFT,normal
T009422,2026-09-27T14:39:23,AC63241552,AC59148289,930.51,NEFT,normal
T009423,2026-09-27T14:47:02,AC93082061,AC28422000,481.45,UPI,normal
T009424,2026-09-27T14:48:14,AC20986393,AC52751778,525.87,NEFT,normal
T009425,2026-09-27T14:48:56,AC81380338,AC96363470,182.53,UPI,normal
T009426,2026-09-27T14:56:53,AC58553593,AC39472579,2407.77,NEFT,normal
T009427,2026-09-27T15:00:09,AC92212100,AC55362865,329.71,NEFT,normal
T009428,2026-09-27T15:00:27,AC91678821,AC79203339,287.52,UPI,normal
T009429,2026-09-27T15:03:46,AC13629581,AC39472579,802.17,NEFT,normal
T009430,2026-09-27T15:05:34,AC92418944,AC26151306,2421.00,NEFT,normal
T009431,2026-09-27T15:16:31,AC84903659,AC19736972,573.61,UPI,normal
T009432,2026-09-27T15:23:11,AC73667109,AC18302983,117.00,UPI,normal
T009433,2026-09-27T15:27:08,AC36146343,AC39472579,770.59,UPI,normal
T009434,2026-09-27T15:32:54,AC52164119,AC52751778,554.35,NEFT,normal
T009435,2026-09-27T15:33:42,AC37643310,AC99855030,386.50,UPI,normal
T009436,2026-09-27T15:35:32,AC37543491,AC57709585,2473.00,NEFT,normal
T009437,2026-09-27T15:35:43,AC74353833,AC62662255,653.33,NEFT,normal
T009438,2026-09-27T15:47:33,AC66238912,AC31849997,1578.63,NEFT,normal
T009439,2026-09-27T15:53:13,AC65740154,AC39472579,218.06,NEFT,normal
T009440,2026-09-27T15:56:01,AC57000147,AC29190316,137.20,NEFT,normal
T009441,2026-09-27T15:56:55,AC83517017,AC55515398,168.02,IMPS,normal
T009442,2026-09-27T15:57:18,AC85893910,AC28422000,354.43,UPI,normal
T009443,2026-09-27T15:57:47,AC76627625,AC40026139,628.46,UPI,normal
T009444,2026-09-27T15:58:50,AC84903659,AC63453132,1640.26,IMPS,normal
T009445,2026-09-27T16:05:55,AC24241764,AC67490644,91.74,NEFT,normal
T009446,2026-09-27T16:07:10,AC92083983,AC52751778,421.49,UPI,normal
T009447,2026-09-27T16:15:43,AC41317839,AC59148289,414.88,IMPS,normal
T009448,2026-09-27T16:17:01,AC59560375,AC40026139,1092.30,UPI,normal
T009449,2026-09-27T16:23:34,AC77854192,AC55362865,484.83,UPI,normal
T009450,2026-09-27T16:24:33,AC47502921,AC59117315,158.06,UPI,normal
T009451,2026-09-27T16:25:45,AC93094361,AC29190316,448.50,UPI,normal
T009452,2026-09-27T16:32:32,AC16655764,AC99635023,142.12,UPI,normal
T009453,2026-09-27T16:37:47,AC97641229,AC96363470,1157.89,UPI,normal
T009454,2026-09-27T16:40:02,AC39936146,AC30729474,602.33,UPI,normal
T009455,2026-09-27T16:42:55,AC81751584,AC39472579,208.38,UPI,normal
T009456,2026-09-27T16:43:45,AC91354422,AC63778945,4627.00,NEFT,normal
T009457,2026-09-27T16:50:02,AC71967692,AC38546741,1540.52,UPI,normal
T009458,2026-09-27T16:52:41,AC78741149,AC43971558,2205.31,IMPS,normal
T009459,2026-09-27T16:54:10,AC71289682,AC40026139,2469.07,IMPS,normal
T009460,2026-09-27T16:58:24,AC96290869,AC30729474,860.29,IMPS,normal
T009461,2026-09-27T17:01:56,AC52110478,AC26843185,294.00,IMPS,normal
T009462,2026-09-27T17:09:06,AC81924865,AC55515398,1025.94,NEFT,normal
T009463,2026-09-27T17:14:31,AC82687908,AC36272404,1002.69,IMPS,normal
T009464,2026-09-27T17:15:35,AC50234045,AC99635023,2599.79,NEFT,normal
T009465,2026-09-27T17:16:38,AC51856109,AC86013032,3165.00,UPI,normal
T009466,2026-09-27T17:19:52,AC48870700,AC59148289,231.79,UPI,normal
T009467,2026-09-27T17:21:18,AC39287351,AC52751778,1090.07,UPI,normal
T009468,2026-09-27T17:21:40,AC76627625,AC99635023,147.13,IMPS,normal
T009469,2026-09-27T17:25:37,AC89297484,AC86013032,741.00,UPI,normal
T009470,2026-09-27T17:30:37,AC56574257,AC19736972,482.27,UPI,normal
T009471,2026-09-27T17:37:14,AC88061052,AC99635023,528.36,UPI,normal
T009472,2026-09-27T17:38:13,AC17784483,AC98618129,393.55,NEFT,normal
T009473,2026-09-27T17:56:57,AC56625835,AC40026139,693.33,IMPS,normal
T009474,2026-09-27T17:59:04,AC76140059,AC26421523,2025.87,UPI,normal
T009475,2026-09-27T17:59:54,AC33960779,AC98618129,206.81,IMPS,normal
T009476,2026-09-27T18:01:00,AC92418944,AC29190316,526.11,UPI,normal
T009477,2026-09-27T18:02:43,AC83517017,AC69340085,658.93,UPI,normal
T009478,2026-09-27T18:04:19,AC43614663,AC63453132,1334.81,NEFT,normal
T009479,2026-09-27T18:05:25,AC53464097,AC12614954,1550.90,UPI,normal
T009480,2026-09-27T18:09:35,AC17784483,AC52410090,2345.07,UPI,normal
T009481,2026-09-27T18:17:37,AC70025882,AC98618129,616.43,IMPS,normal
T009482,2026-09-27T18:20:02,AC10527808,AC98618129,115.21,UPI,normal
T009483,2026-09-27T18:21:22,AC67783637,AC22374072,267.42,IMPS,normal
T009484,2026-09-27T18:24:54,AC63778945,AC19814103,5429.43,UPI,normal
T009485,2026-09-27T18:31:15,AC70288912,AC75399034,1373.07,UPI,normal
T009486,2026-09-27T18:33:36,AC98662305,AC38546741,3309.39,UPI,normal
T009487,2026-09-27T18:35:37,AC90628248,AC40026139,488.68,NEFT,normal
T009488,2026-09-27T18:37:24,AC38558820,AC29190316,4353.33,UPI,normal
T009489,2026-09-27T18:42:30,AC69812891,AC69340085,288.77,UPI,normal
T009490,2026-09-27T18:42:36,AC79358465,AC31849997,406.05,IMPS,normal
T009491,2026-09-27T18:46:30,AC34576324,AC59117315,1155.40,IMPS,normal
T009492,2026-09-27T18:48:06,AC39936146,AC59148289,1515.57,UPI,normal
T009493,2026-09-27T18:51:30,AC72164355,AC67490644,819.17,UPI,normal
T009494,2026-09-27T18:56:16,AC23831903,AC99635023,1087.30,UPI,normal
T009495,2026-09-27T18:56:50,AC84903659,AC42297987,370.43,UPI,normal
T009496,2026-09-27T18:57:52,AC83744576,AC55515398,215.17,UPI,normal
T009497,2026-09-27T19:00:00,AC38325623,AC38546741,2070.35,UPI,normal
T009498,2026-09-27T19:03:47,AC83849218,AC36272404,4271.12,UPI,normal
T009499,2026-09-27T19:09:24,AC81751584,AC28422000,657.24,IMPS,normal
T009500,2026-09-27T19:17:06,AC27359750,AC29190316,1314.69,NEFT,normal
T009501,2026-09-27T19:21:02,AC21527244,AC59148289,7908.48,IMPS,normal
T009502,2026-09-27T19:24:26,AC25809806,AC59148289,300.41,UPI,normal
T009503,2026-09-27T19:25:22,AC10031310,AC59148289,626.50,UPI,normal
T009504,2026-09-27T19:26:04,AC21138017,AC62662255,908.23,IMPS,normal
T009505,2026-09-27T19:27:57,AC56100526,AC66542771,1782.16,UPI,normal
T009506,2026-09-27T19:32:40,AC80676511,AC42297987,569.40,UPI,normal
T009507,2026-09-27T19:33:44,AC50298754,AC40026139,810.15,UPI,normal
T009508,2026-09-27T19:36:39,AC13757254,AC57864027,299.50,UPI,normal
T009509,2026-09-27T19:37:35,AC98662305,AC29190316,707.71,UPI,normal
T009510,2026-09-27T19:48:10,AC43857462,AC55515398,931.76,UPI,normal
T009511,2026-09-27T19:50:02,AC66455770,AC29190316,2073.79,NEFT,normal
T009512,2026-09-27T19:50:58,AC84688894,AC28999723,3353.00,UPI,normal
T009513,2026-09-27T19:52:39,AC21643368,AC29190316,560.78,UPI,normal
T009514,2026-09-27T19:58:41,AC36763445,AC39472579,1077.14,NEFT,normal
T009515,2026-09-27T19:59:00,AC17056578,AC84363365,814.15,UPI,normal
T009516,2026-09-27T20:05:57,AC27592411,AC22633303,2758.04,UPI,normal
T009517,2026-09-27T20:07:07,AC41317839,AC50638453,778.69,NEFT,normal
T009518,2026-09-27T20:07:36,AC76627625,AC55515398,89.74,IMPS,normal
T009519,2026-09-27T20:08:16,AC89070818,AC42297987,1202.79,IMPS,normal
T009520,2026-09-27T20:19:06,AC91354422,AC23076910,242.00,IMPS,normal
T009521,2026-09-27T20:22:25,AC47840101,AC30729474,367.59,UPI,normal
T009522,2026-09-27T20:24:05,AC57484087,AC40026139,1538.68,UPI,normal
T009523,2026-09-27T20:28:47,AC63404922,AC99635023,196.62,NEFT,normal
T009524,2026-09-27T20:30:46,AC30256261,AC30729474,223.81,NEFT,normal
T009525,2026-09-27T20:36:46,AC26093192,AC19814103,2246.83,UPI,normal
T009526,2026-09-27T20:39:23,AC46230636,AC55362865,847.78,UPI,normal
T009527,2026-09-27T20:39:25,AC15032582,AC68224916,4314.00,IMPS,normal
T009528,2026-09-27T20:43:55,AC18142912,AC75399034,1218.59,UPI,normal
T009529,2026-09-27T20:46:16,AC30399018,AC26421523,659.29,IMPS,normal
T009530,2026-09-27T20:46:56,AC27592411,AC55362865,1361.84,NEFT,normal
T009531,2026-09-27T20:48:03,AC57722796,AC28422000,834.35,UPI,normal
T009532,2026-09-27T20:48:30,AC34576324,AC30729474,169.62,UPI,normal
T009533,2026-09-27T20:54:15,AC62148384,AC69340085,620.40,UPI,normal
T009534,2026-09-27T20:55:41,AC54246886,AC22374072,798.01,UPI,normal
T009535,2026-09-27T20:59:01,AC22633920,AC98618129,743.42,IMPS,normal
T009536,2026-09-27T21:00:04,AC18174466,AC42297987,151.72,IMPS,normal
T009537,2026-09-27T21:06:16,AC38558820,AC79203339,621.41,UPI,normal
T009538,2026-09-27T21:18:41,AC19039243,AC40026139,3208.58,UPI,normal
T009539,2026-09-27T21:20:46,AC88248519,AC29190316,2506.72,IMPS,normal
T009540,2026-09-27T21:21:59,AC67783637,AC33960779,149.00,NEFT,normal
T009541,2026-09-27T21:26:44,AC62664205,AC99635023,467.82,NEFT,normal
T009542,2026-09-27T21:29:04,AC38558820,AC99635023,244.92,UPI,normal
T009543,2026-09-27T21:41:06,AC96290869,AC29190316,179.08,NEFT,normal
T009544,2026-09-27T21:42:41,AC67390467,AC55515398,103.86,NEFT,normal
T009545,2026-09-27T21:43:36,AC87832216,AC72778440,386.29,UPI,normal
T009546,2026-09-27T21:44:23,AC87570629,AC39472579,205.24,UPI,normal
T009547,2026-09-27T21:50:22,AC50298754,AC59117315,833.24,UPI,normal
T009548,2026-09-27T21:52:30,AC66255890,AC99635023,1068.45,NEFT,normal
T009549,2026-09-27T21:54:34,AC74160468,AC63453132,2825.69,NEFT,normal
T009550,2026-09-27T21:57:43,AC98027796,AC40026139,348.23,NEFT,normal
T009551,2026-09-27T21:58:29,AC66238912,AC29190316,788.18,IMPS,normal
T009552,2026-09-27T22:00:19,AC52164119,AC59148289,465.24,UPI,normal
T009553,2026-09-27T22:07:20,AC22633920,AC90628248,2925.00,IMPS,normal
T009554,2026-09-27T22:08:08,AC88592782,AC22374072,2124.38,UPI,normal
T009555,2026-09-27T22:11:43,AC53703122,AC29190316,1098.84,IMPS,normal
T009556,2026-09-27T22:16:42,AC11619076,AC39472579,740.64,UPI,normal
T009557,2026-09-27T22:20:30,AC73639532,AC12614954,858.71,UPI,normal
T009558,2026-09-27T22:23:36,AC13422671,AC24241764,2467.00,NEFT,normal
T009559,2026-09-27T22:26:52,AC12871813,AC99635023,1485.83,UPI,normal
T009560,2026-09-27T22:29:20,AC32420002,AC40026139,1093.60,UPI,normal
T009561,2026-09-27T22:35:57,AC20809644,AC59117315,749.16,IMPS,normal
T009562,2026-09-27T22:38:48,AC13757254,AC58153450,3574.00,UPI,normal
T009563,2026-09-27T22:53:36,AC99686414,AC40026139,1715.01,UPI,normal
T009564,2026-09-27T22:54:00,AC87097845,AC30729474,428.44,IMPS,normal
T009565,2026-09-27T22:55:22,AC25482486,AC98618129,2454.21,UPI,normal
T009566,2026-09-28T07:02:21,AC85196458,AC66542771,2056.46,UPI,normal
T009567,2026-09-28T07:07:58,AC58530762,AC59148289,698.63,UPI,normal
T009568,2026-09-28T07:08:45,AC51856109,AC99635023,814.76,UPI,normal
T009569,2026-09-28T07:11:29,AC26843185,AC42297987,489.16,UPI,normal
T009570,2026-09-28T07:14:42,AC29361589,AC39472579,181.27,UPI,normal
T009571,2026-09-28T07:14:46,AC20986393,AC22633303,146.90,NEFT,normal
T009572,2026-09-28T07:15:57,AC45643433,AC69340085,877.55,UPI,normal
T009573,2026-09-28T07:20:37,AC50008920,AC40026139,1495.87,UPI,normal
T009574,2026-09-28T07:20:46,AC20986393,AC31849997,3230.01,UPI,normal
T009575,2026-09-28T07:24:22,AC30256261,AC99635023,1058.27,NEFT,normal
T009576,2026-09-28T07:34:11,AC85201674,AC31671607,611.04,IMPS,normal
T009577,2026-09-28T07:51:49,AC66978001,AC19736972,1851.69,UPI,normal
T009578,2026-09-28T07:53:04,AC92083983,AC96290869,1099.00,IMPS,normal
T009579,2026-09-28T07:57:45,AC69812891,AC29190316,1350.23,NEFT,normal
T009580,2026-09-28T07:58:45,AC91996233,AC59560375,3206.00,UPI,normal
T009581,2026-09-28T07:59:31,AC57709585,AC79578048,3782.00,UPI,normal
T009582,2026-09-28T08:02:58,AC51856109,AC40026139,444.98,NEFT,normal
T009583,2026-09-28T08:03:18,AC27550747,AC40026139,417.69,UPI,normal
T009584,2026-09-28T08:08:47,AC56208603,AC42762079,2450.00,IMPS,normal
T009585,2026-09-28T08:16:20,AC89297484,AC99635023,1001.96,UPI,normal
T009586,2026-09-28T08:17:57,AC25846520,AC29190316,632.90,UPI,normal
T009587,2026-09-28T08:21:22,AC23119148,AC75399034,951.63,UPI,normal
T009588,2026-09-28T08:27:57,AC76453392,AC55515398,1578.58,UPI,normal
T009589,2026-09-28T08:30:35,AC30302435,AC22374072,1513.49,UPI,normal
T009590,2026-09-28T08:33:36,AC48578460,AC36272404,1703.34,UPI,normal
T009591,2026-09-28T08:37:20,AC79476293,AC59148289,184.01,NEFT,normal
T009592,2026-09-28T08:38:30,AC76453392,AC72778440,1748.22,UPI,normal
T009593,2026-09-28T09:02:35,AC91678821,AC39472579,490.57,UPI,normal
T009594,2026-09-28T09:03:40,AC36146343,AC26421523,1346.62,UPI,normal
T009595,2026-09-28T09:05:56,AC84714297,AC96363470,465.86,UPI,normal
T009596,2026-09-28T09:06:50,AC95341298,AC22633303,1050.07,NEFT,normal
T009597,2026-09-28T09:12:11,AC40446731,AC39472579,617.12,IMPS,normal
T009598,2026-09-28T09:20:57,AC10549434,AC40026139,543.18,UPI,normal
T009599,2026-09-28T09:21:31,AC76627625,AC59148289,1263.11,IMPS,normal
T009600,2026-09-28T09:22:05,AC78524460,AC59148289,217.63,UPI,normal
T009601,2026-09-28T09:25:49,AC79578048,AC52410090,2382.17,UPI,normal
T009602,2026-09-28T09:33:08,AC93760773,AC43971558,576.71,IMPS,normal
T009603,2026-09-28T09:35:53,AC90836544,AC55362865,601.06,IMPS,normal
T009604,2026-09-28T09:38:11,AC43352343,AC99635023,1154.82,UPI,normal
T009605,2026-09-28T09:39:24,AC73551145,AC72778440,1675.93,UPI,normal
T009606,2026-09-28T09:41:17,AC24241764,AC99635023,1362.81,UPI,normal
T009607,2026-09-28T09:50:40,AC45535068,AC69340085,1484.78,UPI,normal
T009608,2026-09-28T09:52:16,AC70825377,AC42297987,305.83,UPI,normal
T009609,2026-09-28T09:53:31,AC27580355,AC30729474,857.85,NEFT,normal
T009610,2026-09-28T09:55:41,AC26093192,AC31849997,1291.57,NEFT,normal
T009611,2026-09-28T10:09:34,AC53752583,AC31671607,861.91,UPI,normal
T009612,2026-09-28T10:11:18,AC60496650,AC26421523,3419.37,UPI,normal
T009613,2026-09-28T10:14:21,AC88710264,AC26421523,420.07,NEFT,normal
T009614,2026-09-28T10:15:26,AC33960779,AC51856109,2475.00,UPI,normal
T009615,2026-09-28T10:24:32,AC55909953,AC57864027,641.15,UPI,normal
T009616,2026-09-28T10:25:19,AC35583179,AC19736972,199.65,UPI,normal
T009617,2026-09-28T10:25:39,AC21397668,AC29190316,537.43,UPI,normal
T009618,2026-09-28T10:35:38,AC23715389,AC50638453,159.35,UPI,normal
T009619,2026-09-28T10:37:11,AC56625835,AC55515398,193.54,UPI,normal
T009620,2026-09-28T10:38:08,AC80881649,AC99635023,293.38,NEFT,normal
T009621,2026-09-28T10:38:46,AC17056578,AC31849997,180.61,UPI,normal
T009622,2026-09-28T10:39:30,AC34127884,AC29190316,591.64,IMPS,normal
T009623,2026-09-28T10:41:57,AC52110478,AC12614954,1294.26,IMPS,normal
T009624,2026-09-28T10:45:09,AC68224916,AC30729474,465.85,UPI,normal
T009625,2026-09-28T10:56:13,AC86072408,AC38546741,496.13,UPI,normal
T009626,2026-09-28T11:06:09,AC51856109,AC91907998,4804.00,UPI,normal
T009627,2026-09-28T11:06:46,AC23793831,AC99855030,733.20,NEFT,normal
T009628,2026-09-28T11:13:25,AC86910239,AC79203339,430.72,UPI,normal
T009629,2026-09-28T11:15:11,AC91847639,AC39472579,615.26,UPI,normal
T009630,2026-09-28T11:16:50,AC86910239,AC40026139,840.42,IMPS,normal
T009631,2026-09-28T11:19:29,AC21527244,AC43971558,91.68,UPI,normal
T009632,2026-09-28T11:21:23,AC43234300,AC26421523,453.87,UPI,normal
T009633,2026-09-28T11:24:42,AC30302435,AC99635023,2465.79,NEFT,normal
T009634,2026-09-28T11:29:08,AC21138017,AC69340085,929.74,NEFT,normal
T009635,2026-09-28T11:31:35,AC15032582,AC40026139,594.85,NEFT,normal
T009636,2026-09-28T11:33:10,AC55650450,AC31849997,3198.01,UPI,normal
T009637,2026-09-28T11:36:57,AC39287351,AC39472579,517.65,IMPS,normal
T009638,2026-09-28T11:41:17,AC65740154,AC42297987,250.03,IMPS,normal
T009639,2026-09-28T11:47:57,AC23831903,AC82023741,3321.00,UPI,normal
T009640,2026-09-28T11:54:04,AC87832216,AC42297987,3693.30,UPI,normal
T009641,2026-09-28T11:57:17,AC96319863,AC99855030,957.36,NEFT,normal
T009642,2026-09-28T12:06:10,AC57030900,AC40026139,2778.58,NEFT,normal
T009643,2026-09-28T12:08:02,AC24241764,AC99635023,879.21,UPI,normal
T009644,2026-09-28T12:09:03,AC87097845,AC82687908,4972.00,UPI,normal
T009645,2026-09-28T12:11:18,AC47369042,AC66542771,964.62,IMPS,normal
T009646,2026-09-28T12:19:49,AC96856164,AC34256684,2886.00,UPI,normal
T009647,2026-09-28T12:20:43,AC20809644,AC29190316,1020.08,IMPS,normal
T009648,2026-09-28T12:21:48,AC70288912,AC64198427,119.59,UPI,normal
T009649,2026-09-28T12:25:14,AC75507385,AC69072565,3499.00,UPI,normal
T009650,2026-09-28T12:25:35,AC72164355,AC52751778,180.01,UPI,normal
T009651,2026-09-28T12:28:48,AC51403729,AC29190316,913.92,UPI,normal
T009652,2026-09-28T12:31:50,AC81576359,AC19814103,122.99,UPI,normal
T009653,2026-09-28T12:35:05,AC13740078,AC30729474,321.66,UPI,normal
T009654,2026-09-28T12:39:55,AC91847639,AC59148289,968.02,UPI,normal
T009655,2026-09-28T12:39:57,AC33131984,AC40026139,417.74,NEFT,normal
T009656,2026-09-28T12:43:55,AC18505221,AC19814103,1982.16,UPI,normal
T009657,2026-09-28T12:46:34,AC32329304,AC26421523,749.50,UPI,normal
T009658,2026-09-28T12:47:17,AC38325623,AC72778440,2030.22,UPI,normal
T009659,2026-09-28T12:48:45,AC70241505,AC75399034,2760.71,IMPS,normal
T009660,2026-09-28T12:51:41,AC91733095,AC28422000,230.10,IMPS,normal
T009661,2026-09-28T12:58:14,AC54246886,AC99635023,2298.50,UPI,normal
T009662,2026-09-28T13:01:19,AC98027796,AC63453132,1514.45,UPI,normal
T009663,2026-09-28T13:04:52,AC97366946,AC39472579,603.71,UPI,normal
T009664,2026-09-28T13:07:21,AC53752583,AC72778440,2188.87,NEFT,normal
T009665,2026-09-28T13:11:00,AC13749650,AC19814103,1911.75,IMPS,normal
T009666,2026-09-28T13:18:43,AC15262308,AC22374072,1103.10,UPI,normal
T009667,2026-09-28T13:20:14,AC37910936,AC29190316,349.36,UPI,normal
T009668,2026-09-28T13:20:27,AC25846520,AC19814103,295.94,UPI,normal
T009669,2026-09-28T13:28:46,AC40432459,AC30729474,101.58,UPI,normal
T009670,2026-09-28T13:32:35,AC34127884,AC22562241,445.00,UPI,normal
T009671,2026-09-28T13:34:04,AC17784483,AC12614954,927.16,NEFT,normal
T009672,2026-09-28T13:35:52,AC50234045,AC99855030,455.66,UPI,normal
T009673,2026-09-28T13:42:08,AC84550146,AC26421523,201.75,NEFT,normal
T009674,2026-09-28T13:44:48,AC74160948,AC26421523,1186.71,UPI,normal
T009675,2026-09-28T13:46:32,AC55330357,AC26421523,2845.19,UPI,normal
T009676,2026-09-28T13:52:02,AC53752583,AC29190316,1274.49,UPI,normal
T009677,2026-09-28T13:53:36,AC86626738,AC29190316,633.89,UPI,normal
T009678,2026-09-28T13:56:12,AC56625835,AC57864027,1275.02,IMPS,normal
T009679,2026-09-28T13:58:59,AC23618316,AC26421523,1151.10,UPI,normal
T009680,2026-09-28T14:02:14,AC16480894,AC99635023,2209.36,UPI,normal
T009681,2026-09-28T14:06:14,AC10256129,AC50638453,351.57,UPI,normal
T009682,2026-09-28T14:10:42,AC59560375,AC40026139,491.89,UPI,normal
T009683,2026-09-28T14:11:09,AC78710461,AC29190316,2002.76,NEFT,normal
T009684,2026-09-28T14:12:42,AC13028344,AC79203339,1062.45,UPI,normal
T009685,2026-09-28T14:21:43,AC62664205,AC30729474,142.36,UPI,normal
T009686,2026-09-28T14:25:00,AC18628964,AC31671607,675.20,UPI,normal
T009687,2026-09-28T14:25:36,AC23119148,AC99635023,4486.14,IMPS,normal
T009688,2026-09-28T14:37:55,AC47502921,AC96363470,2255.48,IMPS,normal
T009689,2026-09-28T14:40:35,AC95753514,AC88710264,4675.00,NEFT,normal
T009690,2026-09-28T14:40:52,AC81380338,AC26421523,307.63,NEFT,normal
T009691,2026-09-28T14:41:04,AC86072408,AC42297987,399.62,UPI,normal
T009692,2026-09-28T14:42:49,AC71493326,AC42297987,1779.90,UPI,normal
T009693,2026-09-28T14:43:08,AC37430528,AC39472579,332.51,IMPS,normal
T009694,2026-09-28T14:48:26,AC30379134,AC52751778,467.64,UPI,normal
T009695,2026-09-28T14:51:03,AC13629581,AC79203339,554.58,UPI,normal
T009696,2026-09-28T14:54:57,AC20986393,AC99635023,993.03,UPI,normal
T009697,2026-09-28T14:57:17,AC33960779,AC40026139,400.25,NEFT,normal
T009698,2026-09-28T15:01:50,AC28689916,AC29190316,719.10,UPI,normal
T009699,2026-09-28T15:11:15,AC96319863,AC23741157,1733.00,NEFT,normal
T009700,2026-09-28T15:13:07,AC74780629,AC30729474,469.21,UPI,normal
T009701,2026-09-28T15:15:11,AC62897893,AC69340085,409.01,UPI,normal
T009702,2026-09-28T15:19:20,AC21138017,AC40026139,369.35,UPI,normal
T009703,2026-09-28T15:25:14,AC77470852,AC36272404,1237.67,UPI,normal
T009704,2026-09-28T15:35:27,AC79358465,AC26421523,1271.44,UPI,normal
T009705,2026-09-28T15:35:32,AC70690025,AC59148289,286.74,NEFT,normal
T009706,2026-09-28T15:39:24,AC43800696,AC30729474,381.01,UPI,normal
T009707,2026-09-28T15:46:51,AC75627516,AC39472579,1022.40,UPI,normal
T009708,2026-09-28T15:50:04,AC30246633,AC40026139,418.71,NEFT,normal
T009709,2026-09-28T15:50:14,AC90836544,AC63453132,630.37,UPI,normal
T009710,2026-09-28T15:51:42,AC31321298,AC31671607,1231.13,UPI,normal
T009711,2026-09-28T15:52:45,AC76262352,AC29190316,596.10,UPI,normal
T009712,2026-09-28T16:09:20,AC80224010,AC57864027,230.72,NEFT,normal
T009713,2026-09-28T16:19:32,AC87097845,AC55362865,1416.48,UPI,normal
T009714,2026-09-28T16:21:30,AC70712824,AC84363365,368.98,UPI,normal
T009715,2026-09-28T16:36:10,AC74160948,AC98618129,923.07,NEFT,normal
T009716,2026-09-28T16:37:22,AC50008920,AC59148289,1465.61,UPI,normal
T009717,2026-09-28T16:44:01,AC72164355,AC54629703,4174.00,IMPS,normal
T009718,2026-09-28T16:45:46,AC30306925,AC59148289,1318.30,IMPS,normal
T009719,2026-09-28T16:52:50,AC27592411,AC98618129,391.61,NEFT,normal
T009720,2026-09-28T16:53:43,AC32140838,AC42297987,244.01,UPI,normal
T009721,2026-09-28T16:53:56,AC69491792,AC29190316,1234.62,UPI,normal
T009722,2026-09-28T17:01:03,AC92891895,AC30306925,2966.00,NEFT,normal
T009723,2026-09-28T17:06:56,AC66119495,AC19814103,1323.24,NEFT,normal
T009724,2026-09-28T17:15:35,AC79571586,AC39472579,321.73,UPI,normal
T009725,2026-09-28T17:19:51,AC19722233,AC62472380,3561.00,UPI,normal
T009726,2026-09-28T17:24:57,AC35676674,AC30729474,121.98,IMPS,normal
T009727,2026-09-28T17:26:02,AC21378775,AC86072408,1544.00,UPI,normal
T009728,2026-09-28T17:28:45,AC88061052,AC29190316,503.55,UPI,normal
T009729,2026-09-28T17:31:58,AC12871813,AC52751778,86.10,UPI,normal
T009730,2026-09-28T17:48:36,AC22562241,AC63453132,1393.49,IMPS,normal
T009731,2026-09-28T17:51:12,AC22633920,AC30729474,231.86,NEFT,normal
T009732,2026-09-28T17:54:24,AC16252221,AC56100526,3838.00,UPI,normal
T009733,2026-09-28T17:57:51,AC79188088,AC29190316,158.16,UPI,normal
T009734,2026-09-28T17:59:06,AC25716331,AC36272404,561.96,NEFT,normal
T009735,2026-09-28T18:01:07,AC81924865,AC39472579,591.56,UPI,normal
T009736,2026-09-28T18:04:01,AC12059721,AC67490644,1095.84,IMPS,normal
T009737,2026-09-28T18:07:35,AC78710461,AC38546741,1622.63,UPI,normal
T009738,2026-09-28T18:08:43,AC18174466,AC71967692,608.00,IMPS,normal
T009739,2026-09-28T18:09:26,AC88590039,AC52751778,341.63,UPI,normal
T009740,2026-09-28T18:12:28,AC29938108,AC38546741,1431.20,IMPS,normal
T009741,2026-09-28T18:13:40,AC53752583,AC99635023,265.80,UPI,normal
T009742,2026-09-28T18:15:37,AC39287351,AC31671607,236.93,UPI,normal
T009743,2026-09-28T18:16:08,AC77264814,AC29190316,294.25,UPI,normal
T009744,2026-09-28T18:16:36,AC97366946,AC67490644,163.07,NEFT,normal
T009745,2026-09-28T18:19:37,AC86910239,AC56574257,4421.00,UPI,normal
T009746,2026-09-28T18:20:37,AC98384612,AC54246886,3030.00,UPI,normal
T009747,2026-09-28T18:37:43,AC19824854,AC38546741,546.40,UPI,normal
T009748,2026-09-28T18:43:22,AC86072408,AC55515398,3206.65,IMPS,normal
T009749,2026-09-28T18:51:43,AC81483341,AC99635023,249.48,NEFT,normal
T009750,2026-09-28T19:10:46,AC79476293,AC99635023,3310.69,IMPS,normal
T009751,2026-09-28T19:14:20,AC78754679,AC30729474,1498.32,UPI,normal
T009752,2026-09-28T19:16:04,AC84903659,AC40026139,157.41,UPI,normal
T009753,2026-09-28T19:16:08,AC92418944,AC22374072,448.42,IMPS,normal
T009754,2026-09-28T19:16:11,AC91996233,AC38546741,864.17,UPI,normal
T009755,2026-09-28T19:26:45,AC21527244,AC42297987,719.58,NEFT,normal
T009756,2026-09-28T19:33:32,AC80901507,AC39472579,342.84,UPI,normal
T009757,2026-09-28T19:39:50,AC87457446,AC19814103,1382.09,IMPS,normal
T009758,2026-09-28T19:45:03,AC57000147,AC72778440,497.38,IMPS,normal
T009759,2026-09-28T19:49:46,AC84550146,AC99635023,352.65,NEFT,normal
T009760,2026-09-28T19:53:56,AC92374421,AC55362865,513.51,UPI,normal
T009761,2026-09-28T19:54:38,AC19437596,AC63453132,1429.52,IMPS,normal
T009762,2026-09-28T20:01:35,AC63404922,AC40026139,94.78,NEFT,normal
T009763,2026-09-28T20:02:21,AC13740078,AC59148289,2981.47,UPI,normal
T009764,2026-09-28T20:06:17,AC25846520,AC31671607,130.54,UPI,normal
T009765,2026-09-28T20:10:09,AC68240437,AC36272404,1315.68,UPI,normal
T009766,2026-09-28T20:13:02,AC81924865,AC52751778,945.94,UPI,normal
T009767,2026-09-28T20:13:59,AC30106149,AC92374421,2371.00,UPI,normal
T009768,2026-09-28T20:16:16,AC76640001,AC29190316,502.32,UPI,normal
T009769,2026-09-28T20:17:15,AC50008920,AC99635023,1506.03,UPI,normal
T009770,2026-09-28T20:21:10,AC13422671,AC99635023,1822.66,NEFT,normal
T009771,2026-09-28T20:21:13,AC36401454,AC52410090,475.36,NEFT,normal
T009772,2026-09-28T20:21:28,AC70288912,AC52751778,99.48,NEFT,normal
T009773,2026-09-28T20:23:32,AC87832216,AC39472579,596.10,UPI,normal
T009774,2026-09-28T20:24:20,AC91678821,AC99855030,877.65,UPI,normal
T009775,2026-09-28T20:27:56,AC80881649,AC42297987,762.43,UPI,normal
T009776,2026-09-28T20:34:29,AC10527808,AC99855030,120.92,UPI,normal
T009777,2026-09-28T20:35:53,AC39287351,AC63873226,4042.00,IMPS,normal
T009778,2026-09-28T20:43:39,AC96290869,AC99855030,446.47,UPI,normal
T009779,2026-09-28T20:49:47,AC23793831,AC26421523,658.99,NEFT,normal
T009780,2026-09-28T20:50:30,AC22175294,AC31849997,113.79,UPI,normal
T009781,2026-09-28T21:00:13,AC22562241,AC99635023,181.04,IMPS,normal
T009782,2026-09-28T21:01:36,AC32817504,AC42297987,1026.63,IMPS,normal
T009783,2026-09-28T21:02:08,AC54246886,AC59148289,683.48,IMPS,normal
T009784,2026-09-28T21:02:26,AC90628248,AC28422000,339.74,UPI,normal
T009785,2026-09-28T21:03:45,AC20809644,AC99635023,4223.08,UPI,normal
T009786,2026-09-28T21:04:04,AC13422671,AC52410090,1403.98,UPI,normal
T009787,2026-09-28T21:04:30,AC46230636,AC99635023,441.60,UPI,normal
T009788,2026-09-28T21:06:37,AC25482486,AC39472579,3103.15,UPI,normal
T009789,2026-09-28T21:10:07,AC35990584,AC98618129,1956.16,IMPS,normal
T009790,2026-09-28T21:17:38,AC33651543,AC84363365,1167.58,UPI,normal
T009791,2026-09-28T21:18:46,AC28377915,AC99635023,432.09,UPI,normal
T009792,2026-09-28T21:19:33,AC89774974,AC84363365,2785.27,IMPS,normal
T009793,2026-09-28T21:23:09,AC22175294,AC99635023,226.57,UPI,normal
T009794,2026-09-28T21:25:24,AC77470852,AC22633303,126.35,IMPS,normal
T009795,2026-09-28T21:29:10,AC30246633,AC50638453,426.66,UPI,normal
T009796,2026-09-28T21:29:49,AC96856164,AC93760773,4688.00,UPI,normal
T009797,2026-09-28T21:30:05,AC66455770,AC55515398,577.96,IMPS,normal
T009798,2026-09-28T21:35:10,AC29361589,AC33960779,2069.00,UPI,normal
T009799,2026-09-28T21:41:22,AC70712824,AC30729474,281.51,IMPS,normal
T009800,2026-09-28T21:48:20,AC95753514,AC99635023,626.94,UPI,normal
T009801,2026-09-28T21:50:45,AC72164355,AC47369042,3827.00,UPI,normal
T009802,2026-09-28T21:54:54,AC98217056,AC40026139,643.81,UPI,normal
T009803,2026-09-28T21:56:02,AC62992312,AC43971558,234.58,UPI,normal
T009804,2026-09-28T22:06:43,AC37910936,AC72778440,849.34,IMPS,normal
T009805,2026-09-28T22:06:47,AC39902737,AC67917877,113.00,NEFT,normal
T009806,2026-09-28T22:09:55,AC97197858,AC39472579,2207.70,IMPS,normal
T009807,2026-09-28T22:12:25,AC11911654,AC43971558,562.67,IMPS,normal
T009808,2026-09-28T22:13:13,AC25482486,AC99635023,488.78,NEFT,normal
T009809,2026-09-28T22:15:14,AC63241552,AC67917877,4145.75,NEFT,normal
T009810,2026-09-28T22:15:45,AC63550032,AC52751778,389.66,UPI,normal
T009811,2026-09-28T22:25:43,AC31321298,AC55515398,1012.48,UPI,normal
T009812,2026-09-28T22:30:33,AC83639904,AC31849997,202.51,UPI,normal
T009813,2026-09-28T22:32:51,AC88061052,AC99635023,472.18,UPI,normal
T009814,2026-09-28T22:33:31,AC72164355,AC67917877,1460.06,UPI,normal
T009815,2026-09-28T22:47:22,AC13889649,AC84363365,594.60,NEFT,normal
T009816,2026-09-28T22:48:11,AC27580355,AC19736972,1529.53,UPI,normal
T009817,2026-09-28T22:51:16,AC73382988,AC99635023,543.41,UPI,normal
T009818,2026-09-28T22:53:45,AC66255890,AC40026139,2033.37,UPI,normal
T009819,2026-09-28T22:58:36,AC38816302,AC29190316,1184.91,IMPS,normal
T009820,2026-09-29T07:00:49,AC37910936,AC12614954,465.34,NEFT,normal
T009821,2026-09-29T07:04:44,AC56911734,AC99635023,1565.68,UPI,normal
T009822,2026-09-29T07:04:52,AC81483341,AC98618129,463.11,UPI,normal
T009823,2026-09-29T07:06:55,AC15032582,AC99635023,1807.50,IMPS,normal
T009824,2026-09-29T07:09:42,AC96319863,AC40026139,1684.86,UPI,normal
T009825,2026-09-29T07:12:35,AC69139937,AC19814103,218.88,UPI,normal
T009826,2026-09-29T07:14:47,AC85201674,AC47203213,3935.00,IMPS,normal
T009827,2026-09-29T07:17:23,AC76662562,AC36272404,91.36,UPI,normal
T009828,2026-09-29T07:22:56,AC13740078,AC84363365,639.18,UPI,normal
T009829,2026-09-29T07:25:14,AC45535068,AC84363365,682.72,NEFT,normal
T009830,2026-09-29T07:25:57,AC46230636,AC99635023,188.68,NEFT,normal
T009831,2026-09-29T07:32:06,AC83744576,AC43343251,1222.00,UPI,normal
T009832,2026-09-29T07:35:37,AC79301246,AC72778440,615.13,IMPS,normal
T009833,2026-09-29T07:41:06,AC80490681,AC39472579,115.71,UPI,normal
T009834,2026-09-29T07:56:52,AC83744576,AC66542771,1880.86,IMPS,normal
T009835,2026-09-29T08:03:32,AC61780050,AC22374072,1113.91,UPI,normal
T009836,2026-09-29T08:04:40,AC83589642,AC26421523,439.94,IMPS,normal
T009837,2026-09-29T08:13:42,AC28689916,AC36272404,965.73,UPI,normal
T009838,2026-09-29T08:20:34,AC48646352,AC55515398,364.21,UPI,normal
T009839,2026-09-29T08:21:34,AC11619076,AC28422000,464.65,IMPS,normal
T009840,2026-09-29T08:22:47,AC63404922,AC28422000,522.65,UPI,normal
T009841,2026-09-29T08:27:57,AC78203564,AC52751778,473.34,NEFT,normal
T009842,2026-09-29T08:27:59,AC21527244,AC75399034,901.07,UPI,normal
T009843,2026-09-29T08:28:33,AC17626596,AC39472579,217.30,NEFT,normal
T009844,2026-09-29T08:35:06,AC83849218,AC55515398,1131.83,NEFT,normal
T009845,2026-09-29T08:40:14,AC85196458,AC40026139,345.23,IMPS,normal
T009846,2026-09-29T08:46:51,AC77330181,AC42284650,1638.00,UPI,normal
T009847,2026-09-29T08:48:50,AC56911734,AC29190316,1581.59,IMPS,normal
T009848,2026-09-29T08:54:27,AC50008920,AC72778440,338.88,UPI,normal
T009849,2026-09-29T09:04:09,AC68224916,AC75399034,498.63,UPI,normal
T009850,2026-09-29T09:08:49,AC86072408,AC55641228,2119.00,UPI,normal
T009851,2026-09-29T09:10:08,AC12871813,AC16480894,1060.00,NEFT,normal
T009852,2026-09-29T09:10:43,AC83517017,AC59148289,608.94,IMPS,normal
T009853,2026-09-29T09:17:26,AC17626596,AC57864027,470.52,UPI,normal
T009854,2026-09-29T09:36:41,AC93760773,AC40026139,505.38,IMPS,normal
T009855,2026-09-29T09:38:50,AC23711300,AC67783637,330.00,UPI,normal
T009856,2026-09-29T09:45:39,AC23715389,AC56574257,4225.00,NEFT,normal
T009857,2026-09-29T10:01:31,AC62992312,AC55515398,493.09,UPI,normal
T009858,2026-09-29T10:01:47,AC34473646,AC30729474,121.38,UPI,normal
T009859,2026-09-29T10:03:56,AC44811353,AC22374072,445.82,UPI,normal
T009860,2026-09-29T10:04:22,AC13889649,AC64198427,1696.22,NEFT,normal
T009861,2026-09-29T10:09:19,AC78710461,AC66542771,595.88,UPI,normal
T009862,2026-09-29T10:10:55,AC95149012,AC59148289,1031.08,UPI,normal
T009863,2026-09-29T10:14:27,AC95753514,AC29190316,561.25,UPI,normal
T009864,2026-09-29T10:16:13,AC21397668,AC33131984,3262.00,IMPS,normal
T009865,2026-09-29T10:16:42,AC33131984,AC99635023,553.04,NEFT,normal
T009866,2026-09-29T10:36:31,AC87832216,AC22633303,2547.24,UPI,normal
T009867,2026-09-29T10:39:09,AC50234045,AC42297987,992.62,UPI,normal
T009868,2026-09-29T10:42:58,AC68202938,AC85394042,2307.00,UPI,normal
T009869,2026-09-29T10:47:48,AC59982352,AC57864027,1171.72,IMPS,normal
T009870,2026-09-29T10:54:36,AC23793831,AC21138017,1800.00,IMPS,normal
T009871,2026-09-29T10:56:36,AC78144218,AC52751778,275.93,UPI,normal
T009872,2026-09-29T11:00:26,AC23618316,AC28422000,1072.90,IMPS,normal
T009873,2026-09-29T11:00:57,AC66119495,AC64198427,1892.13,UPI,normal
T009874,2026-09-29T11:02:18,AC13629581,AC40026139,121.36,UPI,normal
T009875,2026-09-29T11:10:18,AC25482486,AC55515398,1322.44,IMPS,normal
T009876,2026-09-29T11:10:38,AC72458740,AC99635023,2222.94,IMPS,normal
T009877,2026-09-29T11:12:10,AC88710264,AC67917877,903.69,IMPS,normal
T009878,2026-09-29T11:12:13,AC70690025,AC30729474,1246.03,UPI,normal
T009879,2026-09-29T11:14:32,AC53752583,AC40026139,2915.76,UPI,normal
T009880,2026-09-29T11:33:16,AC57484087,AC42297987,600.12,UPI,normal
T009881,2026-09-29T11:34:15,AC17056578,AC28422000,852.97,UPI,normal
T009882,2026-09-29T11:35:21,AC30106149,AC40026139,1350.39,UPI,normal
T009883,2026-09-29T11:43:32,AC17933677,AC40026139,1248.34,UPI,normal
T009884,2026-09-29T11:45:31,AC41317839,AC55515398,958.98,UPI,normal
T009885,2026-09-29T11:55:29,AC30106149,AC55362865,1586.76,UPI,normal
T009886,2026-09-29T12:01:39,AC73632401,AC39472579,728.36,UPI,normal
T009887,2026-09-29T12:06:08,AC98662305,AC72778440,698.55,UPI,normal
T009888,2026-09-29T12:15:01,AC39902737,AC19814103,1627.55,NEFT,normal
T009889,2026-09-29T12:15:34,AC42762079,AC69340085,1307.10,UPI,normal
T009890,2026-09-29T12:23:32,AC68240437,AC55362865,1388.92,UPI,normal
T009891,2026-09-29T12:47:09,AC44841887,AC59148289,804.19,NEFT,normal
T009892,2026-09-29T12:51:59,AC80721337,AC38546741,650.38,NEFT,normal
T009893,2026-09-29T12:53:14,AC45494011,AC99855030,1476.80,UPI,normal
T009894,2026-09-29T12:54:19,AC77264814,AC29190316,710.32,UPI,normal
T009895,2026-09-29T13:03:50,AC96856164,AC19736972,721.05,UPI,normal
T009896,2026-09-29T13:13:42,AC13749650,AC66542771,474.43,UPI,normal
T009897,2026-09-29T13:15:30,AC66978001,AC39472579,213.87,NEFT,normal
T009898,2026-09-29T13:17:52,AC18724149,AC75399034,577.04,UPI,normal
T009899,2026-09-29T13:28:59,AC58530762,AC38546741,1003.71,UPI,normal
T009900,2026-09-29T13:48:16,AC79578048,AC59148289,226.69,NEFT,normal
T009901,2026-09-29T13:48:29,AC80263864,AC39472579,599.46,IMPS,normal
T009902,2026-09-29T13:50:29,AC81483341,AC55362865,215.22,NEFT,normal
T009903,2026-09-29T13:52:36,AC31669330,AC31849997,684.28,UPI,normal
T009904,2026-09-29T13:53:54,AC51554798,AC38546741,6014.20,UPI,normal
T009905,2026-09-29T14:00:57,AC40432459,AC52751778,219.12,UPI,normal
T009906,2026-09-29T14:04:56,AC89070818,AC40026139,403.36,NEFT,normal
T009907,2026-09-29T14:06:41,AC27580355,AC52751778,680.47,UPI,normal
T009908,2026-09-29T14:09:57,AC27359750,AC45535068,1912.00,UPI,normal
T009909,2026-09-29T14:17:39,AC32140838,AC39472579,1092.04,IMPS,normal
T009910,2026-09-29T14:24:29,AC12510524,AC40026139,138.34,UPI,normal
T009911,2026-09-29T14:33:23,AC24241764,AC59148289,1601.90,IMPS,normal
T009912,2026-09-29T14:39:13,AC74353833,AC55362865,474.42,UPI,normal
T009913,2026-09-29T14:55:40,AC26616417,AC99635023,705.96,UPI,normal
T009914,2026-09-29T15:07:38,AC98384612,AC79203339,688.07,UPI,normal
T009915,2026-09-29T15:08:50,AC47840101,AC39472579,530.01,NEFT,normal
T009916,2026-09-29T15:17:55,AC80263864,AC29190316,862.46,NEFT,normal
T009917,2026-09-29T15:20:57,AC36192056,AC28422000,1632.35,UPI,normal
T009918,2026-09-29T15:22:16,AC19039243,AC38546741,342.22,UPI,normal
T009919,2026-09-29T15:23:30,AC20986393,AC29190316,581.13,UPI,normal
T009920,2026-09-29T15:25:21,AC77330181,AC30729474,127.22,UPI,normal
T009921,2026-09-29T15:27:25,AC36832537,AC38546741,1909.98,UPI,normal
T009922,2026-09-29T15:33:13,AC20809644,AC59117315,104.06,UPI,normal
T009923,2026-09-29T15:41:04,AC20418044,AC12614954,1868.33,NEFT,normal
T009924,2026-09-29T15:42:44,AC26616417,AC52751778,463.92,UPI,normal
T009925,2026-09-29T15:44:32,AC76453392,AC40026139,972.38,UPI,normal
T009926,2026-09-29T15:49:30,AC72544046,AC12614954,1777.46,UPI,normal
T009927,2026-09-29T15:50:23,AC18288654,AC39472579,745.31,UPI,normal
T009928,2026-09-29T16:00:05,AC79578048,AC99635023,809.68,NEFT,normal
T009929,2026-09-29T16:00:45,AC16480894,AC72778440,806.86,UPI,normal
T009930,2026-09-29T16:01:21,AC78524460,AC59117315,286.68,UPI,normal
T009931,2026-09-29T16:06:44,AC50937131,AC29190316,669.79,UPI,normal
T009932,2026-09-29T16:09:16,AC18724149,AC40026139,1574.64,IMPS,normal
T009933,2026-09-29T16:09:52,AC25716331,AC52751778,638.93,UPI,normal
T009934,2026-09-29T16:10:59,AC18427393,AC99635023,717.83,NEFT,normal
T009935,2026-09-29T16:14:00,AC52164119,AC37643310,597.00,UPI,normal
T009936,2026-09-29T16:14:17,AC10031310,AC29190316,1629.93,UPI,normal
T009937,2026-09-29T16:15:39,AC27550747,AC96363470,1563.48,UPI,normal
T009938,2026-09-29T16:22:36,AC86910239,AC40026139,1166.06,NEFT,normal
T009939,2026-09-29T16:26:20,AC50234045,AC29190316,578.29,IMPS,normal
T009940,2026-09-29T16:27:45,AC46230636,AC84363365,1467.81,NEFT,normal
T009941,2026-09-29T16:30:49,AC42301241,AC22633303,2241.83,UPI,normal
T009942,2026-09-29T16:40:43,AC73551145,AC40026139,569.71,NEFT,normal
T009943,2026-09-29T16:43:16,AC21527244,AC99635023,1708.98,UPI,normal
T009944,2026-09-29T16:44:21,AC43234300,AC50638453,283.41,NEFT,normal
T009945,2026-09-29T16:46:40,AC32140838,AC38546741,187.33,UPI,normal
T009946,2026-09-29T16:51:16,AC80676511,AC29190316,796.18,NEFT,normal
T009947,2026-09-29T16:57:08,AC43234300,AC29190316,99.98,UPI,normal
T009948,2026-09-29T16:58:21,AC57484087,AC40026139,284.10,UPI,normal
T009949,2026-09-29T17:00:43,AC43352343,AC40026139,555.64,IMPS,normal
T009950,2026-09-29T17:06:06,AC88220482,AC39472579,796.97,NEFT,normal
T009951,2026-09-29T17:07:59,AC19437596,AC22562241,159.00,UPI,normal
T009952,2026-09-29T17:12:03,AC26151306,AC59117315,4176.57,UPI,normal
T009953,2026-09-29T17:17:20,AC91220385,AC42297987,1203.94,UPI,normal
T009954,2026-09-29T17:33:53,AC17912728,AC30729474,211.43,NEFT,normal
T009955,2026-09-29T17:38:51,AC25482486,AC64198427,396.78,UPI,normal
T009956,2026-09-29T17:39:45,AC39673100,AC99635023,1173.09,UPI,normal
T009957,2026-09-29T17:46:23,AC35676674,AC66542771,1026.74,UPI,normal
T009958,2026-09-29T17:50:36,AC56911734,AC40026139,316.73,NEFT,normal
T009959,2026-09-29T17:53:07,AC65740154,AC38546741,1696.95,IMPS,normal
T009960,2026-09-29T17:55:01,AC53464097,AC23741157,1177.00,UPI,normal
T009961,2026-09-29T17:55:01,AC57740731,AC57864027,747.88,IMPS,normal
T009962,2026-09-29T18:05:07,AC73093067,AC69340085,275.06,UPI,normal
T009963,2026-09-29T18:13:14,AC28689916,AC86013032,4236.00,NEFT,normal
T009964,2026-09-29T18:15:15,AC98217056,AC40026139,294.88,UPI,normal
T009965,2026-09-29T18:28:51,AC35583179,AC29190316,601.54,UPI,normal
T009966,2026-09-29T18:31:33,AC39902737,AC98027796,487.00,NEFT,normal
T009967,2026-09-29T18:32:38,AC73632401,AC30729474,218.90,NEFT,normal
T009968,2026-09-29T18:41:09,AC83061791,AC40026139,425.12,NEFT,normal
T009969,2026-09-29T18:41:31,AC53752583,AC99635023,692.26,UPI,normal
T009970,2026-09-29T18:43:11,AC91996233,AC42297987,168.05,NEFT,normal
T009971,2026-09-29T18:51:04,AC95753514,AC40026139,750.04,UPI,normal
T009972,2026-09-29T18:52:26,AC21535642,AC75399034,437.12,IMPS,normal
T009973,2026-09-29T18:57:21,AC87097845,AC67917877,355.08,UPI,normal
T009974,2026-09-29T18:57:42,AC86626738,AC43971558,1640.59,IMPS,normal
T009975,2026-09-29T19:09:13,AC89070818,AC19736972,1890.37,UPI,normal
T009976,2026-09-29T19:10:59,AC48870700,AC59117315,532.79,UPI,normal
T009977,2026-09-29T19:11:56,AC83960310,AC29190316,178.04,UPI,normal
T009978,2026-09-29T19:15:21,AC33651543,AC31671607,630.34,UPI,normal
T009979,2026-09-29T19:28:41,AC90836544,AC40026139,1004.74,UPI,normal
T009980,2026-09-29T19:32:54,AC77854192,AC40026139,276.76,IMPS,normal
T009981,2026-09-29T19:38:40,AC80263864,AC62662255,874.41,NEFT,normal
T009982,2026-09-29T19:43:06,AC55909953,AC75399034,2208.99,UPI,normal
T009983,2026-09-29T19:48:16,AC83517017,AC36146343,3273.00,IMPS,normal
T009984,2026-09-29T19:49:47,AC86072408,AC30729474,176.07,UPI,normal
T009985,2026-09-29T19:52:48,AC42762079,AC22374072,660.51,UPI,normal
T009986,2026-09-29T19:55:14,AC88295746,AC75399034,2520.70,NEFT,normal
T009987,2026-09-29T19:55:39,AC57484087,AC59117315,6572.14,UPI,normal
T009988,2026-09-29T20:04:28,AC46230636,AC22175294,1868.00,UPI,normal
T009989,2026-09-29T20:07:53,AC53753544,AC42297987,444.03,UPI,normal
T009990,2026-09-29T20:14:35,AC13028344,AC64198427,662.22,IMPS,normal
T009991,2026-09-29T20:17:19,AC21643368,AC28422000,974.81,UPI,normal
T009992,2026-09-29T20:18:14,AC29619183,AC62662255,1144.33,UPI,normal
T009993,2026-09-29T20:21:36,AC74758310,AC29190316,465.10,UPI,normal
T009994,2026-09-29T20:21:39,AC47369042,AC43971558,911.65,IMPS,normal
T009995,2026-09-29T20:26:26,AC37643310,AC29190316,298.26,UPI,normal
T009996,2026-09-29T20:29:34,AC25482486,AC69340085,1236.47,UPI,normal
T009997,2026-09-29T20:36:34,AC92418944,AC59148289,244.35,UPI,normal
T009998,2026-09-29T20:40:39,AC92306098,AC99635023,784.49,UPI,normal
T009999,2026-09-29T20:44:01,AC61061966,AC59148289,908.26,UPI,normal
T010000,2026-09-29T20:45:11,AC69491792,AC79203339,1309.54,UPI,normal
T010001,2026-09-29T20:47:29,AC27050801,AC52751778,417.63,UPI,normal
T010002,2026-09-29T20:50:24,AC91996233,AC66542771,405.85,UPI,normal
T010003,2026-09-29T20:59:21,AC68240437,AC29190316,720.53,IMPS,normal
T010004,2026-09-29T21:02:22,AC44841887,AC88061052,2667.00,UPI,normal
T010005,2026-09-29T21:08:17,AC39673100,AC12614954,1480.60,NEFT,normal
T010006,2026-09-29T21:16:33,AC84903659,AC99635023,239.34,IMPS,normal
T010007,2026-09-29T21:17:25,AC70825377,AC30729474,553.12,NEFT,normal
T010008,2026-09-29T21:21:30,AC70825377,AC26421523,333.92,UPI,normal
T010009,2026-09-29T21:27:29,AC29361589,AC40026139,1780.66,UPI,normal
T010010,2026-09-29T21:29:33,AC77854192,AC29190316,734.62,NEFT,normal
T010011,2026-09-29T21:40:02,AC73632401,AC30729474,459.54,NEFT,normal
T010012,2026-09-29T21:41:48,AC83960310,AC29190316,1233.00,UPI,normal
T010013,2026-09-29T21:42:07,AC80224010,AC39472579,375.81,IMPS,normal
T010014,2026-09-29T22:01:52,AC30379134,AC39472579,902.94,UPI,normal
T010015,2026-09-29T22:12:41,AC69072565,AC55515398,170.80,IMPS,normal
T010016,2026-09-29T22:42:18,AC30399018,AC99635023,516.17,UPI,normal
T010017,2026-09-29T22:43:25,AC58940600,AC31671607,1275.37,UPI,normal
T010018,2026-09-29T22:43:57,AC39673100,AC38546741,3325.91,NEFT,normal
T010019,2026-09-29T22:48:08,AC45494011,AC26421523,1259.09,UPI,normal
T010020,2026-09-29T22:50:17,AC63778945,AC29190316,345.84,IMPS,normal
T010021,2026-09-29T22:52:18,AC74353833,AC72778440,385.94,NEFT,normal
T010022,2026-09-29T22:53:26,AC66599395,AC99635023,481.80,UPI,normal
T010023,2026-09-29T22:53:42,AC85201674,AC12614954,223.82,IMPS,normal
T010024,2026-09-29T22:55:14,AC98217056,AC58877189,2128.00,UPI,normal
T010025,2026-09-30T07:00:15,AC79188088,AC42297987,534.99,IMPS,normal
T010026,2026-09-30T07:00:55,AC34256684,AC55515398,268.79,UPI,normal
T010027,2026-09-30T07:02:33,AC37910936,AC52410090,993.41,UPI,normal
T010028,2026-09-30T07:06:46,AC81232885,AC64198427,269.41,UPI,normal
T010029,2026-09-30T07:07:04,AC23896513,AC99635023,262.63,NEFT,normal
T010030,2026-09-30T07:11:28,AC62472380,AC30729474,638.87,IMPS,normal
T010031,2026-09-30T07:11:38,AC70690025,AC66542771,999.42,UPI,normal
T010032,2026-09-30T07:24:19,AC73667109,AC80224010,2300.00,UPI,normal
T010033,2026-09-30T07:25:45,AC81924865,AC42297987,580.26,UPI,normal
T010034,2026-09-30T07:29:38,AC83061791,AC28422000,1181.98,UPI,normal
T010035,2026-09-30T07:29:52,AC33960779,AC99635023,188.12,UPI,normal
T010036,2026-09-30T07:38:43,AC47167180,AC74160468,4475.00,IMPS,normal
T010037,2026-09-30T07:41:39,AC38816302,AC98618129,452.75,NEFT,normal
T010038,2026-09-30T07:47:01,AC86013032,AC72778440,972.10,UPI,normal
T010039,2026-09-30T07:50:17,AC50298754,AC22374072,3589.82,UPI,normal
T010040,2026-09-30T08:09:34,AC45265254,AC38546741,4621.07,IMPS,normal
T010041,2026-09-30T08:10:33,AC90836544,AC79203339,2543.25,IMPS,normal
T010042,2026-09-30T08:15:14,AC87832216,AC66542771,324.23,IMPS,normal
T010043,2026-09-30T08:27:23,AC34127884,AC19736972,649.92,UPI,normal
T010044,2026-09-30T08:33:08,AC99745048,AC29190316,340.34,UPI,normal
T010045,2026-09-30T08:42:05,AC27874421,AC40026139,822.23,UPI,normal
T010046,2026-09-30T08:52:34,AC21138017,AC40026139,458.92,IMPS,normal
T010047,2026-09-30T08:56:37,AC45535068,AC75399034,1750.68,UPI,normal
T010048,2026-09-30T08:58:47,AC29343122,AC99635023,11474.91,NEFT,normal
T010049,2026-09-30T08:59:12,AC77854192,AC57864027,724.53,UPI,normal
T010050,2026-09-30T09:03:11,AC25716331,AC63453132,3296.63,IMPS,normal
T010051,2026-09-30T09:03:55,AC18724149,AC28422000,1378.58,NEFT,normal
T010052,2026-09-30T09:06:05,AC21138017,AC72778440,3631.57,UPI,normal
T010053,2026-09-30T09:07:24,AC86626738,AC39472579,685.32,UPI,normal
T010054,2026-09-30T09:08:10,AC83589642,AC63453132,2272.29,IMPS,normal
T010055,2026-09-30T09:08:38,AC38558820,AC62662255,353.18,NEFT,normal
T010056,2026-09-30T09:18:37,AC86910239,AC59148289,1264.02,UPI,normal
T010057,2026-09-30T09:19:21,AC19437596,AC30729474,588.26,UPI,normal
T010058,2026-09-30T09:19:29,AC21397668,AC30729474,3089.55,UPI,normal
T010059,2026-09-30T09:22:44,AC29938108,AC19229206,2517.00,UPI,normal
T010060,2026-09-30T09:24:39,AC57740731,AC19814103,48.72,UPI,normal
T010061,2026-09-30T09:45:32,AC56574257,AC67490644,596.50,IMPS,normal
T010062,2026-09-30T09:45:51,AC55330357,AC38546741,1556.09,IMPS,normal
T010063,2026-09-30T09:46:41,AC66119495,AC59148289,3003.40,IMPS,normal
T010064,2026-09-30T09:47:30,AC81924865,AC64198427,850.68,UPI,normal
T010065,2026-09-30T09:53:58,AC86013032,AC22374072,1034.03,IMPS,normal
T010066,2026-09-30T10:06:34,AC21397668,AC19736972,1452.12,NEFT,normal
T010067,2026-09-30T10:10:02,AC57000147,AC63453132,1062.47,UPI,normal
T010068,2026-09-30T10:10:10,AC81232885,AC55515398,336.61,UPI,normal
T010069,2026-09-30T10:17:16,AC66119495,AC36272404,1072.21,UPI,normal
T010070,2026-09-30T10:24:28,AC20418044,AC55515398,226.09,IMPS,normal
T010071,2026-09-30T10:28:20,AC32140838,AC40026139,1359.69,IMPS,normal
T010072,2026-09-30T10:31:39,AC38558820,AC42297987,428.45,IMPS,normal
T010073,2026-09-30T10:42:11,AC80490681,AC29190316,649.80,IMPS,normal
T010074,2026-09-30T10:43:51,AC66238912,AC40026139,4588.51,UPI,normal
T010075,2026-09-30T10:43:57,AC59560375,AC40026139,595.08,UPI,normal
T010076,2026-09-30T10:44:56,AC27592411,AC59148289,151.16,UPI,normal
T010077,2026-09-30T10:47:15,AC47502921,AC28422000,551.39,NEFT,normal
T010078,2026-09-30T10:51:14,AC84231009,AC99855030,892.56,IMPS,normal
T010079,2026-09-30T10:57:43,AC71289682,AC43971558,285.43,NEFT,normal
T010080,2026-09-30T11:00:50,AC50234045,AC19736972,214.03,UPI,normal
T010081,2026-09-30T11:01:32,AC36832537,AC31849997,226.38,UPI,normal
T010082,2026-09-30T11:02:56,AC84903659,AC64198427,96.97,UPI,normal
T010083,2026-09-30T11:09:56,AC91678821,AC64198427,1125.87,UPI,normal
T010084,2026-09-30T11:10:35,AC45265254,AC22633303,1024.01,UPI,normal
T010085,2026-09-30T11:17:50,AC13629581,AC29190316,1319.54,UPI,normal
T010086,2026-09-30T11:22:17,AC45535068,AC59117315,1965.91,UPI,normal
T010087,2026-09-30T11:23:01,AC91907998,AC26421523,41.33,NEFT,normal
T010088,2026-09-30T11:23:44,AC47369042,AC42297987,264.48,UPI,normal
T010089,2026-09-30T11:26:19,AC51856109,AC26421523,1040.97,UPI,normal
T010090,2026-09-30T11:29:03,AC63241552,AC63873226,3252.00,UPI,normal
T010091,2026-09-30T11:30:10,AC81380338,AC50638453,424.51,UPI,normal
T010092,2026-09-30T11:36:50,AC56574257,AC59117315,512.36,UPI,normal
T010093,2026-09-30T11:40:06,AC73667109,AC30729474,1575.88,UPI,normal
T010094,2026-09-30T11:46:12,AC37080875,AC36272404,1019.43,UPI,normal
T010095,2026-09-30T11:50:10,AC79476293,AC29190316,414.48,UPI,normal
T010096,2026-09-30T11:51:36,AC19039243,AC52751778,43.57,UPI,normal
T010097,2026-09-30T11:54:51,AC29938108,AC84363365,1053.97,NEFT,normal
T010098,2026-09-30T12:03:23,AC47203213,AC38546741,618.60,UPI,normal
T010099,2026-09-30T12:05:54,AC76262352,AC69340085,3531.27,NEFT,normal
T010100,2026-09-30T12:09:45,AC80901507,AC57864027,1029.36,UPI,normal
T010101,2026-09-30T12:11:22,AC80490681,AC99635023,421.73,UPI,normal
T010102,2026-09-30T12:15:28,AC27550747,AC36272404,489.48,IMPS,normal
T010103,2026-09-30T12:16:19,AC59081935,AC30729474,989.64,IMPS,normal
T010104,2026-09-30T12:25:47,AC58530762,AC39472579,893.08,UPI,normal
T010105,2026-09-30T12:27:49,AC93760773,AC59148289,368.53,IMPS,normal
T010106,2026-09-30T12:28:39,AC91996233,AC30729474,706.13,UPI,normal
T010107,2026-09-30T12:33:42,AC56208603,AC31849997,3490.86,IMPS,normal
T010108,2026-09-30T12:34:04,AC30256261,AC99855030,1023.89,UPI,normal
T010109,2026-09-30T12:38:15,AC83639904,AC82569631,1015.00,UPI,normal
T010110,2026-09-30T12:41:58,AC12474155,AC26421523,1308.06,UPI,normal
T010111,2026-09-30T12:56:00,AC96856164,AC72778440,113.35,UPI,normal
T010112,2026-09-30T12:56:40,AC22562241,AC43971558,421.73,UPI,normal
T010113,2026-09-30T12:57:30,AC45265254,AC59148289,1771.01,IMPS,normal
T010114,2026-09-30T13:03:19,AC59982352,AC64198427,3793.12,UPI,normal
T010115,2026-09-30T13:05:03,AC26151306,AC31671607,409.74,UPI,normal
T010116,2026-09-30T13:05:44,AC73382988,AC20418044,2224.00,IMPS,normal
T010117,2026-09-30T13:08:20,AC82023741,AC69340085,611.08,NEFT,normal
T010118,2026-09-30T13:09:56,AC86626738,AC30379134,2319.00,IMPS,normal
T010119,2026-09-30T13:18:44,AC44785794,AC33131984,1823.00,UPI,normal
T010120,2026-09-30T13:19:16,AC77854192,AC42297987,4000.78,NEFT,normal
T010121,2026-09-30T13:22:56,AC81366283,AC64198427,1280.36,UPI,normal
T010122,2026-09-30T13:24:06,AC69491792,AC40026139,458.80,NEFT,normal
T010123,2026-09-30T13:25:58,AC20986393,AC63453132,713.81,IMPS,normal
T010124,2026-09-30T13:27:28,AC19437596,AC30729474,364.91,IMPS,normal
T010125,2026-09-30T13:32:08,AC46230636,AC64198427,656.49,UPI,normal
T010126,2026-09-30T13:37:57,AC18142912,AC66542771,1862.52,UPI,normal
T010127,2026-09-30T13:39:35,AC82023741,AC99635023,1353.14,NEFT,normal
T010128,2026-09-30T13:44:12,AC83639904,AC28422000,906.02,UPI,normal
T010129,2026-09-30T13:49:53,AC89774974,AC84363365,2051.60,UPI,normal
T010130,2026-09-30T13:59:38,AC17056578,AC22633303,553.25,UPI,normal
T010131,2026-09-30T14:00:38,AC23715389,AC59148289,1005.78,UPI,normal
T010132,2026-09-30T14:05:29,AC18288654,AC40026139,1171.91,UPI,normal
T010133,2026-09-30T14:16:30,AC60496650,AC81576359,1978.00,UPI,normal
T010134,2026-09-30T14:28:20,AC20418044,AC42297987,309.21,IMPS,normal
T010135,2026-09-30T14:31:58,AC77330181,AC56100526,541.00,UPI,normal
T010136,2026-09-30T14:32:18,AC17999533,AC69340085,435.19,IMPS,normal
T010137,2026-09-30T14:40:46,AC82903368,AC36272404,157.60,UPI,normal
T010138,2026-09-30T14:50:12,AC69491792,AC34256684,2939.00,UPI,normal
T010139,2026-09-30T15:10:54,AC47840101,AC99855030,1155.12,NEFT,normal
T010140,2026-09-30T15:12:38,AC54246886,AC30729474,980.64,NEFT,normal
T010141,2026-09-30T15:16:11,AC81232885,AC75399034,417.55,UPI,normal
T010142,2026-09-30T15:29:38,AC79476293,AC51403729,517.00,UPI,normal
T010143,2026-09-30T15:30:06,AC12510524,AC99855030,1350.96,UPI,normal
T010144,2026-09-30T15:34:31,AC23793831,AC36272404,200.75,UPI,normal
T010145,2026-09-30T15:47:12,AC81366283,AC98618129,532.27,UPI,normal
T010146,2026-09-30T15:48:59,AC30926211,AC96856164,4694.00,UPI,normal
T010147,2026-09-30T15:53:47,AC37643310,AC40026139,168.21,UPI,normal
T010148,2026-09-30T15:53:55,AC87097845,AC59148289,1402.94,UPI,normal
T010149,2026-09-30T15:59:27,AC49321318,AC26421523,455.26,NEFT,normal
T010150,2026-09-30T16:00:33,AC59081935,AC59148289,653.34,UPI,normal
T010151,2026-09-30T16:01:29,AC76140059,AC99635023,1602.88,IMPS,normal
T010152,2026-09-30T16:02:10,AC30379134,AC26421523,1355.91,UPI,normal
T010153,2026-09-30T16:02:57,AC21527244,AC22374072,2085.45,IMPS,normal
T010154,2026-09-30T16:09:18,AC18427393,AC57740731,4830.00,NEFT,normal
T010155,2026-09-30T16:19:27,AC38019720,AC19736972,81.13,IMPS,normal
T010156,2026-09-30T16:23:47,AC57740731,AC99635023,404.66,UPI,normal
T010157,2026-09-30T16:24:54,AC10527808,AC26421523,2275.60,IMPS,normal
T010158,2026-09-30T16:26:25,AC75090595,AC42297987,1210.21,UPI,normal
T010159,2026-09-30T16:27:37,AC93760773,AC29190316,2663.00,UPI,normal
T010160,2026-09-30T16:28:00,AC83744576,AC99635023,903.24,UPI,normal
T010161,2026-09-30T16:32:31,AC30379134,AC84363365,1984.01,NEFT,normal
T010162,2026-09-30T16:38:34,AC68224916,AC99635023,447.29,UPI,normal
T010163,2026-09-30T16:40:07,AC38019720,AC19736972,648.53,NEFT,normal
T010164,2026-09-30T16:40:12,AC18174466,AC28422000,5210.82,UPI,normal
T010165,2026-09-30T16:44:56,AC77470852,AC99635023,672.52,NEFT,normal
T010166,2026-09-30T16:46:48,AC17626596,AC31849997,814.44,UPI,normal
T010167,2026-09-30T16:54:55,AC21643368,AC29190316,359.65,UPI,normal
T010168,2026-09-30T16:55:20,AC83849218,AC38546741,516.60,IMPS,normal
T010169,2026-09-30T16:55:31,AC86910239,AC99635023,903.78,NEFT,normal
T010170,2026-09-30T16:56:03,AC96319863,AC99635023,93.63,UPI,normal
T010171,2026-09-30T16:58:02,AC39673100,AC29190316,195.65,UPI,normal
T010172,2026-09-30T16:59:04,AC46230636,AC69340085,536.75,NEFT,normal
T010173,2026-09-30T17:08:28,AC86626738,AC66542771,4226.21,UPI,normal
T010174,2026-09-30T17:15:31,AC48578460,AC19814103,1181.58,UPI,normal
T010175,2026-09-30T17:23:25,AC89070818,AC99635023,363.32,UPI,normal
T010176,2026-09-30T17:29:17,AC66455770,AC86665755,1911.00,NEFT,normal
T010177,2026-09-30T17:29:35,AC43857462,AC19736972,160.14,UPI,normal
T010178,2026-09-30T17:31:10,AC84714297,AC55515398,488.72,UPI,normal
T010179,2026-09-30T17:34:46,AC37910936,AC40026139,1598.32,UPI,normal
T010180,2026-09-30T17:37:39,AC21527244,AC63453132,341.00,IMPS,normal
T010181,2026-09-30T17:39:23,AC54629703,AC84363365,554.89,UPI,normal
T010182,2026-09-30T17:54:46,AC66230047,AC99635023,848.20,NEFT,normal
T010183,2026-09-30T17:55:03,AC43234300,AC59148289,1324.41,IMPS,normal
T010184,2026-09-30T17:59:45,AC12871813,AC39472579,529.34,IMPS,normal
T010185,2026-09-30T18:01:41,AC32420002,AC39472579,1459.50,UPI,normal
T010186,2026-09-30T18:02:33,AC53752583,AC59117315,26.96,UPI,normal
T010187,2026-09-30T18:04:32,AC17999533,AC98618129,899.15,UPI,normal
T010188,2026-09-30T18:05:48,AC74780629,AC29190316,163.88,UPI,normal
T010189,2026-09-30T18:09:06,AC47840101,AC26421523,760.15,UPI,normal
T010190,2026-09-30T18:10:21,AC88061052,AC55362865,832.65,UPI,normal
T010191,2026-09-30T18:17:46,AC47290936,AC79203339,93.77,UPI,normal
T010192,2026-09-30T18:18:44,AC94212661,AC19814103,731.56,NEFT,normal
T010193,2026-09-30T18:19:55,AC63404922,AC99635023,1037.16,UPI,normal
T010194,2026-09-30T18:31:03,AC50008920,AC22374072,322.19,IMPS,normal
T010195,2026-09-30T18:33:15,AC55909953,AC84363365,501.69,UPI,normal
T010196,2026-09-30T18:35:48,AC57740731,AC59148289,266.39,NEFT,normal
T010197,2026-09-30T18:38:54,AC81366283,AC42297987,750.85,UPI,normal
T010198,2026-09-30T18:39:15,AC17626596,AC63453132,2409.84,UPI,normal
T010199,2026-09-30T18:40:35,AC98027796,AC28422000,1027.60,UPI,normal
T010200,2026-09-30T18:43:15,AC23896513,AC99635023,248.35,UPI,normal
T010201,2026-09-30T18:43:39,AC27359750,AC63746500,4500.00,UPI,normal
T010202,2026-09-30T18:51:49,AC61780050,AC64198427,715.11,UPI,normal
T010203,2026-09-30T18:53:37,AC94212661,AC52751778,249.04,IMPS,normal
T010204,2026-09-30T18:58:13,AC21643368,AC99855030,733.91,UPI,normal
T010205,2026-09-30T18:59:17,AC20809644,AC67490644,427.99,UPI,normal
T010206,2026-09-30T18:59:22,AC43343251,AC67490644,107.24,UPI,normal
T010207,2026-09-30T19:02:51,AC56171824,AC30729474,950.47,UPI,normal
T010208,2026-09-30T19:05:28,AC47290936,AC29190316,2172.51,IMPS,normal
T010209,2026-09-30T19:16:35,AC10256129,AC31671607,972.52,IMPS,normal
T010210,2026-09-30T19:17:17,AC10527808,AC99635023,598.91,NEFT,normal
T010211,2026-09-30T19:19:06,AC18354761,AC43971558,804.59,NEFT,normal
T010212,2026-09-30T19:38:30,AC45951526,AC57864027,1410.98,UPI,normal
T010213,2026-09-30T19:39:06,AC57709585,AC79203339,628.52,UPI,normal
T010214,2026-09-30T19:43:01,AC35583179,AC42297987,327.00,UPI,normal
T010215,2026-09-30T19:45:30,AC44785794,AC99635023,1642.43,IMPS,normal
T010216,2026-09-30T19:50:57,AC18302983,AC55362865,901.53,UPI,normal
T010217,2026-09-30T19:52:47,AC47167180,AC26421523,460.25,IMPS,normal
T010218,2026-09-30T20:05:06,AC40432459,AC38546741,1326.95,UPI,normal
T010219,2026-09-30T20:06:36,AC23711300,AC99855030,2481.11,UPI,normal
T010220,2026-09-30T20:10:41,AC32555071,AC29190316,1626.56,NEFT,normal
T010221,2026-09-30T20:10:47,AC11619076,AC52751778,1338.21,NEFT,normal
T010222,2026-09-30T20:11:07,AC90836544,AC42297987,241.25,UPI,normal
T010223,2026-09-30T20:17:57,AC66119495,AC26421523,2796.04,UPI,normal
T010224,2026-09-30T20:25:14,AC38019720,AC28422000,1211.32,UPI,normal
T010225,2026-09-30T20:32:52,AC91733095,AC40026139,193.18,UPI,normal
T010226,2026-09-30T20:41:00,AC12510524,AC63453132,1732.44,UPI,normal
T010227,2026-09-30T20:43:02,AC23715389,AC53464097,2731.00,UPI,normal
T010228,2026-09-30T20:44:44,AC48870700,AC19736972,2117.52,IMPS,normal
T010229,2026-09-30T20:51:16,AC35676674,AC99635023,913.15,UPI,normal
T010230,2026-09-30T20:55:15,AC50008920,AC40026139,484.34,NEFT,normal
T010231,2026-09-30T20:56:29,AC62992312,AC99635023,649.53,IMPS,normal
T010232,2026-09-30T21:02:45,AC58940600,AC39472579,672.57,UPI,normal
T010233,2026-09-30T21:05:20,AC47840101,AC55362865,1812.47,UPI,normal
T010234,2026-09-30T21:14:17,AC93082061,AC40026139,521.54,UPI,normal
T010235,2026-09-30T21:16:51,AC16480894,AC28422000,1532.53,IMPS,normal
T010236,2026-09-30T21:20:18,AC95132904,AC55515398,737.23,UPI,normal
T010237,2026-09-30T21:21:40,AC61061966,AC59117315,1453.98,IMPS,normal
T010238,2026-09-30T21:23:26,AC43857462,AC81232885,1275.00,IMPS,normal
T010239,2026-09-30T21:26:34,AC28689916,AC22633303,370.95,IMPS,normal
T010240,2026-09-30T21:27:09,AC88592782,AC99635023,865.20,UPI,normal
T010241,2026-09-30T21:28:31,AC89297484,AC39472579,427.54,NEFT,normal
T010242,2026-09-30T21:45:21,AC80881649,AC59148289,114.43,UPI,normal
T010243,2026-09-30T21:59:08,AC21535642,AC26421523,852.53,UPI,normal
T010244,2026-09-30T22:02:05,AC59982352,AC98618129,336.78,UPI,normal
T010245,2026-09-30T22:04:53,AC16655764,AC98618129,1565.39,UPI,normal
T010246,2026-09-30T22:10:10,AC72458740,AC50638453,390.58,IMPS,normal
T010247,2026-09-30T22:11:49,AC35676674,AC36272404,232.90,NEFT,normal
T010248,2026-09-30T22:12:07,AC16655764,AC39472579,188.09,UPI,normal
T010249,2026-09-30T22:17:53,AC15032582,AC59148289,848.00,UPI,normal
T010250,2026-09-30T22:22:30,AC89070818,AC42297987,258.83,IMPS,normal
T010251,2026-09-30T22:24:14,AC28377915,AC59148289,514.40,NEFT,normal
T010252,2026-09-30T22:26:06,AC72164355,AC31671607,1725.82,UPI,normal
T010253,2026-09-30T22:27:01,AC96856164,AC48197765,4511.00,IMPS,normal
T010254,2026-09-30T22:27:11,AC92418944,AC29190316,1698.16,UPI,normal
T010255,2026-09-30T22:38:54,AC27580355,AC39472579,3050.92,UPI,normal
T010256,2026-09-30T22:42:13,AC88295746,AC42297987,889.27,UPI,normal
T010257,2026-09-30T22:46:21,AC23896513,AC67917877,648.28,UPI,normal
T010258,2026-09-30T22:58:17,AC24241764,AC99855030,993.77,NEFT,normal
T010259,2026-09-30T22:59:48,AC57030900,AC63453132,437.17,UPI,normal
